Market_Rate,Friction,Rate_Velocity,CPR_US,CPR_Danish
0.02,0.05,-0.01,0.3344,0.03161000000000003
0.025,0.05,-0.01,0.2338,0.03180499999999997
0.030000000000000002,0.05,-0.01,0.1613,0.03200000000000003
0.035,0.05,-0.01,0.1051,0.032194999999999974
0.04000000000000001,0.05,-0.01,0.071,0.03239000000000003
0.045000000000000005,0.05,-0.01,0.0482,0.032584999999999975
0.05,0.05,-0.01,0.0408,0.03278000000000003
0.05500000000000001,0.05,-0.01,0.0395,0.03297499999999998
0.06000000000000001,0.05,-0.01,0.0394,0.03317000000000003
0.065,0.05,-0.01,0.0394,0.03336499999999998
0.07,0.05,-0.01,0.0394,0.033560000000000034
0.07500000000000001,0.05,-0.01,0.0394,0.03375499999999998
0.08000000000000002,0.05,-0.01,0.0394,0.033950000000000036
0.02,0.05,-0.005,0.3344,0.03161000000000003
0.025,0.05,-0.005,0.2338,0.03180499999999997
0.030000000000000002,0.05,-0.005,0.1613,0.03200000000000003
0.035,0.05,-0.005,0.1051,0.032194999999999974
0.04000000000000001,0.05,-0.005,0.071,0.03239000000000003
0.045000000000000005,0.05,-0.005,0.0482,0.032584999999999975
0.05,0.05,-0.005,0.0408,0.03278000000000003
0.05500000000000001,0.05,-0.005,0.0395,0.03297499999999998
0.06000000000000001,0.05,-0.005,0.0394,0.03317000000000003
0.065,0.05,-0.005,0.0394,0.03336499999999998
0.07,0.05,-0.005,0.0394,0.033560000000000034
0.07500000000000001,0.05,-0.005,0.0394,0.03375499999999998
0.08000000000000002,0.05,-0.005,0.0394,0.033950000000000036
0.02,0.05,0.0,0.3344,0.03161000000000003
0.025,0.05,0.0,0.2338,0.03180499999999997
0.030000000000000002,0.05,0.0,0.1613,0.03200000000000003
0.035,0.05,0.0,0.1051,0.032194999999999974
0.04000000000000001,0.05,0.0,0.071,0.03239000000000003
0.045000000000000005,0.05,0.0,0.0482,0.032584999999999975
0.05,0.05,0.0,0.0408,0.03278000000000003
0.05500000000000001,0.05,0.0,0.0395,0.03297499999999998
0.06000000000000001,0.05,0.0,0.0394,0.03317000000000003
0.065,0.05,0.0,0.0394,0.03336499999999998
0.07,0.05,0.0,0.0394,0.033560000000000034
0.07500000000000001,0.05,0.0,0.0394,0.03375499999999998
0.08000000000000002,0.05,0.0,0.0394,0.033950000000000036
0.02,0.05,0.005,0.3344,0.03161000000000003
0.025,0.05,0.005,0.2338,0.03180499999999997
0.030000000000000002,0.05,0.005,0.1613,0.03200000000000003
0.035,0.05,0.005,0.1051,0.032194999999999974
0.04000000000000001,0.05,0.005,0.071,0.03239000000000003
0.045000000000000005,0.05,0.005,0.0482,0.032584999999999975
0.05,0.05,0.005,0.0408,0.03278000000000003
0.05500000000000001,0.05,0.005,0.0395,0.03297499999999998
0.06000000000000001,0.05,0.005,0.0394,0.03317000000000003
0.065,0.05,0.005,0.0394,0.03336499999999998
0.07,0.05,0.005,0.0394,0.033560000000000034
0.07500000000000001,0.05,0.005,0.0394,0.03375499999999998
0.08000000000000002,0.05,0.005,0.0394,0.033950000000000036
0.02,0.05,0.01,0.3344,0.03161000000000003
0.025,0.05,0.01,0.2338,0.03180499999999997
0.030000000000000002,0.05,0.01,0.1613,0.03200000000000003
0.035,0.05,0.01,0.1051,0.032194999999999974
0.04000000000000001,0.05,0.01,0.071,0.03239000000000003
0.045000000000000005,0.05,0.01,0.0482,0.032584999999999975
0.05,0.05,0.01,0.0408,0.03278000000000003
0.05500000000000001,0.05,0.01,0.0395,0.03297499999999998
0.06000000000000001,0.05,0.01,0.0394,0.03317000000000003
0.065,0.05,0.01,0.0394,0.03336499999999998
0.07,0.05,0.01,0.0394,0.033560000000000034
0.07500000000000001,0.05,0.01,0.0394,0.03375499999999998
0.08000000000000002,0.05,0.01,0.0394,0.033950000000000036
0.02,0.05,0.015,0.3344,0.03161000000000003
0.025,0.05,0.015,0.2338,0.03180499999999997
0.030000000000000002,0.05,0.015,0.1613,0.03200000000000003
0.035,0.05,0.015,0.1051,0.032194999999999974
0.04000000000000001,0.05,0.015,0.071,0.03239000000000003
0.045000000000000005,0.05,0.015,0.0482,0.032584999999999975
0.05,0.05,0.015,0.0408,0.03278000000000003
0.05500000000000001,0.05,0.015,0.0395,0.03297499999999998
0.06000000000000001,0.05,0.015,0.0394,0.03317000000000003
0.065,0.05,0.015,0.0394,0.03336499999999998
0.07,0.05,0.015,0.0394,0.033560000000000034
0.07500000000000001,0.05,0.015,0.0394,0.03375499999999998
0.08000000000000002,0.05,0.015,0.0394,0.033950000000000036
0.02,0.05,0.02,0.2728,0.03161000000000003
0.025,0.05,0.02,0.1915,0.03180499999999997
0.030000000000000002,0.05,0.02,0.1356,0.03200000000000003
0.035,0.05,0.02,0.0903,0.032194999999999974
0.04000000000000001,0.05,0.02,0.0632,0.03239000000000003
0.045000000000000005,0.05,0.02,0.0457,0.032584999999999975
0.05,0.05,0.02,0.0405,0.03278000000000003
0.05500000000000001,0.05,0.02,0.0395,0.03297499999999998
0.06000000000000001,0.05,0.02,0.0394,0.03317000000000003
0.065,0.05,0.02,0.0394,0.03336499999999998
0.07,0.05,0.02,0.0394,0.033560000000000034
0.07500000000000001,0.05,0.02,0.0394,0.03375499999999998
0.08000000000000002,0.05,0.02,0.0394,0.033950000000000036
0.02,0.05,0.025,0.2728,0.03161000000000003
0.025,0.05,0.025,0.1915,0.03180499999999997
0.030000000000000002,0.05,0.025,0.1356,0.03200000000000003
0.035,0.05,0.025,0.0903,0.032194999999999974
0.04000000000000001,0.05,0.025,0.0632,0.03239000000000003
0.045000000000000005,0.05,0.025,0.0457,0.032584999999999975
0.05,0.05,0.025,0.0405,0.03278000000000003
0.05500000000000001,0.05,0.025,0.0395,0.03297499999999998
0.06000000000000001,0.05,0.025,0.0394,0.03317000000000003
0.065,0.05,0.025,0.0394,0.03336499999999998
0.07,0.05,0.025,0.0394,0.033560000000000034
0.07500000000000001,0.05,0.025,0.0394,0.03375499999999998
0.08000000000000002,0.05,0.025,0.0394,0.033950000000000036
0.02,0.05,0.03,0.2728,0.03161000000000003
0.025,0.05,0.03,0.1915,0.03180499999999997
0.030000000000000002,0.05,0.03,0.1356,0.03200000000000003
0.035,0.05,0.03,0.0903,0.032194999999999974
0.04000000000000001,0.05,0.03,0.0632,0.03239000000000003
0.045000000000000005,0.05,0.03,0.0457,0.032584999999999975
0.05,0.05,0.03,0.0405,0.03278000000000003
0.05500000000000001,0.05,0.03,0.0395,0.03297499999999998
0.06000000000000001,0.05,0.03,0.0394,0.03317000000000003
0.065,0.05,0.03,0.0394,0.03336499999999998
0.07,0.05,0.03,0.0394,0.033560000000000034
0.07500000000000001,0.05,0.03,0.0394,0.03375499999999998
0.08000000000000002,0.05,0.03,0.0394,0.033950000000000036
0.02,0.05,0.035,0.2728,0.03161000000000003
0.025,0.05,0.035,0.1915,0.03180499999999997
0.030000000000000002,0.05,0.035,0.1356,0.03200000000000003
0.035,0.05,0.035,0.0903,0.032194999999999974
0.04000000000000001,0.05,0.035,0.0632,0.03239000000000003
0.045000000000000005,0.05,0.035,0.0457,0.032584999999999975
0.05,0.05,0.035,0.0405,0.03278000000000003
0.05500000000000001,0.05,0.035,0.0395,0.03297499999999998
0.06000000000000001,0.05,0.035,0.0394,0.03317000000000003
0.065,0.05,0.035,0.0394,0.03336499999999998
0.07,0.05,0.035,0.0394,0.033560000000000034
0.07500000000000001,0.05,0.035,0.0394,0.03375499999999998
0.08000000000000002,0.05,0.035,0.0394,0.033950000000000036
0.02,0.055,-0.01,0.2876,0.03161000000000003
0.025,0.055,-0.01,0.2016,0.03180499999999997
0.030000000000000002,0.055,-0.01,0.137,0.03200000000000003
0.035,0.055,-0.01,0.0923,0.032194999999999974
0.04000000000000001,0.055,-0.01,0.061,0.03239000000000003
0.045000000000000005,0.055,-0.01,0.0449,0.032584999999999975
0.05,0.055,-0.01,0.0404,0.03278000000000003
0.05500000000000001,0.055,-0.01,0.0394,0.03297499999999998
0.06000000000000001,0.055,-0.01,0.0394,0.03317000000000003
0.065,0.055,-0.01,0.0394,0.03336499999999998
0.07,0.055,-0.01,0.0394,0.033560000000000034
0.07500000000000001,0.055,-0.01,0.0394,0.03375499999999998
0.08000000000000002,0.055,-0.01,0.0394,0.033950000000000036
0.02,0.055,-0.005,0.2876,0.03161000000000003
0.025,0.055,-0.005,0.2016,0.03180499999999997
0.030000000000000002,0.055,-0.005,0.137,0.03200000000000003
0.035,0.055,-0.005,0.0923,0.032194999999999974
0.04000000000000001,0.055,-0.005,0.061,0.03239000000000003
0.045000000000000005,0.055,-0.005,0.0449,0.032584999999999975
0.05,0.055,-0.005,0.0404,0.03278000000000003
0.05500000000000001,0.055,-0.005,0.0394,0.03297499999999998
0.06000000000000001,0.055,-0.005,0.0394,0.03317000000000003
0.065,0.055,-0.005,0.0394,0.03336499999999998
0.07,0.055,-0.005,0.0394,0.033560000000000034
0.07500000000000001,0.055,-0.005,0.0394,0.03375499999999998
0.08000000000000002,0.055,-0.005,0.0394,0.033950000000000036
0.02,0.055,0.0,0.2876,0.03161000000000003
0.025,0.055,0.0,0.2016,0.03180499999999997
0.030000000000000002,0.055,0.0,0.137,0.03200000000000003
0.035,0.055,0.0,0.0923,0.032194999999999974
0.04000000000000001,0.055,0.0,0.061,0.03239000000000003
0.045000000000000005,0.055,0.0,0.0449,0.032584999999999975
0.05,0.055,0.0,0.0404,0.03278000000000003
0.05500000000000001,0.055,0.0,0.0394,0.03297499999999998
0.06000000000000001,0.055,0.0,0.0394,0.03317000000000003
0.065,0.055,0.0,0.0394,0.03336499999999998
0.07,0.055,0.0,0.0394,0.033560000000000034
0.07500000000000001,0.055,0.0,0.0394,0.03375499999999998
0.08000000000000002,0.055,0.0,0.0394,0.033950000000000036
0.02,0.055,0.005,0.2876,0.03161000000000003
0.025,0.055,0.005,0.2016,0.03180499999999997
0.030000000000000002,0.055,0.005,0.137,0.03200000000000003
0.035,0.055,0.005,0.0923,0.032194999999999974
0.04000000000000001,0.055,0.005,0.061,0.03239000000000003
0.045000000000000005,0.055,0.005,0.0449,0.032584999999999975
0.05,0.055,0.005,0.0404,0.03278000000000003
0.05500000000000001,0.055,0.005,0.0394,0.03297499999999998
0.06000000000000001,0.055,0.005,0.0394,0.03317000000000003
0.065,0.055,0.005,0.0394,0.03336499999999998
0.07,0.055,0.005,0.0394,0.033560000000000034
0.07500000000000001,0.055,0.005,0.0394,0.03375499999999998
0.08000000000000002,0.055,0.005,0.0394,0.033950000000000036
0.02,0.055,0.01,0.2876,0.03161000000000003
0.025,0.055,0.01,0.2016,0.03180499999999997
0.030000000000000002,0.055,0.01,0.137,0.03200000000000003
0.035,0.055,0.01,0.0923,0.032194999999999974
0.04000000000000001,0.055,0.01,0.061,0.03239000000000003
0.045000000000000005,0.055,0.01,0.0449,0.032584999999999975
0.05,0.055,0.01,0.0404,0.03278000000000003
0.05500000000000001,0.055,0.01,0.0394,0.03297499999999998
0.06000000000000001,0.055,0.01,0.0394,0.03317000000000003
0.065,0.055,0.01,0.0394,0.03336499999999998
0.07,0.055,0.01,0.0394,0.033560000000000034
0.07500000000000001,0.055,0.01,0.0394,0.03375499999999998
0.08000000000000002,0.055,0.01,0.0394,0.033950000000000036
0.02,0.055,0.015,0.2876,0.03161000000000003
0.025,0.055,0.015,0.2016,0.03180499999999997
0.030000000000000002,0.055,0.015,0.137,0.03200000000000003
0.035,0.055,0.015,0.0923,0.032194999999999974
0.04000000000000001,0.055,0.015,0.061,0.03239000000000003
0.045000000000000005,0.055,0.015,0.0449,0.032584999999999975
0.05,0.055,0.015,0.0404,0.03278000000000003
0.05500000000000001,0.055,0.015,0.0394,0.03297499999999998
0.06000000000000001,0.055,0.015,0.0394,0.03317000000000003
0.065,0.055,0.015,0.0394,0.03336499999999998
0.07,0.055,0.015,0.0394,0.033560000000000034
0.07500000000000001,0.055,0.015,0.0394,0.03375499999999998
0.08000000000000002,0.055,0.015,0.0394,0.033950000000000036
0.02,0.055,0.02,0.2343,0.03161000000000003
0.025,0.055,0.02,0.1674,0.03180499999999997
0.030000000000000002,0.055,0.02,0.116,0.03200000000000003
0.035,0.055,0.02,0.0801,0.032194999999999974
0.04000000000000001,0.055,0.02,0.0558,0.03239000000000003
0.045000000000000005,0.055,0.02,0.0433,0.032584999999999975
0.05,0.055,0.02,0.0401,0.03278000000000003
0.05500000000000001,0.055,0.02,0.0394,0.03297499999999998
0.06000000000000001,0.055,0.02,0.0394,0.03317000000000003
0.065,0.055,0.02,0.0394,0.03336499999999998
0.07,0.055,0.02,0.0394,0.033560000000000034
0.07500000000000001,0.055,0.02,0.0394,0.03375499999999998
0.08000000000000002,0.055,0.02,0.0394,0.033950000000000036
0.02,0.055,0.025,0.2343,0.03161000000000003
0.025,0.055,0.025,0.1674,0.03180499999999997
0.030000000000000002,0.055,0.025,0.116,0.03200000000000003
0.035,0.055,0.025,0.0801,0.032194999999999974
0.04000000000000001,0.055,0.025,0.0558,0.03239000000000003
0.045000000000000005,0.055,0.025,0.0433,0.032584999999999975
0.05,0.055,0.025,0.0401,0.03278000000000003
0.05500000000000001,0.055,0.025,0.0394,0.03297499999999998
0.06000000000000001,0.055,0.025,0.0394,0.03317000000000003
0.065,0.055,0.025,0.0394,0.03336499999999998
0.07,0.055,0.025,0.0394,0.033560000000000034
0.07500000000000001,0.055,0.025,0.0394,0.03375499999999998
0.08000000000000002,0.055,0.025,0.0394,0.033950000000000036
0.02,0.055,0.03,0.2343,0.03161000000000003
0.025,0.055,0.03,0.1674,0.03180499999999997
0.030000000000000002,0.055,0.03,0.116,0.03200000000000003
0.035,0.055,0.03,0.0801,0.032194999999999974
0.04000000000000001,0.055,0.03,0.0558,0.03239000000000003
0.045000000000000005,0.055,0.03,0.0433,0.032584999999999975
0.05,0.055,0.03,0.0401,0.03278000000000003
0.05500000000000001,0.055,0.03,0.0394,0.03297499999999998
0.06000000000000001,0.055,0.03,0.0394,0.03317000000000003
0.065,0.055,0.03,0.0394,0.03336499999999998
0.07,0.055,0.03,0.0394,0.033560000000000034
0.07500000000000001,0.055,0.03,0.0394,0.03375499999999998
0.08000000000000002,0.055,0.03,0.0394,0.033950000000000036
0.02,0.055,0.035,0.2343,0.03161000000000003
0.025,0.055,0.035,0.1674,0.03180499999999997
0.030000000000000002,0.055,0.035,0.116,0.03200000000000003
0.035,0.055,0.035,0.0801,0.032194999999999974
0.04000000000000001,0.055,0.035,0.0558,0.03239000000000003
0.045000000000000005,0.055,0.035,0.0433,0.032584999999999975
0.05,0.055,0.035,0.0401,0.03278000000000003
0.05500000000000001,0.055,0.035,0.0394,0.03297499999999998
0.06000000000000001,0.055,0.035,0.0394,0.03317000000000003
0.065,0.055,0.035,0.0394,0.03336499999999998
0.07,0.055,0.035,0.0394,0.033560000000000034
0.07500000000000001,0.055,0.035,0.0394,0.03375499999999998
0.08000000000000002,0.055,0.035,0.0394,0.033950000000000036
0.02,0.06,-0.01,0.2463,0.03161000000000003
0.025,0.06,-0.01,0.1738,0.03180499999999997
0.030000000000000002,0.06,-0.01,0.1166,0.03200000000000003
0.035,0.06,-0.01,0.0781,0.032194999999999974
0.04000000000000001,0.06,-0.01,0.0541,0.03239000000000003
0.045000000000000005,0.06,-0.01,0.0431,0.032584999999999975
0.05,0.06,-0.01,0.0398,0.03278000000000003
0.05500000000000001,0.06,-0.01,0.0394,0.03297499999999998
0.06000000000000001,0.06,-0.01,0.0394,0.03317000000000003
0.065,0.06,-0.01,0.0394,0.03336499999999998
0.07,0.06,-0.01,0.0394,0.033560000000000034
0.07500000000000001,0.06,-0.01,0.0394,0.03375499999999998
0.08000000000000002,0.06,-0.01,0.0394,0.033950000000000036
0.02,0.06,-0.005,0.2463,0.03161000000000003
0.025,0.06,-0.005,0.1738,0.03180499999999997
0.030000000000000002,0.06,-0.005,0.1166,0.03200000000000003
0.035,0.06,-0.005,0.0781,0.032194999999999974
0.04000000000000001,0.06,-0.005,0.0541,0.03239000000000003
0.045000000000000005,0.06,-0.005,0.0431,0.032584999999999975
0.05,0.06,-0.005,0.0398,0.03278000000000003
0.05500000000000001,0.06,-0.005,0.0394,0.03297499999999998
0.06000000000000001,0.06,-0.005,0.0394,0.03317000000000003
0.065,0.06,-0.005,0.0394,0.03336499999999998
0.07,0.06,-0.005,0.0394,0.033560000000000034
0.07500000000000001,0.06,-0.005,0.0394,0.03375499999999998
0.08000000000000002,0.06,-0.005,0.0394,0.033950000000000036
0.02,0.06,0.0,0.2463,0.03161000000000003
0.025,0.06,0.0,0.1738,0.03180499999999997
0.030000000000000002,0.06,0.0,0.1166,0.03200000000000003
0.035,0.06,0.0,0.0781,0.032194999999999974
0.04000000000000001,0.06,0.0,0.0541,0.03239000000000003
0.045000000000000005,0.06,0.0,0.0431,0.032584999999999975
0.05,0.06,0.0,0.0398,0.03278000000000003
0.05500000000000001,0.06,0.0,0.0394,0.03297499999999998
0.06000000000000001,0.06,0.0,0.0394,0.03317000000000003
0.065,0.06,0.0,0.0394,0.03336499999999998
0.07,0.06,0.0,0.0394,0.033560000000000034
0.07500000000000001,0.06,0.0,0.0394,0.03375499999999998
0.08000000000000002,0.06,0.0,0.0394,0.033950000000000036
0.02,0.06,0.005,0.2463,0.03161000000000003
0.025,0.06,0.005,0.1738,0.03180499999999997
0.030000000000000002,0.06,0.005,0.1166,0.03200000000000003
0.035,0.06,0.005,0.0781,0.032194999999999974
0.04000000000000001,0.06,0.005,0.0541,0.03239000000000003
0.045000000000000005,0.06,0.005,0.0431,0.032584999999999975
0.05,0.06,0.005,0.0398,0.03278000000000003
0.05500000000000001,0.06,0.005,0.0394,0.03297499999999998
0.06000000000000001,0.06,0.005,0.0394,0.03317000000000003
0.065,0.06,0.005,0.0394,0.03336499999999998
0.07,0.06,0.005,0.0394,0.033560000000000034
0.07500000000000001,0.06,0.005,0.0394,0.03375499999999998
0.08000000000000002,0.06,0.005,0.0394,0.033950000000000036
0.02,0.06,0.01,0.2463,0.03161000000000003
0.025,0.06,0.01,0.1738,0.03180499999999997
0.030000000000000002,0.06,0.01,0.1166,0.03200000000000003
0.035,0.06,0.01,0.0781,0.032194999999999974
0.04000000000000001,0.06,0.01,0.0541,0.03239000000000003
0.045000000000000005,0.06,0.01,0.0431,0.032584999999999975
0.05,0.06,0.01,0.0398,0.03278000000000003
0.05500000000000001,0.06,0.01,0.0394,0.03297499999999998
0.06000000000000001,0.06,0.01,0.0394,0.03317000000000003
0.065,0.06,0.01,0.0394,0.03336499999999998
0.07,0.06,0.01,0.0394,0.033560000000000034
0.07500000000000001,0.06,0.01,0.0394,0.03375499999999998
0.08000000000000002,0.06,0.01,0.0394,0.033950000000000036
0.02,0.06,0.015,0.2463,0.03161000000000003
0.025,0.06,0.015,0.1738,0.03180499999999997
0.030000000000000002,0.06,0.015,0.1166,0.03200000000000003
0.035,0.06,0.015,0.0781,0.032194999999999974
0.04000000000000001,0.06,0.015,0.0541,0.03239000000000003
0.045000000000000005,0.06,0.015,0.0431,0.032584999999999975
0.05,0.06,0.015,0.0398,0.03278000000000003
0.05500000000000001,0.06,0.015,0.0394,0.03297499999999998
0.06000000000000001,0.06,0.015,0.0394,0.03317000000000003
0.065,0.06,0.015,0.0394,0.03336499999999998
0.07,0.06,0.015,0.0394,0.033560000000000034
0.07500000000000001,0.06,0.015,0.0394,0.03375499999999998
0.08000000000000002,0.06,0.015,0.0394,0.033950000000000036
0.02,0.06,0.02,0.2013,0.03161000000000003
0.025,0.06,0.02,0.1458,0.03180499999999997
0.030000000000000002,0.06,0.02,0.0996,0.03200000000000003
0.035,0.06,0.02,0.0686,0.032194999999999974
0.04000000000000001,0.06,0.02,0.0503,0.03239000000000003
0.045000000000000005,0.06,0.02,0.0418,0.032584999999999975
0.05,0.06,0.02,0.0397,0.03278000000000003
0.05500000000000001,0.06,0.02,0.0394,0.03297499999999998
0.06000000000000001,0.06,0.02,0.0394,0.03317000000000003
0.065,0.06,0.02,0.0394,0.03336499999999998
0.07,0.06,0.02,0.0394,0.033560000000000034
0.07500000000000001,0.06,0.02,0.0394,0.03375499999999998
0.08000000000000002,0.06,0.02,0.0394,0.033950000000000036
0.02,0.06,0.025,0.2013,0.03161000000000003
0.025,0.06,0.025,0.1458,0.03180499999999997
0.030000000000000002,0.06,0.025,0.0996,0.03200000000000003
0.035,0.06,0.025,0.0686,0.032194999999999974
0.04000000000000001,0.06,0.025,0.0503,0.03239000000000003
0.045000000000000005,0.06,0.025,0.0418,0.032584999999999975
0.05,0.06,0.025,0.0397,0.03278000000000003
0.05500000000000001,0.06,0.025,0.0394,0.03297499999999998
0.06000000000000001,0.06,0.025,0.0394,0.03317000000000003
0.065,0.06,0.025,0.0394,0.03336499999999998
0.07,0.06,0.025,0.0394,0.033560000000000034
0.07500000000000001,0.06,0.025,0.0394,0.03375499999999998
0.08000000000000002,0.06,0.025,0.0394,0.033950000000000036
0.02,0.06,0.03,0.2013,0.03161000000000003
0.025,0.06,0.03,0.1458,0.03180499999999997
0.030000000000000002,0.06,0.03,0.0996,0.03200000000000003
0.035,0.06,0.03,0.0686,0.032194999999999974
0.04000000000000001,0.06,0.03,0.0503,0.03239000000000003
0.045000000000000005,0.06,0.03,0.0418,0.032584999999999975
0.05,0.06,0.03,0.0397,0.03278000000000003
0.05500000000000001,0.06,0.03,0.0394,0.03297499999999998
0.06000000000000001,0.06,0.03,0.0394,0.03317000000000003
0.065,0.06,0.03,0.0394,0.03336499999999998
0.07,0.06,0.03,0.0394,0.033560000000000034
0.07500000000000001,0.06,0.03,0.0394,0.03375499999999998
0.08000000000000002,0.06,0.03,0.0394,0.033950000000000036
0.02,0.06,0.035,0.2013,0.03161000000000003
0.025,0.06,0.035,0.1458,0.03180499999999997
0.030000000000000002,0.06,0.035,0.0996,0.03200000000000003
0.035,0.06,0.035,0.0686,0.032194999999999974
0.04000000000000001,0.06,0.035,0.0503,0.03239000000000003
0.045000000000000005,0.06,0.035,0.0418,0.032584999999999975
0.05,0.06,0.035,0.0397,0.03278000000000003
0.05500000000000001,0.06,0.035,0.0394,0.03297499999999998
0.06000000000000001,0.06,0.035,0.0394,0.03317000000000003
0.065,0.06,0.035,0.0394,0.03336499999999998
0.07,0.06,0.035,0.0394,0.033560000000000034
0.07500000000000001,0.06,0.035,0.0394,0.03375499999999998
0.08000000000000002,0.06,0.035,0.0394,0.033950000000000036
0.02,0.065,-0.01,0.213,0.03161000000000003
0.025,0.065,-0.01,0.1486,0.03180499999999997
0.030000000000000002,0.065,-0.01,0.0982,0.03200000000000003
0.035,0.065,-0.01,0.0673,0.032194999999999974
0.04000000000000001,0.065,-0.01,0.0482,0.03239000000000003
0.045000000000000005,0.065,-0.01,0.0412,0.032584999999999975
0.05,0.065,-0.01,0.0397,0.03278000000000003
0.05500000000000001,0.065,-0.01,0.0394,0.03297499999999998
0.06000000000000001,0.065,-0.01,0.0394,0.03317000000000003
0.065,0.065,-0.01,0.0394,0.03336499999999998
0.07,0.065,-0.01,0.0394,0.033560000000000034
0.07500000000000001,0.065,-0.01,0.0394,0.03375499999999998
0.08000000000000002,0.065,-0.01,0.0394,0.033950000000000036
0.02,0.065,-0.005,0.213,0.03161000000000003
0.025,0.065,-0.005,0.1486,0.03180499999999997
0.030000000000000002,0.065,-0.005,0.0982,0.03200000000000003
0.035,0.065,-0.005,0.0673,0.032194999999999974
0.04000000000000001,0.065,-0.005,0.0482,0.03239000000000003
0.045000000000000005,0.065,-0.005,0.0412,0.032584999999999975
0.05,0.065,-0.005,0.0397,0.03278000000000003
0.05500000000000001,0.065,-0.005,0.0394,0.03297499999999998
0.06000000000000001,0.065,-0.005,0.0394,0.03317000000000003
0.065,0.065,-0.005,0.0394,0.03336499999999998
0.07,0.065,-0.005,0.0394,0.033560000000000034
0.07500000000000001,0.065,-0.005,0.0394,0.03375499999999998
0.08000000000000002,0.065,-0.005,0.0394,0.033950000000000036
0.02,0.065,0.0,0.213,0.03161000000000003
0.025,0.065,0.0,0.1486,0.03180499999999997
0.030000000000000002,0.065,0.0,0.0982,0.03200000000000003
0.035,0.065,0.0,0.0673,0.032194999999999974
0.04000000000000001,0.065,0.0,0.0482,0.03239000000000003
0.045000000000000005,0.065,0.0,0.0412,0.032584999999999975
0.05,0.065,0.0,0.0397,0.03278000000000003
0.05500000000000001,0.065,0.0,0.0394,0.03297499999999998
0.06000000000000001,0.065,0.0,0.0394,0.03317000000000003
0.065,0.065,0.0,0.0394,0.03336499999999998
0.07,0.065,0.0,0.0394,0.033560000000000034
0.07500000000000001,0.065,0.0,0.0394,0.03375499999999998
0.08000000000000002,0.065,0.0,0.0394,0.033950000000000036
0.02,0.065,0.005,0.213,0.03161000000000003
0.025,0.065,0.005,0.1486,0.03180499999999997
0.030000000000000002,0.065,0.005,0.0982,0.03200000000000003
0.035,0.065,0.005,0.0673,0.032194999999999974
0.04000000000000001,0.065,0.005,0.0482,0.03239000000000003
0.045000000000000005,0.065,0.005,0.0412,0.032584999999999975
0.05,0.065,0.005,0.0397,0.03278000000000003
0.05500000000000001,0.065,0.005,0.0394,0.03297499999999998
0.06000000000000001,0.065,0.005,0.0394,0.03317000000000003
0.065,0.065,0.005,0.0394,0.03336499999999998
0.07,0.065,0.005,0.0394,0.033560000000000034
0.07500000000000001,0.065,0.005,0.0394,0.03375499999999998
0.08000000000000002,0.065,0.005,0.0394,0.033950000000000036
0.02,0.065,0.01,0.213,0.03161000000000003
0.025,0.065,0.01,0.1486,0.03180499999999997
0.030000000000000002,0.065,0.01,0.0982,0.03200000000000003
0.035,0.065,0.01,0.0673,0.032194999999999974
0.04000000000000001,0.065,0.01,0.0482,0.03239000000000003
0.045000000000000005,0.065,0.01,0.0412,0.032584999999999975
0.05,0.065,0.01,0.0397,0.03278000000000003
0.05500000000000001,0.065,0.01,0.0394,0.03297499999999998
0.06000000000000001,0.065,0.01,0.0394,0.03317000000000003
0.065,0.065,0.01,0.0394,0.03336499999999998
0.07,0.065,0.01,0.0394,0.033560000000000034
0.07500000000000001,0.065,0.01,0.0394,0.03375499999999998
0.08000000000000002,0.065,0.01,0.0394,0.033950000000000036
0.02,0.065,0.015,0.213,0.03161000000000003
0.025,0.065,0.015,0.1486,0.03180499999999997
0.030000000000000002,0.065,0.015,0.0982,0.03200000000000003
0.035,0.065,0.015,0.0673,0.032194999999999974
0.04000000000000001,0.065,0.015,0.0482,0.03239000000000003
0.045000000000000005,0.065,0.015,0.0412,0.032584999999999975
0.05,0.065,0.015,0.0397,0.03278000000000003
0.05500000000000001,0.065,0.015,0.0394,0.03297499999999998
0.06000000000000001,0.065,0.015,0.0394,0.03317000000000003
0.065,0.065,0.015,0.0394,0.03336499999999998
0.07,0.065,0.015,0.0394,0.033560000000000034
0.07500000000000001,0.065,0.015,0.0394,0.03375499999999998
0.08000000000000002,0.065,0.015,0.0394,0.033950000000000036
0.02,0.065,0.02,0.1757,0.03161000000000003
0.025,0.065,0.02,0.1255,0.03180499999999997
0.030000000000000002,0.065,0.02,0.085,0.03200000000000003
0.035,0.065,0.02,0.0608,0.032194999999999974
0.04000000000000001,0.065,0.02,0.0456,0.03239000000000003
0.045000000000000005,0.065,0.02,0.0406,0.032584999999999975
0.05,0.065,0.02,0.0396,0.03278000000000003
0.05500000000000001,0.065,0.02,0.0394,0.03297499999999998
0.06000000000000001,0.065,0.02,0.0394,0.03317000000000003
0.065,0.065,0.02,0.0394,0.03336499999999998
0.07,0.065,0.02,0.0394,0.033560000000000034
0.07500000000000001,0.065,0.02,0.0394,0.03375499999999998
0.08000000000000002,0.065,0.02,0.0394,0.033950000000000036
0.02,0.065,0.025,0.1757,0.03161000000000003
0.025,0.065,0.025,0.1255,0.03180499999999997
0.030000000000000002,0.065,0.025,0.085,0.03200000000000003
0.035,0.065,0.025,0.0608,0.032194999999999974
0.04000000000000001,0.065,0.025,0.0456,0.03239000000000003
0.045000000000000005,0.065,0.025,0.0406,0.032584999999999975
0.05,0.065,0.025,0.0396,0.03278000000000003
0.05500000000000001,0.065,0.025,0.0394,0.03297499999999998
0.06000000000000001,0.065,0.025,0.0394,0.03317000000000003
0.065,0.065,0.025,0.0394,0.03336499999999998
0.07,0.065,0.025,0.0394,0.033560000000000034
0.07500000000000001,0.065,0.025,0.0394,0.03375499999999998
0.08000000000000002,0.065,0.025,0.0394,0.033950000000000036
0.02,0.065,0.03,0.1757,0.03161000000000003
0.025,0.065,0.03,0.1255,0.03180499999999997
0.030000000000000002,0.065,0.03,0.085,0.03200000000000003
0.035,0.065,0.03,0.0608,0.032194999999999974
0.04000000000000001,0.065,0.03,0.0456,0.03239000000000003
0.045000000000000005,0.065,0.03,0.0406,0.032584999999999975
0.05,0.065,0.03,0.0396,0.03278000000000003
0.05500000000000001,0.065,0.03,0.0394,0.03297499999999998
0.06000000000000001,0.065,0.03,0.0394,0.03317000000000003
0.065,0.065,0.03,0.0394,0.03336499999999998
0.07,0.065,0.03,0.0394,0.033560000000000034
0.07500000000000001,0.065,0.03,0.0394,0.03375499999999998
0.08000000000000002,0.065,0.03,0.0394,0.033950000000000036
0.02,0.065,0.035,0.1757,0.03161000000000003
0.025,0.065,0.035,0.1255,0.03180499999999997
0.030000000000000002,0.065,0.035,0.085,0.03200000000000003
0.035,0.065,0.035,0.0608,0.032194999999999974
0.04000000000000001,0.065,0.035,0.0456,0.03239000000000003
0.045000000000000005,0.065,0.035,0.0406,0.032584999999999975
0.05,0.065,0.035,0.0396,0.03278000000000003
0.05500000000000001,0.065,0.035,0.0394,0.03297499999999998
0.06000000000000001,0.065,0.035,0.0394,0.03317000000000003
0.065,0.065,0.035,0.0394,0.03336499999999998
0.07,0.065,0.035,0.0394,0.033560000000000034
0.07500000000000001,0.065,0.035,0.0394,0.03375499999999998
0.08000000000000002,0.065,0.035,0.0394,0.033950000000000036
0.02,0.06999999999999999,-0.01,0.1833,0.03161000000000003
0.025,0.06999999999999999,-0.01,0.126,0.03180499999999997
0.030000000000000002,0.06999999999999999,-0.01,0.0862,0.03200000000000003
0.035,0.06999999999999999,-0.01,0.0583,0.032194999999999974
0.04000000000000001,0.06999999999999999,-0.01,0.0451,0.03239000000000003
0.045000000000000005,0.06999999999999999,-0.01,0.0405,0.032584999999999975
0.05,0.06999999999999999,-0.01,0.0394,0.03278000000000003
0.05500000000000001,0.06999999999999999,-0.01,0.0394,0.03297499999999998
0.06000000000000001,0.06999999999999999,-0.01,0.0394,0.03317000000000003
0.065,0.06999999999999999,-0.01,0.0394,0.03336499999999998
0.07,0.06999999999999999,-0.01,0.0394,0.033560000000000034
0.07500000000000001,0.06999999999999999,-0.01,0.0394,0.03375499999999998
0.08000000000000002,0.06999999999999999,-0.01,0.0394,0.033950000000000036
0.02,0.06999999999999999,-0.005,0.1833,0.03161000000000003
0.025,0.06999999999999999,-0.005,0.126,0.03180499999999997
0.030000000000000002,0.06999999999999999,-0.005,0.0862,0.03200000000000003
0.035,0.06999999999999999,-0.005,0.0583,0.032194999999999974
0.04000000000000001,0.06999999999999999,-0.005,0.0451,0.03239000000000003
0.045000000000000005,0.06999999999999999,-0.005,0.0405,0.032584999999999975
0.05,0.06999999999999999,-0.005,0.0394,0.03278000000000003
0.05500000000000001,0.06999999999999999,-0.005,0.0394,0.03297499999999998
0.06000000000000001,0.06999999999999999,-0.005,0.0394,0.03317000000000003
0.065,0.06999999999999999,-0.005,0.0394,0.03336499999999998
0.07,0.06999999999999999,-0.005,0.0394,0.033560000000000034
0.07500000000000001,0.06999999999999999,-0.005,0.0394,0.03375499999999998
0.08000000000000002,0.06999999999999999,-0.005,0.0394,0.033950000000000036
0.02,0.06999999999999999,0.0,0.1833,0.03161000000000003
0.025,0.06999999999999999,0.0,0.126,0.03180499999999997
0.030000000000000002,0.06999999999999999,0.0,0.0862,0.03200000000000003
0.035,0.06999999999999999,0.0,0.0583,0.032194999999999974
0.04000000000000001,0.06999999999999999,0.0,0.0451,0.03239000000000003
0.045000000000000005,0.06999999999999999,0.0,0.0405,0.032584999999999975
0.05,0.06999999999999999,0.0,0.0394,0.03278000000000003
0.05500000000000001,0.06999999999999999,0.0,0.0394,0.03297499999999998
0.06000000000000001,0.06999999999999999,0.0,0.0394,0.03317000000000003
0.065,0.06999999999999999,0.0,0.0394,0.03336499999999998
0.07,0.06999999999999999,0.0,0.0394,0.033560000000000034
0.07500000000000001,0.06999999999999999,0.0,0.0394,0.03375499999999998
0.08000000000000002,0.06999999999999999,0.0,0.0394,0.033950000000000036
0.02,0.06999999999999999,0.005,0.1833,0.03161000000000003
0.025,0.06999999999999999,0.005,0.126,0.03180499999999997
0.030000000000000002,0.06999999999999999,0.005,0.0862,0.03200000000000003
0.035,0.06999999999999999,0.005,0.0583,0.032194999999999974
0.04000000000000001,0.06999999999999999,0.005,0.0451,0.03239000000000003
0.045000000000000005,0.06999999999999999,0.005,0.0405,0.032584999999999975
0.05,0.06999999999999999,0.005,0.0394,0.03278000000000003
0.05500000000000001,0.06999999999999999,0.005,0.0394,0.03297499999999998
0.06000000000000001,0.06999999999999999,0.005,0.0394,0.03317000000000003
0.065,0.06999999999999999,0.005,0.0394,0.03336499999999998
0.07,0.06999999999999999,0.005,0.0394,0.033560000000000034
0.07500000000000001,0.06999999999999999,0.005,0.0394,0.03375499999999998
0.08000000000000002,0.06999999999999999,0.005,0.0394,0.033950000000000036
0.02,0.06999999999999999,0.01,0.1833,0.03161000000000003
0.025,0.06999999999999999,0.01,0.126,0.03180499999999997
0.030000000000000002,0.06999999999999999,0.01,0.0862,0.03200000000000003
0.035,0.06999999999999999,0.01,0.0583,0.032194999999999974
0.04000000000000001,0.06999999999999999,0.01,0.0451,0.03239000000000003
0.045000000000000005,0.06999999999999999,0.01,0.0405,0.032584999999999975
0.05,0.06999999999999999,0.01,0.0394,0.03278000000000003
0.05500000000000001,0.06999999999999999,0.01,0.0394,0.03297499999999998
0.06000000000000001,0.06999999999999999,0.01,0.0394,0.03317000000000003
0.065,0.06999999999999999,0.01,0.0394,0.03336499999999998
0.07,0.06999999999999999,0.01,0.0394,0.033560000000000034
0.07500000000000001,0.06999999999999999,0.01,0.0394,0.03375499999999998
0.08000000000000002,0.06999999999999999,0.01,0.0394,0.033950000000000036
0.02,0.06999999999999999,0.015,0.1833,0.03161000000000003
0.025,0.06999999999999999,0.015,0.126,0.03180499999999997
0.030000000000000002,0.06999999999999999,0.015,0.0862,0.03200000000000003
0.035,0.06999999999999999,0.015,0.0583,0.032194999999999974
0.04000000000000001,0.06999999999999999,0.015,0.0451,0.03239000000000003
0.045000000000000005,0.06999999999999999,0.015,0.0405,0.032584999999999975
0.05,0.06999999999999999,0.015,0.0394,0.03278000000000003
0.05500000000000001,0.06999999999999999,0.015,0.0394,0.03297499999999998
0.06000000000000001,0.06999999999999999,0.015,0.0394,0.03317000000000003
0.065,0.06999999999999999,0.015,0.0394,0.03336499999999998
0.07,0.06999999999999999,0.015,0.0394,0.033560000000000034
0.07500000000000001,0.06999999999999999,0.015,0.0394,0.03375499999999998
0.08000000000000002,0.06999999999999999,0.015,0.0394,0.033950000000000036
0.02,0.06999999999999999,0.02,0.1527,0.03161000000000003
0.025,0.06999999999999999,0.02,0.107,0.03180499999999997
0.030000000000000002,0.06999999999999999,0.02,0.0753,0.03200000000000003
0.035,0.06999999999999999,0.02,0.0539,0.032194999999999974
0.04000000000000001,0.06999999999999999,0.02,0.0433,0.03239000000000003
0.045000000000000005,0.06999999999999999,0.02,0.0402,0.032584999999999975
0.05,0.06999999999999999,0.02,0.0394,0.03278000000000003
0.05500000000000001,0.06999999999999999,0.02,0.0394,0.03297499999999998
0.06000000000000001,0.06999999999999999,0.02,0.0394,0.03317000000000003
0.065,0.06999999999999999,0.02,0.0394,0.03336499999999998
0.07,0.06999999999999999,0.02,0.0394,0.033560000000000034
0.07500000000000001,0.06999999999999999,0.02,0.0394,0.03375499999999998
0.08000000000000002,0.06999999999999999,0.02,0.0394,0.033950000000000036
0.02,0.06999999999999999,0.025,0.1527,0.03161000000000003
0.025,0.06999999999999999,0.025,0.107,0.03180499999999997
0.030000000000000002,0.06999999999999999,0.025,0.0753,0.03200000000000003
0.035,0.06999999999999999,0.025,0.0539,0.032194999999999974
0.04000000000000001,0.06999999999999999,0.025,0.0433,0.03239000000000003
0.045000000000000005,0.06999999999999999,0.025,0.0402,0.032584999999999975
0.05,0.06999999999999999,0.025,0.0394,0.03278000000000003
0.05500000000000001,0.06999999999999999,0.025,0.0394,0.03297499999999998
0.06000000000000001,0.06999999999999999,0.025,0.0394,0.03317000000000003
0.065,0.06999999999999999,0.025,0.0394,0.03336499999999998
0.07,0.06999999999999999,0.025,0.0394,0.033560000000000034
0.07500000000000001,0.06999999999999999,0.025,0.0394,0.03375499999999998
0.08000000000000002,0.06999999999999999,0.025,0.0394,0.033950000000000036
0.02,0.06999999999999999,0.03,0.1527,0.03161000000000003
0.025,0.06999999999999999,0.03,0.107,0.03180499999999997
0.030000000000000002,0.06999999999999999,0.03,0.0753,0.03200000000000003
0.035,0.06999999999999999,0.03,0.0539,0.032194999999999974
0.04000000000000001,0.06999999999999999,0.03,0.0433,0.03239000000000003
0.045000000000000005,0.06999999999999999,0.03,0.0402,0.032584999999999975
0.05,0.06999999999999999,0.03,0.0394,0.03278000000000003
0.05500000000000001,0.06999999999999999,0.03,0.0394,0.03297499999999998
0.06000000000000001,0.06999999999999999,0.03,0.0394,0.03317000000000003
0.065,0.06999999999999999,0.03,0.0394,0.03336499999999998
0.07,0.06999999999999999,0.03,0.0394,0.033560000000000034
0.07500000000000001,0.06999999999999999,0.03,0.0394,0.03375499999999998
0.08000000000000002,0.06999999999999999,0.03,0.0394,0.033950000000000036
0.02,0.06999999999999999,0.035,0.1527,0.03161000000000003
0.025,0.06999999999999999,0.035,0.107,0.03180499999999997
0.030000000000000002,0.06999999999999999,0.035,0.0753,0.03200000000000003
0.035,0.06999999999999999,0.035,0.0539,0.032194999999999974
0.04000000000000001,0.06999999999999999,0.035,0.0433,0.03239000000000003
0.045000000000000005,0.06999999999999999,0.035,0.0402,0.032584999999999975
0.05,0.06999999999999999,0.035,0.0394,0.03278000000000003
0.05500000000000001,0.06999999999999999,0.035,0.0394,0.03297499999999998
0.06000000000000001,0.06999999999999999,0.035,0.0394,0.03317000000000003
0.065,0.06999999999999999,0.035,0.0394,0.03336499999999998
0.07,0.06999999999999999,0.035,0.0394,0.033560000000000034
0.07500000000000001,0.06999999999999999,0.035,0.0394,0.03375499999999998
0.08000000000000002,0.06999999999999999,0.035,0.0394,0.033950000000000036
0.02,0.07499999999999998,-0.01,0.1572,0.03161000000000003
0.025,0.07499999999999998,-0.01,0.1063,0.03180499999999997
0.030000000000000002,0.07499999999999998,-0.01,0.073,0.03200000000000003
0.035,0.07499999999999998,-0.01,0.0525,0.032194999999999974
0.04000000000000001,0.07499999999999998,-0.01,0.0425,0.03239000000000003
0.045000000000000005,0.07499999999999998,-0.01,0.0398,0.032584999999999975
0.05,0.07499999999999998,-0.01,0.0394,0.03278000000000003
0.05500000000000001,0.07499999999999998,-0.01,0.0394,0.03297499999999998
0.06000000000000001,0.07499999999999998,-0.01,0.0394,0.03317000000000003
0.065,0.07499999999999998,-0.01,0.0394,0.03336499999999998
0.07,0.07499999999999998,-0.01,0.0394,0.033560000000000034
0.07500000000000001,0.07499999999999998,-0.01,0.0394,0.03375499999999998
0.08000000000000002,0.07499999999999998,-0.01,0.0394,0.033950000000000036
0.02,0.07499999999999998,-0.005,0.1572,0.03161000000000003
0.025,0.07499999999999998,-0.005,0.1063,0.03180499999999997
0.030000000000000002,0.07499999999999998,-0.005,0.073,0.03200000000000003
0.035,0.07499999999999998,-0.005,0.0525,0.032194999999999974
0.04000000000000001,0.07499999999999998,-0.005,0.0425,0.03239000000000003
0.045000000000000005,0.07499999999999998,-0.005,0.0398,0.032584999999999975
0.05,0.07499999999999998,-0.005,0.0394,0.03278000000000003
0.05500000000000001,0.07499999999999998,-0.005,0.0394,0.03297499999999998
0.06000000000000001,0.07499999999999998,-0.005,0.0394,0.03317000000000003
0.065,0.07499999999999998,-0.005,0.0394,0.03336499999999998
0.07,0.07499999999999998,-0.005,0.0394,0.033560000000000034
0.07500000000000001,0.07499999999999998,-0.005,0.0394,0.03375499999999998
0.08000000000000002,0.07499999999999998,-0.005,0.0394,0.033950000000000036
0.02,0.07499999999999998,0.0,0.1572,0.03161000000000003
0.025,0.07499999999999998,0.0,0.1063,0.03180499999999997
0.030000000000000002,0.07499999999999998,0.0,0.073,0.03200000000000003
0.035,0.07499999999999998,0.0,0.0525,0.032194999999999974
0.04000000000000001,0.07499999999999998,0.0,0.0425,0.03239000000000003
0.045000000000000005,0.07499999999999998,0.0,0.0398,0.032584999999999975
0.05,0.07499999999999998,0.0,0.0394,0.03278000000000003
0.05500000000000001,0.07499999999999998,0.0,0.0394,0.03297499999999998
0.06000000000000001,0.07499999999999998,0.0,0.0394,0.03317000000000003
0.065,0.07499999999999998,0.0,0.0394,0.03336499999999998
0.07,0.07499999999999998,0.0,0.0394,0.033560000000000034
0.07500000000000001,0.07499999999999998,0.0,0.0394,0.03375499999999998
0.08000000000000002,0.07499999999999998,0.0,0.0394,0.033950000000000036
0.02,0.07499999999999998,0.005,0.1572,0.03161000000000003
0.025,0.07499999999999998,0.005,0.1063,0.03180499999999997
0.030000000000000002,0.07499999999999998,0.005,0.073,0.03200000000000003
0.035,0.07499999999999998,0.005,0.0525,0.032194999999999974
0.04000000000000001,0.07499999999999998,0.005,0.0425,0.03239000000000003
0.045000000000000005,0.07499999999999998,0.005,0.0398,0.032584999999999975
0.05,0.07499999999999998,0.005,0.0394,0.03278000000000003
0.05500000000000001,0.07499999999999998,0.005,0.0394,0.03297499999999998
0.06000000000000001,0.07499999999999998,0.005,0.0394,0.03317000000000003
0.065,0.07499999999999998,0.005,0.0394,0.03336499999999998
0.07,0.07499999999999998,0.005,0.0394,0.033560000000000034
0.07500000000000001,0.07499999999999998,0.005,0.0394,0.03375499999999998
0.08000000000000002,0.07499999999999998,0.005,0.0394,0.033950000000000036
0.02,0.07499999999999998,0.01,0.1572,0.03161000000000003
0.025,0.07499999999999998,0.01,0.1063,0.03180499999999997
0.030000000000000002,0.07499999999999998,0.01,0.073,0.03200000000000003
0.035,0.07499999999999998,0.01,0.0525,0.032194999999999974
0.04000000000000001,0.07499999999999998,0.01,0.0425,0.03239000000000003
0.045000000000000005,0.07499999999999998,0.01,0.0398,0.032584999999999975
0.05,0.07499999999999998,0.01,0.0394,0.03278000000000003
0.05500000000000001,0.07499999999999998,0.01,0.0394,0.03297499999999998
0.06000000000000001,0.07499999999999998,0.01,0.0394,0.03317000000000003
0.065,0.07499999999999998,0.01,0.0394,0.03336499999999998
0.07,0.07499999999999998,0.01,0.0394,0.033560000000000034
0.07500000000000001,0.07499999999999998,0.01,0.0394,0.03375499999999998
0.08000000000000002,0.07499999999999998,0.01,0.0394,0.033950000000000036
0.02,0.07499999999999998,0.015,0.1572,0.03161000000000003
0.025,0.07499999999999998,0.015,0.1063,0.03180499999999997
0.030000000000000002,0.07499999999999998,0.015,0.073,0.03200000000000003
0.035,0.07499999999999998,0.015,0.0525,0.032194999999999974
0.04000000000000001,0.07499999999999998,0.015,0.0425,0.03239000000000003
0.045000000000000005,0.07499999999999998,0.015,0.0398,0.032584999999999975
0.05,0.07499999999999998,0.015,0.0394,0.03278000000000003
0.05500000000000001,0.07499999999999998,0.015,0.0394,0.03297499999999998
0.06000000000000001,0.07499999999999998,0.015,0.0394,0.03317000000000003
0.065,0.07499999999999998,0.015,0.0394,0.03336499999999998
0.07,0.07499999999999998,0.015,0.0394,0.033560000000000034
0.07500000000000001,0.07499999999999998,0.015,0.0394,0.03375499999999998
0.08000000000000002,0.07499999999999998,0.015,0.0394,0.033950000000000036
0.02,0.07499999999999998,0.02,0.1321,0.03161000000000003
0.025,0.07499999999999998,0.02,0.0919,0.03180499999999997
0.030000000000000002,0.07499999999999998,0.02,0.0653,0.03200000000000003
0.035,0.07499999999999998,0.02,0.049,0.032194999999999974
0.04000000000000001,0.07499999999999998,0.02,0.0412,0.03239000000000003
0.045000000000000005,0.07499999999999998,0.02,0.0397,0.032584999999999975
0.05,0.07499999999999998,0.02,0.0394,0.03278000000000003
0.05500000000000001,0.07499999999999998,0.02,0.0394,0.03297499999999998
0.06000000000000001,0.07499999999999998,0.02,0.0394,0.03317000000000003
0.065,0.07499999999999998,0.02,0.0394,0.03336499999999998
0.07,0.07499999999999998,0.02,0.0394,0.033560000000000034
0.07500000000000001,0.07499999999999998,0.02,0.0394,0.03375499999999998
0.08000000000000002,0.07499999999999998,0.02,0.0394,0.033950000000000036
0.02,0.07499999999999998,0.025,0.1321,0.03161000000000003
0.025,0.07499999999999998,0.025,0.0919,0.03180499999999997
0.030000000000000002,0.07499999999999998,0.025,0.0653,0.03200000000000003
0.035,0.07499999999999998,0.025,0.049,0.032194999999999974
0.04000000000000001,0.07499999999999998,0.025,0.0412,0.03239000000000003
0.045000000000000005,0.07499999999999998,0.025,0.0397,0.032584999999999975
0.05,0.07499999999999998,0.025,0.0394,0.03278000000000003
0.05500000000000001,0.07499999999999998,0.025,0.0394,0.03297499999999998
0.06000000000000001,0.07499999999999998,0.025,0.0394,0.03317000000000003
0.065,0.07499999999999998,0.025,0.0394,0.03336499999999998
0.07,0.07499999999999998,0.025,0.0394,0.033560000000000034
0.07500000000000001,0.07499999999999998,0.025,0.0394,0.03375499999999998
0.08000000000000002,0.07499999999999998,0.025,0.0394,0.033950000000000036
0.02,0.07499999999999998,0.03,0.1321,0.03161000000000003
0.025,0.07499999999999998,0.03,0.0919,0.03180499999999997
0.030000000000000002,0.07499999999999998,0.03,0.0653,0.03200000000000003
0.035,0.07499999999999998,0.03,0.049,0.032194999999999974
0.04000000000000001,0.07499999999999998,0.03,0.0412,0.03239000000000003
0.045000000000000005,0.07499999999999998,0.03,0.0397,0.032584999999999975
0.05,0.07499999999999998,0.03,0.0394,0.03278000000000003
0.05500000000000001,0.07499999999999998,0.03,0.0394,0.03297499999999998
0.06000000000000001,0.07499999999999998,0.03,0.0394,0.03317000000000003
0.065,0.07499999999999998,0.03,0.0394,0.03336499999999998
0.07,0.07499999999999998,0.03,0.0394,0.033560000000000034
0.07500000000000001,0.07499999999999998,0.03,0.0394,0.03375499999999998
0.08000000000000002,0.07499999999999998,0.03,0.0394,0.033950000000000036
0.02,0.07499999999999998,0.035,0.1321,0.03161000000000003
0.025,0.07499999999999998,0.035,0.0919,0.03180499999999997
0.030000000000000002,0.07499999999999998,0.035,0.0653,0.03200000000000003
0.035,0.07499999999999998,0.035,0.049,0.032194999999999974
0.04000000000000001,0.07499999999999998,0.035,0.0412,0.03239000000000003
0.045000000000000005,0.07499999999999998,0.035,0.0397,0.032584999999999975
0.05,0.07499999999999998,0.035,0.0394,0.03278000000000003
0.05500000000000001,0.07499999999999998,0.035,0.0394,0.03297499999999998
0.06000000000000001,0.07499999999999998,0.035,0.0394,0.03317000000000003
0.065,0.07499999999999998,0.035,0.0394,0.03336499999999998
0.07,0.07499999999999998,0.035,0.0394,0.033560000000000034
0.07500000000000001,0.07499999999999998,0.035,0.0394,0.03375499999999998
0.08000000000000002,0.07499999999999998,0.035,0.0394,0.033950000000000036
0.02,0.07999999999999999,-0.01,0.1349,0.03161000000000003
0.025,0.07999999999999999,-0.01,0.0929,0.03180499999999997
0.030000000000000002,0.07999999999999999,-0.01,0.0633,0.03200000000000003
0.035,0.07999999999999999,-0.01,0.047,0.032194999999999974
0.04000000000000001,0.07999999999999999,-0.01,0.0413,0.03239000000000003
0.045000000000000005,0.07999999999999999,-0.01,0.0397,0.032584999999999975
0.05,0.07999999999999999,-0.01,0.0394,0.03278000000000003
0.05500000000000001,0.07999999999999999,-0.01,0.0394,0.03297499999999998
0.06000000000000001,0.07999999999999999,-0.01,0.0394,0.03317000000000003
0.065,0.07999999999999999,-0.01,0.0394,0.03336499999999998
0.07,0.07999999999999999,-0.01,0.0394,0.033560000000000034
0.07500000000000001,0.07999999999999999,-0.01,0.0394,0.03375499999999998
0.08000000000000002,0.07999999999999999,-0.01,0.0394,0.033950000000000036
0.02,0.07999999999999999,-0.005,0.1349,0.03161000000000003
0.025,0.07999999999999999,-0.005,0.0929,0.03180499999999997
0.030000000000000002,0.07999999999999999,-0.005,0.0633,0.03200000000000003
0.035,0.07999999999999999,-0.005,0.047,0.032194999999999974
0.04000000000000001,0.07999999999999999,-0.005,0.0413,0.03239000000000003
0.045000000000000005,0.07999999999999999,-0.005,0.0397,0.032584999999999975
0.05,0.07999999999999999,-0.005,0.0394,0.03278000000000003
0.05500000000000001,0.07999999999999999,-0.005,0.0394,0.03297499999999998
0.06000000000000001,0.07999999999999999,-0.005,0.0394,0.03317000000000003
0.065,0.07999999999999999,-0.005,0.0394,0.03336499999999998
0.07,0.07999999999999999,-0.005,0.0394,0.033560000000000034
0.07500000000000001,0.07999999999999999,-0.005,0.0394,0.03375499999999998
0.08000000000000002,0.07999999999999999,-0.005,0.0394,0.033950000000000036
0.02,0.07999999999999999,0.0,0.1349,0.03161000000000003
0.025,0.07999999999999999,0.0,0.0929,0.03180499999999997
0.030000000000000002,0.07999999999999999,0.0,0.0633,0.03200000000000003
0.035,0.07999999999999999,0.0,0.047,0.032194999999999974
0.04000000000000001,0.07999999999999999,0.0,0.0413,0.03239000000000003
0.045000000000000005,0.07999999999999999,0.0,0.0397,0.032584999999999975
0.05,0.07999999999999999,0.0,0.0394,0.03278000000000003
0.05500000000000001,0.07999999999999999,0.0,0.0394,0.03297499999999998
0.06000000000000001,0.07999999999999999,0.0,0.0394,0.03317000000000003
0.065,0.07999999999999999,0.0,0.0394,0.03336499999999998
0.07,0.07999999999999999,0.0,0.0394,0.033560000000000034
0.07500000000000001,0.07999999999999999,0.0,0.0394,0.03375499999999998
0.08000000000000002,0.07999999999999999,0.0,0.0394,0.033950000000000036
0.02,0.07999999999999999,0.005,0.1349,0.03161000000000003
0.025,0.07999999999999999,0.005,0.0929,0.03180499999999997
0.030000000000000002,0.07999999999999999,0.005,0.0633,0.03200000000000003
0.035,0.07999999999999999,0.005,0.047,0.032194999999999974
0.04000000000000001,0.07999999999999999,0.005,0.0413,0.03239000000000003
0.045000000000000005,0.07999999999999999,0.005,0.0397,0.032584999999999975
0.05,0.07999999999999999,0.005,0.0394,0.03278000000000003
0.05500000000000001,0.07999999999999999,0.005,0.0394,0.03297499999999998
0.06000000000000001,0.07999999999999999,0.005,0.0394,0.03317000000000003
0.065,0.07999999999999999,0.005,0.0394,0.03336499999999998
0.07,0.07999999999999999,0.005,0.0394,0.033560000000000034
0.07500000000000001,0.07999999999999999,0.005,0.0394,0.03375499999999998
0.08000000000000002,0.07999999999999999,0.005,0.0394,0.033950000000000036
0.02,0.07999999999999999,0.01,0.1349,0.03161000000000003
0.025,0.07999999999999999,0.01,0.0929,0.03180499999999997
0.030000000000000002,0.07999999999999999,0.01,0.0633,0.03200000000000003
0.035,0.07999999999999999,0.01,0.047,0.032194999999999974
0.04000000000000001,0.07999999999999999,0.01,0.0413,0.03239000000000003
0.045000000000000005,0.07999999999999999,0.01,0.0397,0.032584999999999975
0.05,0.07999999999999999,0.01,0.0394,0.03278000000000003
0.05500000000000001,0.07999999999999999,0.01,0.0394,0.03297499999999998
0.06000000000000001,0.07999999999999999,0.01,0.0394,0.03317000000000003
0.065,0.07999999999999999,0.01,0.0394,0.03336499999999998
0.07,0.07999999999999999,0.01,0.0394,0.033560000000000034
0.07500000000000001,0.07999999999999999,0.01,0.0394,0.03375499999999998
0.08000000000000002,0.07999999999999999,0.01,0.0394,0.033950000000000036
0.02,0.07999999999999999,0.015,0.1349,0.03161000000000003
0.025,0.07999999999999999,0.015,0.0929,0.03180499999999997
0.030000000000000002,0.07999999999999999,0.015,0.0633,0.03200000000000003
0.035,0.07999999999999999,0.015,0.047,0.032194999999999974
0.04000000000000001,0.07999999999999999,0.015,0.0413,0.03239000000000003
0.045000000000000005,0.07999999999999999,0.015,0.0397,0.032584999999999975
0.05,0.07999999999999999,0.015,0.0394,0.03278000000000003
0.05500000000000001,0.07999999999999999,0.015,0.0394,0.03297499999999998
0.06000000000000001,0.07999999999999999,0.015,0.0394,0.03317000000000003
0.065,0.07999999999999999,0.015,0.0394,0.03336499999999998
0.07,0.07999999999999999,0.015,0.0394,0.033560000000000034
0.07500000000000001,0.07999999999999999,0.015,0.0394,0.03375499999999998
0.08000000000000002,0.07999999999999999,0.015,0.0394,0.033950000000000036
0.02,0.07999999999999999,0.02,0.1145,0.03161000000000003
0.025,0.07999999999999999,0.02,0.0808,0.03180499999999997
0.030000000000000002,0.07999999999999999,0.02,0.0579,0.03200000000000003
0.035,0.07999999999999999,0.02,0.0447,0.032194999999999974
0.04000000000000001,0.07999999999999999,0.02,0.0407,0.03239000000000003
0.045000000000000005,0.07999999999999999,0.02,0.0396,0.032584999999999975
0.05,0.07999999999999999,0.02,0.0394,0.03278000000000003
0.05500000000000001,0.07999999999999999,0.02,0.0394,0.03297499999999998
0.06000000000000001,0.07999999999999999,0.02,0.0394,0.03317000000000003
0.065,0.07999999999999999,0.02,0.0394,0.03336499999999998
0.07,0.07999999999999999,0.02,0.0394,0.033560000000000034
0.07500000000000001,0.07999999999999999,0.02,0.0394,0.03375499999999998
0.08000000000000002,0.07999999999999999,0.02,0.0394,0.033950000000000036
0.02,0.07999999999999999,0.025,0.1145,0.03161000000000003
0.025,0.07999999999999999,0.025,0.0808,0.03180499999999997
0.030000000000000002,0.07999999999999999,0.025,0.0579,0.03200000000000003
0.035,0.07999999999999999,0.025,0.0447,0.032194999999999974
0.04000000000000001,0.07999999999999999,0.025,0.0407,0.03239000000000003
0.045000000000000005,0.07999999999999999,0.025,0.0396,0.032584999999999975
0.05,0.07999999999999999,0.025,0.0394,0.03278000000000003
0.05500000000000001,0.07999999999999999,0.025,0.0394,0.03297499999999998
0.06000000000000001,0.07999999999999999,0.025,0.0394,0.03317000000000003
0.065,0.07999999999999999,0.025,0.0394,0.03336499999999998
0.07,0.07999999999999999,0.025,0.0394,0.033560000000000034
0.07500000000000001,0.07999999999999999,0.025,0.0394,0.03375499999999998
0.08000000000000002,0.07999999999999999,0.025,0.0394,0.033950000000000036
0.02,0.07999999999999999,0.03,0.1145,0.03161000000000003
0.025,0.07999999999999999,0.03,0.0808,0.03180499999999997
0.030000000000000002,0.07999999999999999,0.03,0.0579,0.03200000000000003
0.035,0.07999999999999999,0.03,0.0447,0.032194999999999974
0.04000000000000001,0.07999999999999999,0.03,0.0407,0.03239000000000003
0.045000000000000005,0.07999999999999999,0.03,0.0396,0.032584999999999975
0.05,0.07999999999999999,0.03,0.0394,0.03278000000000003
0.05500000000000001,0.07999999999999999,0.03,0.0394,0.03297499999999998
0.06000000000000001,0.07999999999999999,0.03,0.0394,0.03317000000000003
0.065,0.07999999999999999,0.03,0.0394,0.03336499999999998
0.07,0.07999999999999999,0.03,0.0394,0.033560000000000034
0.07500000000000001,0.07999999999999999,0.03,0.0394,0.03375499999999998
0.08000000000000002,0.07999999999999999,0.03,0.0394,0.033950000000000036
0.02,0.07999999999999999,0.035,0.1145,0.03161000000000003
0.025,0.07999999999999999,0.035,0.0808,0.03180499999999997
0.030000000000000002,0.07999999999999999,0.035,0.0579,0.03200000000000003
0.035,0.07999999999999999,0.035,0.0447,0.032194999999999974
0.04000000000000001,0.07999999999999999,0.035,0.0407,0.03239000000000003
0.045000000000000005,0.07999999999999999,0.035,0.0396,0.032584999999999975
0.05,0.07999999999999999,0.035,0.0394,0.03278000000000003
0.05500000000000001,0.07999999999999999,0.035,0.0394,0.03297499999999998
0.06000000000000001,0.07999999999999999,0.035,0.0394,0.03317000000000003
0.065,0.07999999999999999,0.035,0.0394,0.03336499999999998
0.07,0.07999999999999999,0.035,0.0394,0.033560000000000034
0.07500000000000001,0.07999999999999999,0.035,0.0394,0.03375499999999998
0.08000000000000002,0.07999999999999999,0.035,0.0394,0.033950000000000036
0.02,0.08499999999999999,-0.01,0.1155,0.03161000000000003
0.025,0.08499999999999999,-0.01,0.0795,0.03180499999999997
0.030000000000000002,0.08499999999999999,-0.01,0.0561,0.03200000000000003
0.035,0.08499999999999999,-0.01,0.0443,0.032194999999999974
0.04000000000000001,0.08499999999999999,-0.01,0.0403,0.03239000000000003
0.045000000000000005,0.08499999999999999,-0.01,0.0394,0.032584999999999975
0.05,0.08499999999999999,-0.01,0.0394,0.03278000000000003
0.05500000000000001,0.08499999999999999,-0.01,0.0394,0.03297499999999998
0.06000000000000001,0.08499999999999999,-0.01,0.0394,0.03317000000000003
0.065,0.08499999999999999,-0.01,0.0394,0.03336499999999998
0.07,0.08499999999999999,-0.01,0.0394,0.033560000000000034
0.07500000000000001,0.08499999999999999,-0.01,0.0394,0.03375499999999998
0.08000000000000002,0.08499999999999999,-0.01,0.0394,0.033950000000000036
0.02,0.08499999999999999,-0.005,0.1155,0.03161000000000003
0.025,0.08499999999999999,-0.005,0.0795,0.03180499999999997
0.030000000000000002,0.08499999999999999,-0.005,0.0561,0.03200000000000003
0.035,0.08499999999999999,-0.005,0.0443,0.032194999999999974
0.04000000000000001,0.08499999999999999,-0.005,0.0403,0.03239000000000003
0.045000000000000005,0.08499999999999999,-0.005,0.0394,0.032584999999999975
0.05,0.08499999999999999,-0.005,0.0394,0.03278000000000003
0.05500000000000001,0.08499999999999999,-0.005,0.0394,0.03297499999999998
0.06000000000000001,0.08499999999999999,-0.005,0.0394,0.03317000000000003
0.065,0.08499999999999999,-0.005,0.0394,0.03336499999999998
0.07,0.08499999999999999,-0.005,0.0394,0.033560000000000034
0.07500000000000001,0.08499999999999999,-0.005,0.0394,0.03375499999999998
0.08000000000000002,0.08499999999999999,-0.005,0.0394,0.033950000000000036
0.02,0.08499999999999999,0.0,0.1155,0.03161000000000003
0.025,0.08499999999999999,0.0,0.0795,0.03180499999999997
0.030000000000000002,0.08499999999999999,0.0,0.0561,0.03200000000000003
0.035,0.08499999999999999,0.0,0.0443,0.032194999999999974
0.04000000000000001,0.08499999999999999,0.0,0.0403,0.03239000000000003
0.045000000000000005,0.08499999999999999,0.0,0.0394,0.032584999999999975
0.05,0.08499999999999999,0.0,0.0394,0.03278000000000003
0.05500000000000001,0.08499999999999999,0.0,0.0394,0.03297499999999998
0.06000000000000001,0.08499999999999999,0.0,0.0394,0.03317000000000003
0.065,0.08499999999999999,0.0,0.0394,0.03336499999999998
0.07,0.08499999999999999,0.0,0.0394,0.033560000000000034
0.07500000000000001,0.08499999999999999,0.0,0.0394,0.03375499999999998
0.08000000000000002,0.08499999999999999,0.0,0.0394,0.033950000000000036
0.02,0.08499999999999999,0.005,0.1155,0.03161000000000003
0.025,0.08499999999999999,0.005,0.0795,0.03180499999999997
0.030000000000000002,0.08499999999999999,0.005,0.0561,0.03200000000000003
0.035,0.08499999999999999,0.005,0.0443,0.032194999999999974
0.04000000000000001,0.08499999999999999,0.005,0.0403,0.03239000000000003
0.045000000000000005,0.08499999999999999,0.005,0.0394,0.032584999999999975
0.05,0.08499999999999999,0.005,0.0394,0.03278000000000003
0.05500000000000001,0.08499999999999999,0.005,0.0394,0.03297499999999998
0.06000000000000001,0.08499999999999999,0.005,0.0394,0.03317000000000003
0.065,0.08499999999999999,0.005,0.0394,0.03336499999999998
0.07,0.08499999999999999,0.005,0.0394,0.033560000000000034
0.07500000000000001,0.08499999999999999,0.005,0.0394,0.03375499999999998
0.08000000000000002,0.08499999999999999,0.005,0.0394,0.033950000000000036
0.02,0.08499999999999999,0.01,0.1155,0.03161000000000003
0.025,0.08499999999999999,0.01,0.0795,0.03180499999999997
0.030000000000000002,0.08499999999999999,0.01,0.0561,0.03200000000000003
0.035,0.08499999999999999,0.01,0.0443,0.032194999999999974
0.04000000000000001,0.08499999999999999,0.01,0.0403,0.03239000000000003
0.045000000000000005,0.08499999999999999,0.01,0.0394,0.032584999999999975
0.05,0.08499999999999999,0.01,0.0394,0.03278000000000003
0.05500000000000001,0.08499999999999999,0.01,0.0394,0.03297499999999998
0.06000000000000001,0.08499999999999999,0.01,0.0394,0.03317000000000003
0.065,0.08499999999999999,0.01,0.0394,0.03336499999999998
0.07,0.08499999999999999,0.01,0.0394,0.033560000000000034
0.07500000000000001,0.08499999999999999,0.01,0.0394,0.03375499999999998
0.08000000000000002,0.08499999999999999,0.01,0.0394,0.033950000000000036
0.02,0.08499999999999999,0.015,0.1155,0.03161000000000003
0.025,0.08499999999999999,0.015,0.0795,0.03180499999999997
0.030000000000000002,0.08499999999999999,0.015,0.0561,0.03200000000000003
0.035,0.08499999999999999,0.015,0.0443,0.032194999999999974
0.04000000000000001,0.08499999999999999,0.015,0.0403,0.03239000000000003
0.045000000000000005,0.08499999999999999,0.015,0.0394,0.032584999999999975
0.05,0.08499999999999999,0.015,0.0394,0.03278000000000003
0.05500000000000001,0.08499999999999999,0.015,0.0394,0.03297499999999998
0.06000000000000001,0.08499999999999999,0.015,0.0394,0.03317000000000003
0.065,0.08499999999999999,0.015,0.0394,0.03336499999999998
0.07,0.08499999999999999,0.015,0.0394,0.033560000000000034
0.07500000000000001,0.08499999999999999,0.015,0.0394,0.03375499999999998
0.08000000000000002,0.08499999999999999,0.015,0.0394,0.033950000000000036
0.02,0.08499999999999999,0.02,0.099,0.03161000000000003
0.025,0.08499999999999999,0.02,0.0702,0.03180499999999997
0.030000000000000002,0.08499999999999999,0.02,0.0518,0.03200000000000003
0.035,0.08499999999999999,0.02,0.0429,0.032194999999999974
0.04000000000000001,0.08499999999999999,0.02,0.0401,0.03239000000000003
0.045000000000000005,0.08499999999999999,0.02,0.0394,0.032584999999999975
0.05,0.08499999999999999,0.02,0.0394,0.03278000000000003
0.05500000000000001,0.08499999999999999,0.02,0.0394,0.03297499999999998
0.06000000000000001,0.08499999999999999,0.02,0.0394,0.03317000000000003
0.065,0.08499999999999999,0.02,0.0394,0.03336499999999998
0.07,0.08499999999999999,0.02,0.0394,0.033560000000000034
0.07500000000000001,0.08499999999999999,0.02,0.0394,0.03375499999999998
0.08000000000000002,0.08499999999999999,0.02,0.0394,0.033950000000000036
0.02,0.08499999999999999,0.025,0.099,0.03161000000000003
0.025,0.08499999999999999,0.025,0.0702,0.03180499999999997
0.030000000000000002,0.08499999999999999,0.025,0.0518,0.03200000000000003
0.035,0.08499999999999999,0.025,0.0429,0.032194999999999974
0.04000000000000001,0.08499999999999999,0.025,0.0401,0.03239000000000003
0.045000000000000005,0.08499999999999999,0.025,0.0394,0.032584999999999975
0.05,0.08499999999999999,0.025,0.0394,0.03278000000000003
0.05500000000000001,0.08499999999999999,0.025,0.0394,0.03297499999999998
0.06000000000000001,0.08499999999999999,0.025,0.0394,0.03317000000000003
0.065,0.08499999999999999,0.025,0.0394,0.03336499999999998
0.07,0.08499999999999999,0.025,0.0394,0.033560000000000034
0.07500000000000001,0.08499999999999999,0.025,0.0394,0.03375499999999998
0.08000000000000002,0.08499999999999999,0.025,0.0394,0.033950000000000036
0.02,0.08499999999999999,0.03,0.099,0.03161000000000003
0.025,0.08499999999999999,0.03,0.0702,0.03180499999999997
0.030000000000000002,0.08499999999999999,0.03,0.0518,0.03200000000000003
0.035,0.08499999999999999,0.03,0.0429,0.032194999999999974
0.04000000000000001,0.08499999999999999,0.03,0.0401,0.03239000000000003
0.045000000000000005,0.08499999999999999,0.03,0.0394,0.032584999999999975
0.05,0.08499999999999999,0.03,0.0394,0.03278000000000003
0.05500000000000001,0.08499999999999999,0.03,0.0394,0.03297499999999998
0.06000000000000001,0.08499999999999999,0.03,0.0394,0.03317000000000003
0.065,0.08499999999999999,0.03,0.0394,0.03336499999999998
0.07,0.08499999999999999,0.03,0.0394,0.033560000000000034
0.07500000000000001,0.08499999999999999,0.03,0.0394,0.03375499999999998
0.08000000000000002,0.08499999999999999,0.03,0.0394,0.033950000000000036
0.02,0.08499999999999999,0.035,0.099,0.03161000000000003
0.025,0.08499999999999999,0.035,0.0702,0.03180499999999997
0.030000000000000002,0.08499999999999999,0.035,0.0518,0.03200000000000003
0.035,0.08499999999999999,0.035,0.0429,0.032194999999999974
0.04000000000000001,0.08499999999999999,0.035,0.0401,0.03239000000000003
0.045000000000000005,0.08499999999999999,0.035,0.0394,0.032584999999999975
0.05,0.08499999999999999,0.035,0.0394,0.03278000000000003
0.05500000000000001,0.08499999999999999,0.035,0.0394,0.03297499999999998
0.06000000000000001,0.08499999999999999,0.035,0.0394,0.03317000000000003
0.065,0.08499999999999999,0.035,0.0394,0.03336499999999998
0.07,0.08499999999999999,0.035,0.0394,0.033560000000000034
0.07500000000000001,0.08499999999999999,0.035,0.0394,0.03375499999999998
0.08000000000000002,0.08499999999999999,0.035,0.0394,0.033950000000000036
0.02,0.08999999999999998,-0.01,0.0987,0.03161000000000003
0.025,0.08999999999999998,-0.01,0.0691,0.03180499999999997
0.030000000000000002,0.08999999999999998,-0.01,0.0509,0.03200000000000003
0.035,0.08999999999999998,-0.01,0.0421,0.032194999999999974
0.04000000000000001,0.08999999999999998,-0.01,0.0399,0.03239000000000003
0.045000000000000005,0.08999999999999998,-0.01,0.0394,0.032584999999999975
0.05,0.08999999999999998,-0.01,0.0394,0.03278000000000003
0.05500000000000001,0.08999999999999998,-0.01,0.0394,0.03297499999999998
0.06000000000000001,0.08999999999999998,-0.01,0.0394,0.03317000000000003
0.065,0.08999999999999998,-0.01,0.0394,0.03336499999999998
0.07,0.08999999999999998,-0.01,0.0394,0.033560000000000034
0.07500000000000001,0.08999999999999998,-0.01,0.0394,0.03375499999999998
0.08000000000000002,0.08999999999999998,-0.01,0.0394,0.033950000000000036
0.02,0.08999999999999998,-0.005,0.0987,0.03161000000000003
0.025,0.08999999999999998,-0.005,0.0691,0.03180499999999997
0.030000000000000002,0.08999999999999998,-0.005,0.0509,0.03200000000000003
0.035,0.08999999999999998,-0.005,0.0421,0.032194999999999974
0.04000000000000001,0.08999999999999998,-0.005,0.0399,0.03239000000000003
0.045000000000000005,0.08999999999999998,-0.005,0.0394,0.032584999999999975
0.05,0.08999999999999998,-0.005,0.0394,0.03278000000000003
0.05500000000000001,0.08999999999999998,-0.005,0.0394,0.03297499999999998
0.06000000000000001,0.08999999999999998,-0.005,0.0394,0.03317000000000003
0.065,0.08999999999999998,-0.005,0.0394,0.03336499999999998
0.07,0.08999999999999998,-0.005,0.0394,0.033560000000000034
0.07500000000000001,0.08999999999999998,-0.005,0.0394,0.03375499999999998
0.08000000000000002,0.08999999999999998,-0.005,0.0394,0.033950000000000036
0.02,0.08999999999999998,0.0,0.0987,0.03161000000000003
0.025,0.08999999999999998,0.0,0.0691,0.03180499999999997
0.030000000000000002,0.08999999999999998,0.0,0.0509,0.03200000000000003
0.035,0.08999999999999998,0.0,0.0421,0.032194999999999974
0.04000000000000001,0.08999999999999998,0.0,0.0399,0.03239000000000003
0.045000000000000005,0.08999999999999998,0.0,0.0394,0.032584999999999975
0.05,0.08999999999999998,0.0,0.0394,0.03278000000000003
0.05500000000000001,0.08999999999999998,0.0,0.0394,0.03297499999999998
0.06000000000000001,0.08999999999999998,0.0,0.0394,0.03317000000000003
0.065,0.08999999999999998,0.0,0.0394,0.03336499999999998
0.07,0.08999999999999998,0.0,0.0394,0.033560000000000034
0.07500000000000001,0.08999999999999998,0.0,0.0394,0.03375499999999998
0.08000000000000002,0.08999999999999998,0.0,0.0394,0.033950000000000036
0.02,0.08999999999999998,0.005,0.0987,0.03161000000000003
0.025,0.08999999999999998,0.005,0.0691,0.03180499999999997
0.030000000000000002,0.08999999999999998,0.005,0.0509,0.03200000000000003
0.035,0.08999999999999998,0.005,0.0421,0.032194999999999974
0.04000000000000001,0.08999999999999998,0.005,0.0399,0.03239000000000003
0.045000000000000005,0.08999999999999998,0.005,0.0394,0.032584999999999975
0.05,0.08999999999999998,0.005,0.0394,0.03278000000000003
0.05500000000000001,0.08999999999999998,0.005,0.0394,0.03297499999999998
0.06000000000000001,0.08999999999999998,0.005,0.0394,0.03317000000000003
0.065,0.08999999999999998,0.005,0.0394,0.03336499999999998
0.07,0.08999999999999998,0.005,0.0394,0.033560000000000034
0.07500000000000001,0.08999999999999998,0.005,0.0394,0.03375499999999998
0.08000000000000002,0.08999999999999998,0.005,0.0394,0.033950000000000036
0.02,0.08999999999999998,0.01,0.0987,0.03161000000000003
0.025,0.08999999999999998,0.01,0.0691,0.03180499999999997
0.030000000000000002,0.08999999999999998,0.01,0.0509,0.03200000000000003
0.035,0.08999999999999998,0.01,0.0421,0.032194999999999974
0.04000000000000001,0.08999999999999998,0.01,0.0399,0.03239000000000003
0.045000000000000005,0.08999999999999998,0.01,0.0394,0.032584999999999975
0.05,0.08999999999999998,0.01,0.0394,0.03278000000000003
0.05500000000000001,0.08999999999999998,0.01,0.0394,0.03297499999999998
0.06000000000000001,0.08999999999999998,0.01,0.0394,0.03317000000000003
0.065,0.08999999999999998,0.01,0.0394,0.03336499999999998
0.07,0.08999999999999998,0.01,0.0394,0.033560000000000034
0.07500000000000001,0.08999999999999998,0.01,0.0394,0.03375499999999998
0.08000000000000002,0.08999999999999998,0.01,0.0394,0.033950000000000036
0.02,0.08999999999999998,0.015,0.0987,0.03161000000000003
0.025,0.08999999999999998,0.015,0.0691,0.03180499999999997
0.030000000000000002,0.08999999999999998,0.015,0.0509,0.03200000000000003
0.035,0.08999999999999998,0.015,0.0421,0.032194999999999974
0.04000000000000001,0.08999999999999998,0.015,0.0399,0.03239000000000003
0.045000000000000005,0.08999999999999998,0.015,0.0394,0.032584999999999975
0.05,0.08999999999999998,0.015,0.0394,0.03278000000000003
0.05500000000000001,0.08999999999999998,0.015,0.0394,0.03297499999999998
0.06000000000000001,0.08999999999999998,0.015,0.0394,0.03317000000000003
0.065,0.08999999999999998,0.015,0.0394,0.03336499999999998
0.07,0.08999999999999998,0.015,0.0394,0.033560000000000034
0.07500000000000001,0.08999999999999998,0.015,0.0394,0.03375499999999998
0.08000000000000002,0.08999999999999998,0.015,0.0394,0.033950000000000036
0.02,0.08999999999999998,0.02,0.0856,0.03161000000000003
0.025,0.08999999999999998,0.02,0.0626,0.03180499999999997
0.030000000000000002,0.08999999999999998,0.02,0.0479,0.03200000000000003
0.035,0.08999999999999998,0.02,0.0411,0.032194999999999974
0.04000000000000001,0.08999999999999998,0.02,0.0398,0.03239000000000003
0.045000000000000005,0.08999999999999998,0.02,0.0394,0.032584999999999975
0.05,0.08999999999999998,0.02,0.0394,0.03278000000000003
0.05500000000000001,0.08999999999999998,0.02,0.0394,0.03297499999999998
0.06000000000000001,0.08999999999999998,0.02,0.0394,0.03317000000000003
0.065,0.08999999999999998,0.02,0.0394,0.03336499999999998
0.07,0.08999999999999998,0.02,0.0394,0.033560000000000034
0.07500000000000001,0.08999999999999998,0.02,0.0394,0.03375499999999998
0.08000000000000002,0.08999999999999998,0.02,0.0394,0.033950000000000036
0.02,0.08999999999999998,0.025,0.0856,0.03161000000000003
0.025,0.08999999999999998,0.025,0.0626,0.03180499999999997
0.030000000000000002,0.08999999999999998,0.025,0.0479,0.03200000000000003
0.035,0.08999999999999998,0.025,0.0411,0.032194999999999974
0.04000000000000001,0.08999999999999998,0.025,0.0398,0.03239000000000003
0.045000000000000005,0.08999999999999998,0.025,0.0394,0.032584999999999975
0.05,0.08999999999999998,0.025,0.0394,0.03278000000000003
0.05500000000000001,0.08999999999999998,0.025,0.0394,0.03297499999999998
0.06000000000000001,0.08999999999999998,0.025,0.0394,0.03317000000000003
0.065,0.08999999999999998,0.025,0.0394,0.03336499999999998
0.07,0.08999999999999998,0.025,0.0394,0.033560000000000034
0.07500000000000001,0.08999999999999998,0.025,0.0394,0.03375499999999998
0.08000000000000002,0.08999999999999998,0.025,0.0394,0.033950000000000036
0.02,0.08999999999999998,0.03,0.0856,0.03161000000000003
0.025,0.08999999999999998,0.03,0.0626,0.03180499999999997
0.030000000000000002,0.08999999999999998,0.03,0.0479,0.03200000000000003
0.035,0.08999999999999998,0.03,0.0411,0.032194999999999974
0.04000000000000001,0.08999999999999998,0.03,0.0398,0.03239000000000003
0.045000000000000005,0.08999999999999998,0.03,0.0394,0.032584999999999975
0.05,0.08999999999999998,0.03,0.0394,0.03278000000000003
0.05500000000000001,0.08999999999999998,0.03,0.0394,0.03297499999999998
0.06000000000000001,0.08999999999999998,0.03,0.0394,0.03317000000000003
0.065,0.08999999999999998,0.03,0.0394,0.03336499999999998
0.07,0.08999999999999998,0.03,0.0394,0.033560000000000034
0.07500000000000001,0.08999999999999998,0.03,0.0394,0.03375499999999998
0.08000000000000002,0.08999999999999998,0.03,0.0394,0.033950000000000036
0.02,0.08999999999999998,0.035,0.0856,0.03161000000000003
0.025,0.08999999999999998,0.035,0.0626,0.03180499999999997
0.030000000000000002,0.08999999999999998,0.035,0.0479,0.03200000000000003
0.035,0.08999999999999998,0.035,0.0411,0.032194999999999974
0.04000000000000001,0.08999999999999998,0.035,0.0398,0.03239000000000003
0.045000000000000005,0.08999999999999998,0.035,0.0394,0.032584999999999975
0.05,0.08999999999999998,0.035,0.0394,0.03278000000000003
0.05500000000000001,0.08999999999999998,0.035,0.0394,0.03297499999999998
0.06000000000000001,0.08999999999999998,0.035,0.0394,0.03317000000000003
0.065,0.08999999999999998,0.035,0.0394,0.03336499999999998
0.07,0.08999999999999998,0.035,0.0394,0.033560000000000034
0.07500000000000001,0.08999999999999998,0.035,0.0394,0.03375499999999998
0.08000000000000002,0.08999999999999998,0.035,0.0394,0.033950000000000036
0.02,0.09499999999999997,-0.01,0.0859,0.03161000000000003
0.025,0.09499999999999997,-0.01,0.0593,0.03180499999999997
0.030000000000000002,0.09499999999999997,-0.01,0.0463,0.03200000000000003
0.035,0.09499999999999997,-0.01,0.0412,0.032194999999999974
0.04000000000000001,0.09499999999999997,-0.01,0.0396,0.03239000000000003
0.045000000000000005,0.09499999999999997,-0.01,0.0394,0.032584999999999975
0.05,0.09499999999999997,-0.01,0.0394,0.03278000000000003
0.05500000000000001,0.09499999999999997,-0.01,0.0394,0.03297499999999998
0.06000000000000001,0.09499999999999997,-0.01,0.0394,0.03317000000000003
0.065,0.09499999999999997,-0.01,0.0394,0.03336499999999998
0.07,0.09499999999999997,-0.01,0.0394,0.033560000000000034
0.07500000000000001,0.09499999999999997,-0.01,0.0394,0.03375499999999998
0.08000000000000002,0.09499999999999997,-0.01,0.0394,0.033950000000000036
0.02,0.09499999999999997,-0.005,0.0859,0.03161000000000003
0.025,0.09499999999999997,-0.005,0.0593,0.03180499999999997
0.030000000000000002,0.09499999999999997,-0.005,0.0463,0.03200000000000003
0.035,0.09499999999999997,-0.005,0.0412,0.032194999999999974
0.04000000000000001,0.09499999999999997,-0.005,0.0396,0.03239000000000003
0.045000000000000005,0.09499999999999997,-0.005,0.0394,0.032584999999999975
0.05,0.09499999999999997,-0.005,0.0394,0.03278000000000003
0.05500000000000001,0.09499999999999997,-0.005,0.0394,0.03297499999999998
0.06000000000000001,0.09499999999999997,-0.005,0.0394,0.03317000000000003
0.065,0.09499999999999997,-0.005,0.0394,0.03336499999999998
0.07,0.09499999999999997,-0.005,0.0394,0.033560000000000034
0.07500000000000001,0.09499999999999997,-0.005,0.0394,0.03375499999999998
0.08000000000000002,0.09499999999999997,-0.005,0.0394,0.033950000000000036
0.02,0.09499999999999997,0.0,0.0859,0.03161000000000003
0.025,0.09499999999999997,0.0,0.0593,0.03180499999999997
0.030000000000000002,0.09499999999999997,0.0,0.0463,0.03200000000000003
0.035,0.09499999999999997,0.0,0.0412,0.032194999999999974
0.04000000000000001,0.09499999999999997,0.0,0.0396,0.03239000000000003
0.045000000000000005,0.09499999999999997,0.0,0.0394,0.032584999999999975
0.05,0.09499999999999997,0.0,0.0394,0.03278000000000003
0.05500000000000001,0.09499999999999997,0.0,0.0394,0.03297499999999998
0.06000000000000001,0.09499999999999997,0.0,0.0394,0.03317000000000003
0.065,0.09499999999999997,0.0,0.0394,0.03336499999999998
0.07,0.09499999999999997,0.0,0.0394,0.033560000000000034
0.07500000000000001,0.09499999999999997,0.0,0.0394,0.03375499999999998
0.08000000000000002,0.09499999999999997,0.0,0.0394,0.033950000000000036
0.02,0.09499999999999997,0.005,0.0859,0.03161000000000003
0.025,0.09499999999999997,0.005,0.0593,0.03180499999999997
0.030000000000000002,0.09499999999999997,0.005,0.0463,0.03200000000000003
0.035,0.09499999999999997,0.005,0.0412,0.032194999999999974
0.04000000000000001,0.09499999999999997,0.005,0.0396,0.03239000000000003
0.045000000000000005,0.09499999999999997,0.005,0.0394,0.032584999999999975
0.05,0.09499999999999997,0.005,0.0394,0.03278000000000003
0.05500000000000001,0.09499999999999997,0.005,0.0394,0.03297499999999998
0.06000000000000001,0.09499999999999997,0.005,0.0394,0.03317000000000003
0.065,0.09499999999999997,0.005,0.0394,0.03336499999999998
0.07,0.09499999999999997,0.005,0.0394,0.033560000000000034
0.07500000000000001,0.09499999999999997,0.005,0.0394,0.03375499999999998
0.08000000000000002,0.09499999999999997,0.005,0.0394,0.033950000000000036
0.02,0.09499999999999997,0.01,0.0859,0.03161000000000003
0.025,0.09499999999999997,0.01,0.0593,0.03180499999999997
0.030000000000000002,0.09499999999999997,0.01,0.0463,0.03200000000000003
0.035,0.09499999999999997,0.01,0.0412,0.032194999999999974
0.04000000000000001,0.09499999999999997,0.01,0.0396,0.03239000000000003
0.045000000000000005,0.09499999999999997,0.01,0.0394,0.032584999999999975
0.05,0.09499999999999997,0.01,0.0394,0.03278000000000003
0.05500000000000001,0.09499999999999997,0.01,0.0394,0.03297499999999998
0.06000000000000001,0.09499999999999997,0.01,0.0394,0.03317000000000003
0.065,0.09499999999999997,0.01,0.0394,0.03336499999999998
0.07,0.09499999999999997,0.01,0.0394,0.033560000000000034
0.07500000000000001,0.09499999999999997,0.01,0.0394,0.03375499999999998
0.08000000000000002,0.09499999999999997,0.01,0.0394,0.033950000000000036
0.02,0.09499999999999997,0.015,0.0859,0.03161000000000003
0.025,0.09499999999999997,0.015,0.0593,0.03180499999999997
0.030000000000000002,0.09499999999999997,0.015,0.0463,0.03200000000000003
0.035,0.09499999999999997,0.015,0.0412,0.032194999999999974
0.04000000000000001,0.09499999999999997,0.015,0.0396,0.03239000000000003
0.045000000000000005,0.09499999999999997,0.015,0.0394,0.032584999999999975
0.05,0.09499999999999997,0.015,0.0394,0.03278000000000003
0.05500000000000001,0.09499999999999997,0.015,0.0394,0.03297499999999998
0.06000000000000001,0.09499999999999997,0.015,0.0394,0.03317000000000003
0.065,0.09499999999999997,0.015,0.0394,0.03336499999999998
0.07,0.09499999999999997,0.015,0.0394,0.033560000000000034
0.07500000000000001,0.09499999999999997,0.015,0.0394,0.03375499999999998
0.08000000000000002,0.09499999999999997,0.015,0.0394,0.033950000000000036
0.02,0.09499999999999997,0.02,0.0752,0.03161000000000003
0.025,0.09499999999999997,0.02,0.0544,0.03180499999999997
0.030000000000000002,0.09499999999999997,0.02,0.0442,0.03200000000000003
0.035,0.09499999999999997,0.02,0.0407,0.032194999999999974
0.04000000000000001,0.09499999999999997,0.02,0.0395,0.03239000000000003
0.045000000000000005,0.09499999999999997,0.02,0.0394,0.032584999999999975
0.05,0.09499999999999997,0.02,0.0394,0.03278000000000003
0.05500000000000001,0.09499999999999997,0.02,0.0394,0.03297499999999998
0.06000000000000001,0.09499999999999997,0.02,0.0394,0.03317000000000003
0.065,0.09499999999999997,0.02,0.0394,0.03336499999999998
0.07,0.09499999999999997,0.02,0.0394,0.033560000000000034
0.07500000000000001,0.09499999999999997,0.02,0.0394,0.03375499999999998
0.08000000000000002,0.09499999999999997,0.02,0.0394,0.033950000000000036
0.02,0.09499999999999997,0.025,0.0752,0.03161000000000003
0.025,0.09499999999999997,0.025,0.0544,0.03180499999999997
0.030000000000000002,0.09499999999999997,0.025,0.0442,0.03200000000000003
0.035,0.09499999999999997,0.025,0.0407,0.032194999999999974
0.04000000000000001,0.09499999999999997,0.025,0.0395,0.03239000000000003
0.045000000000000005,0.09499999999999997,0.025,0.0394,0.032584999999999975
0.05,0.09499999999999997,0.025,0.0394,0.03278000000000003
0.05500000000000001,0.09499999999999997,0.025,0.0394,0.03297499999999998
0.06000000000000001,0.09499999999999997,0.025,0.0394,0.03317000000000003
0.065,0.09499999999999997,0.025,0.0394,0.03336499999999998
0.07,0.09499999999999997,0.025,0.0394,0.033560000000000034
0.07500000000000001,0.09499999999999997,0.025,0.0394,0.03375499999999998
0.08000000000000002,0.09499999999999997,0.025,0.0394,0.033950000000000036
0.02,0.09499999999999997,0.03,0.0752,0.03161000000000003
0.025,0.09499999999999997,0.03,0.0544,0.03180499999999997
0.030000000000000002,0.09499999999999997,0.03,0.0442,0.03200000000000003
0.035,0.09499999999999997,0.03,0.0407,0.032194999999999974
0.04000000000000001,0.09499999999999997,0.03,0.0395,0.03239000000000003
0.045000000000000005,0.09499999999999997,0.03,0.0394,0.032584999999999975
0.05,0.09499999999999997,0.03,0.0394,0.03278000000000003
0.05500000000000001,0.09499999999999997,0.03,0.0394,0.03297499999999998
0.06000000000000001,0.09499999999999997,0.03,0.0394,0.03317000000000003
0.065,0.09499999999999997,0.03,0.0394,0.03336499999999998
0.07,0.09499999999999997,0.03,0.0394,0.033560000000000034
0.07500000000000001,0.09499999999999997,0.03,0.0394,0.03375499999999998
0.08000000000000002,0.09499999999999997,0.03,0.0394,0.033950000000000036
0.02,0.09499999999999997,0.035,0.0752,0.03161000000000003
0.025,0.09499999999999997,0.035,0.0544,0.03180499999999997
0.030000000000000002,0.09499999999999997,0.035,0.0442,0.03200000000000003
0.035,0.09499999999999997,0.035,0.0407,0.032194999999999974
0.04000000000000001,0.09499999999999997,0.035,0.0395,0.03239000000000003
0.045000000000000005,0.09499999999999997,0.035,0.0394,0.032584999999999975
0.05,0.09499999999999997,0.035,0.0394,0.03278000000000003
0.05500000000000001,0.09499999999999997,0.035,0.0394,0.03297499999999998
0.06000000000000001,0.09499999999999997,0.035,0.0394,0.03317000000000003
0.065,0.09499999999999997,0.035,0.0394,0.03336499999999998
0.07,0.09499999999999997,0.035,0.0394,0.033560000000000034
0.07500000000000001,0.09499999999999997,0.035,0.0394,0.03375499999999998
0.08000000000000002,0.09499999999999997,0.035,0.0394,0.033950000000000036
0.02,0.09999999999999998,-0.01,0.0737,0.03161000000000003
0.025,0.09999999999999998,-0.01,0.0542,0.03180499999999997
0.030000000000000002,0.09999999999999998,-0.01,0.0431,0.03200000000000003
0.035,0.09999999999999998,-0.01,0.0402,0.032194999999999974
0.04000000000000001,0.09999999999999998,-0.01,0.0394,0.03239000000000003
0.045000000000000005,0.09999999999999998,-0.01,0.0394,0.032584999999999975
0.05,0.09999999999999998,-0.01,0.0394,0.03278000000000003
0.05500000000000001,0.09999999999999998,-0.01,0.0394,0.03297499999999998
0.06000000000000001,0.09999999999999998,-0.01,0.0394,0.03317000000000003
0.065,0.09999999999999998,-0.01,0.0394,0.03336499999999998
0.07,0.09999999999999998,-0.01,0.0394,0.033560000000000034
0.07500000000000001,0.09999999999999998,-0.01,0.0394,0.03375499999999998
0.08000000000000002,0.09999999999999998,-0.01,0.0394,0.033950000000000036
0.02,0.09999999999999998,-0.005,0.0737,0.03161000000000003
0.025,0.09999999999999998,-0.005,0.0542,0.03180499999999997
0.030000000000000002,0.09999999999999998,-0.005,0.0431,0.03200000000000003
0.035,0.09999999999999998,-0.005,0.0402,0.032194999999999974
0.04000000000000001,0.09999999999999998,-0.005,0.0394,0.03239000000000003
0.045000000000000005,0.09999999999999998,-0.005,0.0394,0.032584999999999975
0.05,0.09999999999999998,-0.005,0.0394,0.03278000000000003
0.05500000000000001,0.09999999999999998,-0.005,0.0394,0.03297499999999998
0.06000000000000001,0.09999999999999998,-0.005,0.0394,0.03317000000000003
0.065,0.09999999999999998,-0.005,0.0394,0.03336499999999998
0.07,0.09999999999999998,-0.005,0.0394,0.033560000000000034
0.07500000000000001,0.09999999999999998,-0.005,0.0394,0.03375499999999998
0.08000000000000002,0.09999999999999998,-0.005,0.0394,0.033950000000000036
0.02,0.09999999999999998,0.0,0.0737,0.03161000000000003
0.025,0.09999999999999998,0.0,0.0542,0.03180499999999997
0.030000000000000002,0.09999999999999998,0.0,0.0431,0.03200000000000003
0.035,0.09999999999999998,0.0,0.0402,0.032194999999999974
0.04000000000000001,0.09999999999999998,0.0,0.0394,0.03239000000000003
0.045000000000000005,0.09999999999999998,0.0,0.0394,0.032584999999999975
0.05,0.09999999999999998,0.0,0.0394,0.03278000000000003
0.05500000000000001,0.09999999999999998,0.0,0.0394,0.03297499999999998
0.06000000000000001,0.09999999999999998,0.0,0.0394,0.03317000000000003
0.065,0.09999999999999998,0.0,0.0394,0.03336499999999998
0.07,0.09999999999999998,0.0,0.0394,0.033560000000000034
0.07500000000000001,0.09999999999999998,0.0,0.0394,0.03375499999999998
0.08000000000000002,0.09999999999999998,0.0,0.0394,0.033950000000000036
0.02,0.09999999999999998,0.005,0.0737,0.03161000000000003
0.025,0.09999999999999998,0.005,0.0542,0.03180499999999997
0.030000000000000002,0.09999999999999998,0.005,0.0431,0.03200000000000003
0.035,0.09999999999999998,0.005,0.0402,0.032194999999999974
0.04000000000000001,0.09999999999999998,0.005,0.0394,0.03239000000000003
0.045000000000000005,0.09999999999999998,0.005,0.0394,0.032584999999999975
0.05,0.09999999999999998,0.005,0.0394,0.03278000000000003
0.05500000000000001,0.09999999999999998,0.005,0.0394,0.03297499999999998
0.06000000000000001,0.09999999999999998,0.005,0.0394,0.03317000000000003
0.065,0.09999999999999998,0.005,0.0394,0.03336499999999998
0.07,0.09999999999999998,0.005,0.0394,0.033560000000000034
0.07500000000000001,0.09999999999999998,0.005,0.0394,0.03375499999999998
0.08000000000000002,0.09999999999999998,0.005,0.0394,0.033950000000000036
0.02,0.09999999999999998,0.01,0.0737,0.03161000000000003
0.025,0.09999999999999998,0.01,0.0542,0.03180499999999997
0.030000000000000002,0.09999999999999998,0.01,0.0431,0.03200000000000003
0.035,0.09999999999999998,0.01,0.0402,0.032194999999999974
0.04000000000000001,0.09999999999999998,0.01,0.0394,0.03239000000000003
0.045000000000000005,0.09999999999999998,0.01,0.0394,0.032584999999999975
0.05,0.09999999999999998,0.01,0.0394,0.03278000000000003
0.05500000000000001,0.09999999999999998,0.01,0.0394,0.03297499999999998
0.06000000000000001,0.09999999999999998,0.01,0.0394,0.03317000000000003
0.065,0.09999999999999998,0.01,0.0394,0.03336499999999998
0.07,0.09999999999999998,0.01,0.0394,0.033560000000000034
0.07500000000000001,0.09999999999999998,0.01,0.0394,0.03375499999999998
0.08000000000000002,0.09999999999999998,0.01,0.0394,0.033950000000000036
0.02,0.09999999999999998,0.015,0.0737,0.03161000000000003
0.025,0.09999999999999998,0.015,0.0542,0.03180499999999997
0.030000000000000002,0.09999999999999998,0.015,0.0431,0.03200000000000003
0.035,0.09999999999999998,0.015,0.0402,0.032194999999999974
0.04000000000000001,0.09999999999999998,0.015,0.0394,0.03239000000000003
0.045000000000000005,0.09999999999999998,0.015,0.0394,0.032584999999999975
0.05,0.09999999999999998,0.015,0.0394,0.03278000000000003
0.05500000000000001,0.09999999999999998,0.015,0.0394,0.03297499999999998
0.06000000000000001,0.09999999999999998,0.015,0.0394,0.03317000000000003
0.065,0.09999999999999998,0.015,0.0394,0.03336499999999998
0.07,0.09999999999999998,0.015,0.0394,0.033560000000000034
0.07500000000000001,0.09999999999999998,0.015,0.0394,0.03375499999999998
0.08000000000000002,0.09999999999999998,0.015,0.0394,0.033950000000000036
0.02,0.09999999999999998,0.02,0.0661,0.03161000000000003
0.025,0.09999999999999998,0.02,0.0504,0.03180499999999997
0.030000000000000002,0.09999999999999998,0.02,0.0418,0.03200000000000003
0.035,0.09999999999999998,0.02,0.04,0.032194999999999974
0.04000000000000001,0.09999999999999998,0.02,0.0394,0.03239000000000003
0.045000000000000005,0.09999999999999998,0.02,0.0394,0.032584999999999975
0.05,0.09999999999999998,0.02,0.0394,0.03278000000000003
0.05500000000000001,0.09999999999999998,0.02,0.0394,0.03297499999999998
0.06000000000000001,0.09999999999999998,0.02,0.0394,0.03317000000000003
0.065,0.09999999999999998,0.02,0.0394,0.03336499999999998
0.07,0.09999999999999998,0.02,0.0394,0.033560000000000034
0.07500000000000001,0.09999999999999998,0.02,0.0394,0.03375499999999998
0.08000000000000002,0.09999999999999998,0.02,0.0394,0.033950000000000036
0.02,0.09999999999999998,0.025,0.0661,0.03161000000000003
0.025,0.09999999999999998,0.025,0.0504,0.03180499999999997
0.030000000000000002,0.09999999999999998,0.025,0.0418,0.03200000000000003
0.035,0.09999999999999998,0.025,0.04,0.032194999999999974
0.04000000000000001,0.09999999999999998,0.025,0.0394,0.03239000000000003
0.045000000000000005,0.09999999999999998,0.025,0.0394,0.032584999999999975
0.05,0.09999999999999998,0.025,0.0394,0.03278000000000003
0.05500000000000001,0.09999999999999998,0.025,0.0394,0.03297499999999998
0.06000000000000001,0.09999999999999998,0.025,0.0394,0.03317000000000003
0.065,0.09999999999999998,0.025,0.0394,0.03336499999999998
0.07,0.09999999999999998,0.025,0.0394,0.033560000000000034
0.07500000000000001,0.09999999999999998,0.025,0.0394,0.03375499999999998
0.08000000000000002,0.09999999999999998,0.025,0.0394,0.033950000000000036
0.02,0.09999999999999998,0.03,0.0661,0.03161000000000003
0.025,0.09999999999999998,0.03,0.0504,0.03180499999999997
0.030000000000000002,0.09999999999999998,0.03,0.0418,0.03200000000000003
0.035,0.09999999999999998,0.03,0.04,0.032194999999999974
0.04000000000000001,0.09999999999999998,0.03,0.0394,0.03239000000000003
0.045000000000000005,0.09999999999999998,0.03,0.0394,0.032584999999999975
0.05,0.09999999999999998,0.03,0.0394,0.03278000000000003
0.05500000000000001,0.09999999999999998,0.03,0.0394,0.03297499999999998
0.06000000000000001,0.09999999999999998,0.03,0.0394,0.03317000000000003
0.065,0.09999999999999998,0.03,0.0394,0.03336499999999998
0.07,0.09999999999999998,0.03,0.0394,0.033560000000000034
0.07500000000000001,0.09999999999999998,0.03,0.0394,0.03375499999999998
0.08000000000000002,0.09999999999999998,0.03,0.0394,0.033950000000000036
0.02,0.09999999999999998,0.035,0.0661,0.03161000000000003
0.025,0.09999999999999998,0.035,0.0504,0.03180499999999997
0.030000000000000002,0.09999999999999998,0.035,0.0418,0.03200000000000003
0.035,0.09999999999999998,0.035,0.04,0.032194999999999974
0.04000000000000001,0.09999999999999998,0.035,0.0394,0.03239000000000003
0.045000000000000005,0.09999999999999998,0.035,0.0394,0.032584999999999975
0.05,0.09999999999999998,0.035,0.0394,0.03278000000000003
0.05500000000000001,0.09999999999999998,0.035,0.0394,0.03297499999999998
0.06000000000000001,0.09999999999999998,0.035,0.0394,0.03317000000000003
0.065,0.09999999999999998,0.035,0.0394,0.03336499999999998
0.07,0.09999999999999998,0.035,0.0394,0.033560000000000034
0.07500000000000001,0.09999999999999998,0.035,0.0394,0.03375499999999998
0.08000000000000002,0.09999999999999998,0.035,0.0394,0.033950000000000036
0.02,0.10499999999999998,-0.01,0.0641,0.03161000000000003
0.025,0.10499999999999998,-0.01,0.049,0.03180499999999997
0.030000000000000002,0.10499999999999998,-0.01,0.0417,0.03200000000000003
0.035,0.10499999999999998,-0.01,0.0399,0.032194999999999974
0.04000000000000001,0.10499999999999998,-0.01,0.0394,0.03239000000000003
0.045000000000000005,0.10499999999999998,-0.01,0.0394,0.032584999999999975
0.05,0.10499999999999998,-0.01,0.0394,0.03278000000000003
0.05500000000000001,0.10499999999999998,-0.01,0.0394,0.03297499999999998
0.06000000000000001,0.10499999999999998,-0.01,0.0394,0.03317000000000003
0.065,0.10499999999999998,-0.01,0.0394,0.03336499999999998
0.07,0.10499999999999998,-0.01,0.0394,0.033560000000000034
0.07500000000000001,0.10499999999999998,-0.01,0.0394,0.03375499999999998
0.08000000000000002,0.10499999999999998,-0.01,0.0394,0.033950000000000036
0.02,0.10499999999999998,-0.005,0.0641,0.03161000000000003
0.025,0.10499999999999998,-0.005,0.049,0.03180499999999997
0.030000000000000002,0.10499999999999998,-0.005,0.0417,0.03200000000000003
0.035,0.10499999999999998,-0.005,0.0399,0.032194999999999974
0.04000000000000001,0.10499999999999998,-0.005,0.0394,0.03239000000000003
0.045000000000000005,0.10499999999999998,-0.005,0.0394,0.032584999999999975
0.05,0.10499999999999998,-0.005,0.0394,0.03278000000000003
0.05500000000000001,0.10499999999999998,-0.005,0.0394,0.03297499999999998
0.06000000000000001,0.10499999999999998,-0.005,0.0394,0.03317000000000003
0.065,0.10499999999999998,-0.005,0.0394,0.03336499999999998
0.07,0.10499999999999998,-0.005,0.0394,0.033560000000000034
0.07500000000000001,0.10499999999999998,-0.005,0.0394,0.03375499999999998
0.08000000000000002,0.10499999999999998,-0.005,0.0394,0.033950000000000036
0.02,0.10499999999999998,0.0,0.0641,0.03161000000000003
0.025,0.10499999999999998,0.0,0.049,0.03180499999999997
0.030000000000000002,0.10499999999999998,0.0,0.0417,0.03200000000000003
0.035,0.10499999999999998,0.0,0.0399,0.032194999999999974
0.04000000000000001,0.10499999999999998,0.0,0.0394,0.03239000000000003
0.045000000000000005,0.10499999999999998,0.0,0.0394,0.032584999999999975
0.05,0.10499999999999998,0.0,0.0394,0.03278000000000003
0.05500000000000001,0.10499999999999998,0.0,0.0394,0.03297499999999998
0.06000000000000001,0.10499999999999998,0.0,0.0394,0.03317000000000003
0.065,0.10499999999999998,0.0,0.0394,0.03336499999999998
0.07,0.10499999999999998,0.0,0.0394,0.033560000000000034
0.07500000000000001,0.10499999999999998,0.0,0.0394,0.03375499999999998
0.08000000000000002,0.10499999999999998,0.0,0.0394,0.033950000000000036
0.02,0.10499999999999998,0.005,0.0641,0.03161000000000003
0.025,0.10499999999999998,0.005,0.049,0.03180499999999997
0.030000000000000002,0.10499999999999998,0.005,0.0417,0.03200000000000003
0.035,0.10499999999999998,0.005,0.0399,0.032194999999999974
0.04000000000000001,0.10499999999999998,0.005,0.0394,0.03239000000000003
0.045000000000000005,0.10499999999999998,0.005,0.0394,0.032584999999999975
0.05,0.10499999999999998,0.005,0.0394,0.03278000000000003
0.05500000000000001,0.10499999999999998,0.005,0.0394,0.03297499999999998
0.06000000000000001,0.10499999999999998,0.005,0.0394,0.03317000000000003
0.065,0.10499999999999998,0.005,0.0394,0.03336499999999998
0.07,0.10499999999999998,0.005,0.0394,0.033560000000000034
0.07500000000000001,0.10499999999999998,0.005,0.0394,0.03375499999999998
0.08000000000000002,0.10499999999999998,0.005,0.0394,0.033950000000000036
0.02,0.10499999999999998,0.01,0.0641,0.03161000000000003
0.025,0.10499999999999998,0.01,0.049,0.03180499999999997
0.030000000000000002,0.10499999999999998,0.01,0.0417,0.03200000000000003
0.035,0.10499999999999998,0.01,0.0399,0.032194999999999974
0.04000000000000001,0.10499999999999998,0.01,0.0394,0.03239000000000003
0.045000000000000005,0.10499999999999998,0.01,0.0394,0.032584999999999975
0.05,0.10499999999999998,0.01,0.0394,0.03278000000000003
0.05500000000000001,0.10499999999999998,0.01,0.0394,0.03297499999999998
0.06000000000000001,0.10499999999999998,0.01,0.0394,0.03317000000000003
0.065,0.10499999999999998,0.01,0.0394,0.03336499999999998
0.07,0.10499999999999998,0.01,0.0394,0.033560000000000034
0.07500000000000001,0.10499999999999998,0.01,0.0394,0.03375499999999998
0.08000000000000002,0.10499999999999998,0.01,0.0394,0.033950000000000036
0.02,0.10499999999999998,0.015,0.0641,0.03161000000000003
0.025,0.10499999999999998,0.015,0.049,0.03180499999999997
0.030000000000000002,0.10499999999999998,0.015,0.0417,0.03200000000000003
0.035,0.10499999999999998,0.015,0.0399,0.032194999999999974
0.04000000000000001,0.10499999999999998,0.015,0.0394,0.03239000000000003
0.045000000000000005,0.10499999999999998,0.015,0.0394,0.032584999999999975
0.05,0.10499999999999998,0.015,0.0394,0.03278000000000003
0.05500000000000001,0.10499999999999998,0.015,0.0394,0.03297499999999998
0.06000000000000001,0.10499999999999998,0.015,0.0394,0.03317000000000003
0.065,0.10499999999999998,0.015,0.0394,0.03336499999999998
0.07,0.10499999999999998,0.015,0.0394,0.033560000000000034
0.07500000000000001,0.10499999999999998,0.015,0.0394,0.03375499999999998
0.08000000000000002,0.10499999999999998,0.015,0.0394,0.033950000000000036
0.02,0.10499999999999998,0.02,0.0584,0.03161000000000003
0.025,0.10499999999999998,0.02,0.0464,0.03180499999999997
0.030000000000000002,0.10499999999999998,0.02,0.0409,0.03200000000000003
0.035,0.10499999999999998,0.02,0.0398,0.032194999999999974
0.04000000000000001,0.10499999999999998,0.02,0.0394,0.03239000000000003
0.045000000000000005,0.10499999999999998,0.02,0.0394,0.032584999999999975
0.05,0.10499999999999998,0.02,0.0394,0.03278000000000003
0.05500000000000001,0.10499999999999998,0.02,0.0394,0.03297499999999998
0.06000000000000001,0.10499999999999998,0.02,0.0394,0.03317000000000003
0.065,0.10499999999999998,0.02,0.0394,0.03336499999999998
0.07,0.10499999999999998,0.02,0.0394,0.033560000000000034
0.07500000000000001,0.10499999999999998,0.02,0.0394,0.03375499999999998
0.08000000000000002,0.10499999999999998,0.02,0.0394,0.033950000000000036
0.02,0.10499999999999998,0.025,0.0584,0.03161000000000003
0.025,0.10499999999999998,0.025,0.0464,0.03180499999999997
0.030000000000000002,0.10499999999999998,0.025,0.0409,0.03200000000000003
0.035,0.10499999999999998,0.025,0.0398,0.032194999999999974
0.04000000000000001,0.10499999999999998,0.025,0.0394,0.03239000000000003
0.045000000000000005,0.10499999999999998,0.025,0.0394,0.032584999999999975
0.05,0.10499999999999998,0.025,0.0394,0.03278000000000003
0.05500000000000001,0.10499999999999998,0.025,0.0394,0.03297499999999998
0.06000000000000001,0.10499999999999998,0.025,0.0394,0.03317000000000003
0.065,0.10499999999999998,0.025,0.0394,0.03336499999999998
0.07,0.10499999999999998,0.025,0.0394,0.033560000000000034
0.07500000000000001,0.10499999999999998,0.025,0.0394,0.03375499999999998
0.08000000000000002,0.10499999999999998,0.025,0.0394,0.033950000000000036
0.02,0.10499999999999998,0.03,0.0584,0.03161000000000003
0.025,0.10499999999999998,0.03,0.0464,0.03180499999999997
0.030000000000000002,0.10499999999999998,0.03,0.0409,0.03200000000000003
0.035,0.10499999999999998,0.03,0.0398,0.032194999999999974
0.04000000000000001,0.10499999999999998,0.03,0.0394,0.03239000000000003
0.045000000000000005,0.10499999999999998,0.03,0.0394,0.032584999999999975
0.05,0.10499999999999998,0.03,0.0394,0.03278000000000003
0.05500000000000001,0.10499999999999998,0.03,0.0394,0.03297499999999998
0.06000000000000001,0.10499999999999998,0.03,0.0394,0.03317000000000003
0.065,0.10499999999999998,0.03,0.0394,0.03336499999999998
0.07,0.10499999999999998,0.03,0.0394,0.033560000000000034
0.07500000000000001,0.10499999999999998,0.03,0.0394,0.03375499999999998
0.08000000000000002,0.10499999999999998,0.03,0.0394,0.033950000000000036
0.02,0.10499999999999998,0.035,0.0584,0.03161000000000003
0.025,0.10499999999999998,0.035,0.0464,0.03180499999999997
0.030000000000000002,0.10499999999999998,0.035,0.0409,0.03200000000000003
0.035,0.10499999999999998,0.035,0.0398,0.032194999999999974
0.04000000000000001,0.10499999999999998,0.035,0.0394,0.03239000000000003
0.045000000000000005,0.10499999999999998,0.035,0.0394,0.032584999999999975
0.05,0.10499999999999998,0.035,0.0394,0.03278000000000003
0.05500000000000001,0.10499999999999998,0.035,0.0394,0.03297499999999998
0.06000000000000001,0.10499999999999998,0.035,0.0394,0.03317000000000003
0.065,0.10499999999999998,0.035,0.0394,0.03336499999999998
0.07,0.10499999999999998,0.035,0.0394,0.033560000000000034
0.07500000000000001,0.10499999999999998,0.035,0.0394,0.03375499999999998
0.08000000000000002,0.10499999999999998,0.035,0.0394,0.033950000000000036
0.02,0.10999999999999997,-0.01,0.0571,0.03161000000000003
0.025,0.10999999999999997,-0.01,0.045,0.03180499999999997
0.030000000000000002,0.10999999999999997,-0.01,0.0408,0.03200000000000003
0.035,0.10999999999999997,-0.01,0.0396,0.032194999999999974
0.04000000000000001,0.10999999999999997,-0.01,0.0394,0.03239000000000003
0.045000000000000005,0.10999999999999997,-0.01,0.0394,0.032584999999999975
0.05,0.10999999999999997,-0.01,0.0394,0.03278000000000003
0.05500000000000001,0.10999999999999997,-0.01,0.0394,0.03297499999999998
0.06000000000000001,0.10999999999999997,-0.01,0.0394,0.03317000000000003
0.065,0.10999999999999997,-0.01,0.0394,0.03336499999999998
0.07,0.10999999999999997,-0.01,0.0394,0.033560000000000034
0.07500000000000001,0.10999999999999997,-0.01,0.0394,0.03375499999999998
0.08000000000000002,0.10999999999999997,-0.01,0.0394,0.033950000000000036
0.02,0.10999999999999997,-0.005,0.0571,0.03161000000000003
0.025,0.10999999999999997,-0.005,0.045,0.03180499999999997
0.030000000000000002,0.10999999999999997,-0.005,0.0408,0.03200000000000003
0.035,0.10999999999999997,-0.005,0.0396,0.032194999999999974
0.04000000000000001,0.10999999999999997,-0.005,0.0394,0.03239000000000003
0.045000000000000005,0.10999999999999997,-0.005,0.0394,0.032584999999999975
0.05,0.10999999999999997,-0.005,0.0394,0.03278000000000003
0.05500000000000001,0.10999999999999997,-0.005,0.0394,0.03297499999999998
0.06000000000000001,0.10999999999999997,-0.005,0.0394,0.03317000000000003
0.065,0.10999999999999997,-0.005,0.0394,0.03336499999999998
0.07,0.10999999999999997,-0.005,0.0394,0.033560000000000034
0.07500000000000001,0.10999999999999997,-0.005,0.0394,0.03375499999999998
0.08000000000000002,0.10999999999999997,-0.005,0.0394,0.033950000000000036
0.02,0.10999999999999997,0.0,0.0571,0.03161000000000003
0.025,0.10999999999999997,0.0,0.045,0.03180499999999997
0.030000000000000002,0.10999999999999997,0.0,0.0408,0.03200000000000003
0.035,0.10999999999999997,0.0,0.0396,0.032194999999999974
0.04000000000000001,0.10999999999999997,0.0,0.0394,0.03239000000000003
0.045000000000000005,0.10999999999999997,0.0,0.0394,0.032584999999999975
0.05,0.10999999999999997,0.0,0.0394,0.03278000000000003
0.05500000000000001,0.10999999999999997,0.0,0.0394,0.03297499999999998
0.06000000000000001,0.10999999999999997,0.0,0.0394,0.03317000000000003
0.065,0.10999999999999997,0.0,0.0394,0.03336499999999998
0.07,0.10999999999999997,0.0,0.0394,0.033560000000000034
0.07500000000000001,0.10999999999999997,0.0,0.0394,0.03375499999999998
0.08000000000000002,0.10999999999999997,0.0,0.0394,0.033950000000000036
0.02,0.10999999999999997,0.005,0.0571,0.03161000000000003
0.025,0.10999999999999997,0.005,0.045,0.03180499999999997
0.030000000000000002,0.10999999999999997,0.005,0.0408,0.03200000000000003
0.035,0.10999999999999997,0.005,0.0396,0.032194999999999974
0.04000000000000001,0.10999999999999997,0.005,0.0394,0.03239000000000003
0.045000000000000005,0.10999999999999997,0.005,0.0394,0.032584999999999975
0.05,0.10999999999999997,0.005,0.0394,0.03278000000000003
0.05500000000000001,0.10999999999999997,0.005,0.0394,0.03297499999999998
0.06000000000000001,0.10999999999999997,0.005,0.0394,0.03317000000000003
0.065,0.10999999999999997,0.005,0.0394,0.03336499999999998
0.07,0.10999999999999997,0.005,0.0394,0.033560000000000034
0.07500000000000001,0.10999999999999997,0.005,0.0394,0.03375499999999998
0.08000000000000002,0.10999999999999997,0.005,0.0394,0.033950000000000036
0.02,0.10999999999999997,0.01,0.0571,0.03161000000000003
0.025,0.10999999999999997,0.01,0.045,0.03180499999999997
0.030000000000000002,0.10999999999999997,0.01,0.0408,0.03200000000000003
0.035,0.10999999999999997,0.01,0.0396,0.032194999999999974
0.04000000000000001,0.10999999999999997,0.01,0.0394,0.03239000000000003
0.045000000000000005,0.10999999999999997,0.01,0.0394,0.032584999999999975
0.05,0.10999999999999997,0.01,0.0394,0.03278000000000003
0.05500000000000001,0.10999999999999997,0.01,0.0394,0.03297499999999998
0.06000000000000001,0.10999999999999997,0.01,0.0394,0.03317000000000003
0.065,0.10999999999999997,0.01,0.0394,0.03336499999999998
0.07,0.10999999999999997,0.01,0.0394,0.033560000000000034
0.07500000000000001,0.10999999999999997,0.01,0.0394,0.03375499999999998
0.08000000000000002,0.10999999999999997,0.01,0.0394,0.033950000000000036
0.02,0.10999999999999997,0.015,0.0571,0.03161000000000003
0.025,0.10999999999999997,0.015,0.045,0.03180499999999997
0.030000000000000002,0.10999999999999997,0.015,0.0408,0.03200000000000003
0.035,0.10999999999999997,0.015,0.0396,0.032194999999999974
0.04000000000000001,0.10999999999999997,0.015,0.0394,0.03239000000000003
0.045000000000000005,0.10999999999999997,0.015,0.0394,0.032584999999999975
0.05,0.10999999999999997,0.015,0.0394,0.03278000000000003
0.05500000000000001,0.10999999999999997,0.015,0.0394,0.03297499999999998
0.06000000000000001,0.10999999999999997,0.015,0.0394,0.03317000000000003
0.065,0.10999999999999997,0.015,0.0394,0.03336499999999998
0.07,0.10999999999999997,0.015,0.0394,0.033560000000000034
0.07500000000000001,0.10999999999999997,0.015,0.0394,0.03375499999999998
0.08000000000000002,0.10999999999999997,0.015,0.0394,0.033950000000000036
0.02,0.10999999999999997,0.02,0.0526,0.03161000000000003
0.025,0.10999999999999997,0.02,0.0433,0.03180499999999997
0.030000000000000002,0.10999999999999997,0.02,0.0405,0.03200000000000003
0.035,0.10999999999999997,0.02,0.0395,0.032194999999999974
0.04000000000000001,0.10999999999999997,0.02,0.0394,0.03239000000000003
0.045000000000000005,0.10999999999999997,0.02,0.0394,0.032584999999999975
0.05,0.10999999999999997,0.02,0.0394,0.03278000000000003
0.05500000000000001,0.10999999999999997,0.02,0.0394,0.03297499999999998
0.06000000000000001,0.10999999999999997,0.02,0.0394,0.03317000000000003
0.065,0.10999999999999997,0.02,0.0394,0.03336499999999998
0.07,0.10999999999999997,0.02,0.0394,0.033560000000000034
0.07500000000000001,0.10999999999999997,0.02,0.0394,0.03375499999999998
0.08000000000000002,0.10999999999999997,0.02,0.0394,0.033950000000000036
0.02,0.10999999999999997,0.025,0.0526,0.03161000000000003
0.025,0.10999999999999997,0.025,0.0433,0.03180499999999997
0.030000000000000002,0.10999999999999997,0.025,0.0405,0.03200000000000003
0.035,0.10999999999999997,0.025,0.0395,0.032194999999999974
0.04000000000000001,0.10999999999999997,0.025,0.0394,0.03239000000000003
0.045000000000000005,0.10999999999999997,0.025,0.0394,0.032584999999999975
0.05,0.10999999999999997,0.025,0.0394,0.03278000000000003
0.05500000000000001,0.10999999999999997,0.025,0.0394,0.03297499999999998
0.06000000000000001,0.10999999999999997,0.025,0.0394,0.03317000000000003
0.065,0.10999999999999997,0.025,0.0394,0.03336499999999998
0.07,0.10999999999999997,0.025,0.0394,0.033560000000000034
0.07500000000000001,0.10999999999999997,0.025,0.0394,0.03375499999999998
0.08000000000000002,0.10999999999999997,0.025,0.0394,0.033950000000000036
0.02,0.10999999999999997,0.03,0.0526,0.03161000000000003
0.025,0.10999999999999997,0.03,0.0433,0.03180499999999997
0.030000000000000002,0.10999999999999997,0.03,0.0405,0.03200000000000003
0.035,0.10999999999999997,0.03,0.0395,0.032194999999999974
0.04000000000000001,0.10999999999999997,0.03,0.0394,0.03239000000000003
0.045000000000000005,0.10999999999999997,0.03,0.0394,0.032584999999999975
0.05,0.10999999999999997,0.03,0.0394,0.03278000000000003
0.05500000000000001,0.10999999999999997,0.03,0.0394,0.03297499999999998
0.06000000000000001,0.10999999999999997,0.03,0.0394,0.03317000000000003
0.065,0.10999999999999997,0.03,0.0394,0.03336499999999998
0.07,0.10999999999999997,0.03,0.0394,0.033560000000000034
0.07500000000000001,0.10999999999999997,0.03,0.0394,0.03375499999999998
0.08000000000000002,0.10999999999999997,0.03,0.0394,0.033950000000000036
0.02,0.10999999999999997,0.035,0.0526,0.03161000000000003
0.025,0.10999999999999997,0.035,0.0433,0.03180499999999997
0.030000000000000002,0.10999999999999997,0.035,0.0405,0.03200000000000003
0.035,0.10999999999999997,0.035,0.0395,0.032194999999999974
0.04000000000000001,0.10999999999999997,0.035,0.0394,0.03239000000000003
0.045000000000000005,0.10999999999999997,0.035,0.0394,0.032584999999999975
0.05,0.10999999999999997,0.035,0.0394,0.03278000000000003
0.05500000000000001,0.10999999999999997,0.035,0.0394,0.03297499999999998
0.06000000000000001,0.10999999999999997,0.035,0.0394,0.03317000000000003
0.065,0.10999999999999997,0.035,0.0394,0.03336499999999998
0.07,0.10999999999999997,0.035,0.0394,0.033560000000000034
0.07500000000000001,0.10999999999999997,0.035,0.0394,0.03375499999999998
0.08000000000000002,0.10999999999999997,0.035,0.0394,0.033950000000000036
0.02,0.11499999999999996,-0.01,0.0525,0.03161000000000003
0.025,0.11499999999999996,-0.01,0.0427,0.03180499999999997
0.030000000000000002,0.11499999999999996,-0.01,0.0402,0.03200000000000003
0.035,0.11499999999999996,-0.01,0.0395,0.032194999999999974
0.04000000000000001,0.11499999999999996,-0.01,0.0394,0.03239000000000003
0.045000000000000005,0.11499999999999996,-0.01,0.0394,0.032584999999999975
0.05,0.11499999999999996,-0.01,0.0394,0.03278000000000003
0.05500000000000001,0.11499999999999996,-0.01,0.0394,0.03297499999999998
0.06000000000000001,0.11499999999999996,-0.01,0.0394,0.03317000000000003
0.065,0.11499999999999996,-0.01,0.0394,0.03336499999999998
0.07,0.11499999999999996,-0.01,0.0394,0.033560000000000034
0.07500000000000001,0.11499999999999996,-0.01,0.0394,0.03375499999999998
0.08000000000000002,0.11499999999999996,-0.01,0.0394,0.033950000000000036
0.02,0.11499999999999996,-0.005,0.0525,0.03161000000000003
0.025,0.11499999999999996,-0.005,0.0427,0.03180499999999997
0.030000000000000002,0.11499999999999996,-0.005,0.0402,0.03200000000000003
0.035,0.11499999999999996,-0.005,0.0395,0.032194999999999974
0.04000000000000001,0.11499999999999996,-0.005,0.0394,0.03239000000000003
0.045000000000000005,0.11499999999999996,-0.005,0.0394,0.032584999999999975
0.05,0.11499999999999996,-0.005,0.0394,0.03278000000000003
0.05500000000000001,0.11499999999999996,-0.005,0.0394,0.03297499999999998
0.06000000000000001,0.11499999999999996,-0.005,0.0394,0.03317000000000003
0.065,0.11499999999999996,-0.005,0.0394,0.03336499999999998
0.07,0.11499999999999996,-0.005,0.0394,0.033560000000000034
0.07500000000000001,0.11499999999999996,-0.005,0.0394,0.03375499999999998
0.08000000000000002,0.11499999999999996,-0.005,0.0394,0.033950000000000036
0.02,0.11499999999999996,0.0,0.0525,0.03161000000000003
0.025,0.11499999999999996,0.0,0.0427,0.03180499999999997
0.030000000000000002,0.11499999999999996,0.0,0.0402,0.03200000000000003
0.035,0.11499999999999996,0.0,0.0395,0.032194999999999974
0.04000000000000001,0.11499999999999996,0.0,0.0394,0.03239000000000003
0.045000000000000005,0.11499999999999996,0.0,0.0394,0.032584999999999975
0.05,0.11499999999999996,0.0,0.0394,0.03278000000000003
0.05500000000000001,0.11499999999999996,0.0,0.0394,0.03297499999999998
0.06000000000000001,0.11499999999999996,0.0,0.0394,0.03317000000000003
0.065,0.11499999999999996,0.0,0.0394,0.03336499999999998
0.07,0.11499999999999996,0.0,0.0394,0.033560000000000034
0.07500000000000001,0.11499999999999996,0.0,0.0394,0.03375499999999998
0.08000000000000002,0.11499999999999996,0.0,0.0394,0.033950000000000036
0.02,0.11499999999999996,0.005,0.0525,0.03161000000000003
0.025,0.11499999999999996,0.005,0.0427,0.03180499999999997
0.030000000000000002,0.11499999999999996,0.005,0.0402,0.03200000000000003
0.035,0.11499999999999996,0.005,0.0395,0.032194999999999974
0.04000000000000001,0.11499999999999996,0.005,0.0394,0.03239000000000003
0.045000000000000005,0.11499999999999996,0.005,0.0394,0.032584999999999975
0.05,0.11499999999999996,0.005,0.0394,0.03278000000000003
0.05500000000000001,0.11499999999999996,0.005,0.0394,0.03297499999999998
0.06000000000000001,0.11499999999999996,0.005,0.0394,0.03317000000000003
0.065,0.11499999999999996,0.005,0.0394,0.03336499999999998
0.07,0.11499999999999996,0.005,0.0394,0.033560000000000034
0.07500000000000001,0.11499999999999996,0.005,0.0394,0.03375499999999998
0.08000000000000002,0.11499999999999996,0.005,0.0394,0.033950000000000036
0.02,0.11499999999999996,0.01,0.0525,0.03161000000000003
0.025,0.11499999999999996,0.01,0.0427,0.03180499999999997
0.030000000000000002,0.11499999999999996,0.01,0.0402,0.03200000000000003
0.035,0.11499999999999996,0.01,0.0395,0.032194999999999974
0.04000000000000001,0.11499999999999996,0.01,0.0394,0.03239000000000003
0.045000000000000005,0.11499999999999996,0.01,0.0394,0.032584999999999975
0.05,0.11499999999999996,0.01,0.0394,0.03278000000000003
0.05500000000000001,0.11499999999999996,0.01,0.0394,0.03297499999999998
0.06000000000000001,0.11499999999999996,0.01,0.0394,0.03317000000000003
0.065,0.11499999999999996,0.01,0.0394,0.03336499999999998
0.07,0.11499999999999996,0.01,0.0394,0.033560000000000034
0.07500000000000001,0.11499999999999996,0.01,0.0394,0.03375499999999998
0.08000000000000002,0.11499999999999996,0.01,0.0394,0.033950000000000036
0.02,0.11499999999999996,0.015,0.0525,0.03161000000000003
0.025,0.11499999999999996,0.015,0.0427,0.03180499999999997
0.030000000000000002,0.11499999999999996,0.015,0.0402,0.03200000000000003
0.035,0.11499999999999996,0.015,0.0395,0.032194999999999974
0.04000000000000001,0.11499999999999996,0.015,0.0394,0.03239000000000003
0.045000000000000005,0.11499999999999996,0.015,0.0394,0.032584999999999975
0.05,0.11499999999999996,0.015,0.0394,0.03278000000000003
0.05500000000000001,0.11499999999999996,0.015,0.0394,0.03297499999999998
0.06000000000000001,0.11499999999999996,0.015,0.0394,0.03317000000000003
0.065,0.11499999999999996,0.015,0.0394,0.03336499999999998
0.07,0.11499999999999996,0.015,0.0394,0.033560000000000034
0.07500000000000001,0.11499999999999996,0.015,0.0394,0.03375499999999998
0.08000000000000002,0.11499999999999996,0.015,0.0394,0.033950000000000036
0.02,0.11499999999999996,0.02,0.0492,0.03161000000000003
0.025,0.11499999999999996,0.02,0.0416,0.03180499999999997
0.030000000000000002,0.11499999999999996,0.02,0.04,0.03200000000000003
0.035,0.11499999999999996,0.02,0.0394,0.032194999999999974
0.04000000000000001,0.11499999999999996,0.02,0.0394,0.03239000000000003
0.045000000000000005,0.11499999999999996,0.02,0.0394,0.032584999999999975
0.05,0.11499999999999996,0.02,0.0394,0.03278000000000003
0.05500000000000001,0.11499999999999996,0.02,0.0394,0.03297499999999998
0.06000000000000001,0.11499999999999996,0.02,0.0394,0.03317000000000003
0.065,0.11499999999999996,0.02,0.0394,0.03336499999999998
0.07,0.11499999999999996,0.02,0.0394,0.033560000000000034
0.07500000000000001,0.11499999999999996,0.02,0.0394,0.03375499999999998
0.08000000000000002,0.11499999999999996,0.02,0.0394,0.033950000000000036
0.02,0.11499999999999996,0.025,0.0492,0.03161000000000003
0.025,0.11499999999999996,0.025,0.0416,0.03180499999999997
0.030000000000000002,0.11499999999999996,0.025,0.04,0.03200000000000003
0.035,0.11499999999999996,0.025,0.0394,0.032194999999999974
0.04000000000000001,0.11499999999999996,0.025,0.0394,0.03239000000000003
0.045000000000000005,0.11499999999999996,0.025,0.0394,0.032584999999999975
0.05,0.11499999999999996,0.025,0.0394,0.03278000000000003
0.05500000000000001,0.11499999999999996,0.025,0.0394,0.03297499999999998
0.06000000000000001,0.11499999999999996,0.025,0.0394,0.03317000000000003
0.065,0.11499999999999996,0.025,0.0394,0.03336499999999998
0.07,0.11499999999999996,0.025,0.0394,0.033560000000000034
0.07500000000000001,0.11499999999999996,0.025,0.0394,0.03375499999999998
0.08000000000000002,0.11499999999999996,0.025,0.0394,0.033950000000000036
0.02,0.11499999999999996,0.03,0.0492,0.03161000000000003
0.025,0.11499999999999996,0.03,0.0416,0.03180499999999997
0.030000000000000002,0.11499999999999996,0.03,0.04,0.03200000000000003
0.035,0.11499999999999996,0.03,0.0394,0.032194999999999974
0.04000000000000001,0.11499999999999996,0.03,0.0394,0.03239000000000003
0.045000000000000005,0.11499999999999996,0.03,0.0394,0.032584999999999975
0.05,0.11499999999999996,0.03,0.0394,0.03278000000000003
0.05500000000000001,0.11499999999999996,0.03,0.0394,0.03297499999999998
0.06000000000000001,0.11499999999999996,0.03,0.0394,0.03317000000000003
0.065,0.11499999999999996,0.03,0.0394,0.03336499999999998
0.07,0.11499999999999996,0.03,0.0394,0.033560000000000034
0.07500000000000001,0.11499999999999996,0.03,0.0394,0.03375499999999998
0.08000000000000002,0.11499999999999996,0.03,0.0394,0.033950000000000036
0.02,0.11499999999999996,0.035,0.0492,0.03161000000000003
0.025,0.11499999999999996,0.035,0.0416,0.03180499999999997
0.030000000000000002,0.11499999999999996,0.035,0.04,0.03200000000000003
0.035,0.11499999999999996,0.035,0.0394,0.032194999999999974
0.04000000000000001,0.11499999999999996,0.035,0.0394,0.03239000000000003
0.045000000000000005,0.11499999999999996,0.035,0.0394,0.032584999999999975
0.05,0.11499999999999996,0.035,0.0394,0.03278000000000003
0.05500000000000001,0.11499999999999996,0.035,0.0394,0.03297499999999998
0.06000000000000001,0.11499999999999996,0.035,0.0394,0.03317000000000003
0.065,0.11499999999999996,0.035,0.0394,0.03336499999999998
0.07,0.11499999999999996,0.035,0.0394,0.033560000000000034
0.07500000000000001,0.11499999999999996,0.035,0.0394,0.03375499999999998
0.08000000000000002,0.11499999999999996,0.035,0.0394,0.033950000000000036
0.02,0.11999999999999997,-0.01,0.048,0.03161000000000003
0.025,0.11999999999999997,-0.01,0.0415,0.03180499999999997
0.030000000000000002,0.11999999999999997,-0.01,0.0398,0.03200000000000003
0.035,0.11999999999999997,-0.01,0.0395,0.032194999999999974
0.04000000000000001,0.11999999999999997,-0.01,0.0394,0.03239000000000003
0.045000000000000005,0.11999999999999997,-0.01,0.0394,0.032584999999999975
0.05,0.11999999999999997,-0.01,0.0394,0.03278000000000003
0.05500000000000001,0.11999999999999997,-0.01,0.0394,0.03297499999999998
0.06000000000000001,0.11999999999999997,-0.01,0.0394,0.03317000000000003
0.065,0.11999999999999997,-0.01,0.0394,0.03336499999999998
0.07,0.11999999999999997,-0.01,0.0394,0.033560000000000034
0.07500000000000001,0.11999999999999997,-0.01,0.0394,0.03375499999999998
0.08000000000000002,0.11999999999999997,-0.01,0.0394,0.033950000000000036
0.02,0.11999999999999997,-0.005,0.048,0.03161000000000003
0.025,0.11999999999999997,-0.005,0.0415,0.03180499999999997
0.030000000000000002,0.11999999999999997,-0.005,0.0398,0.03200000000000003
0.035,0.11999999999999997,-0.005,0.0395,0.032194999999999974
0.04000000000000001,0.11999999999999997,-0.005,0.0394,0.03239000000000003
0.045000000000000005,0.11999999999999997,-0.005,0.0394,0.032584999999999975
0.05,0.11999999999999997,-0.005,0.0394,0.03278000000000003
0.05500000000000001,0.11999999999999997,-0.005,0.0394,0.03297499999999998
0.06000000000000001,0.11999999999999997,-0.005,0.0394,0.03317000000000003
0.065,0.11999999999999997,-0.005,0.0394,0.03336499999999998
0.07,0.11999999999999997,-0.005,0.0394,0.033560000000000034
0.07500000000000001,0.11999999999999997,-0.005,0.0394,0.03375499999999998
0.08000000000000002,0.11999999999999997,-0.005,0.0394,0.033950000000000036
0.02,0.11999999999999997,0.0,0.048,0.03161000000000003
0.025,0.11999999999999997,0.0,0.0415,0.03180499999999997
0.030000000000000002,0.11999999999999997,0.0,0.0398,0.03200000000000003
0.035,0.11999999999999997,0.0,0.0395,0.032194999999999974
0.04000000000000001,0.11999999999999997,0.0,0.0394,0.03239000000000003
0.045000000000000005,0.11999999999999997,0.0,0.0394,0.032584999999999975
0.05,0.11999999999999997,0.0,0.0394,0.03278000000000003
0.05500000000000001,0.11999999999999997,0.0,0.0394,0.03297499999999998
0.06000000000000001,0.11999999999999997,0.0,0.0394,0.03317000000000003
0.065,0.11999999999999997,0.0,0.0394,0.03336499999999998
0.07,0.11999999999999997,0.0,0.0394,0.033560000000000034
0.07500000000000001,0.11999999999999997,0.0,0.0394,0.03375499999999998
0.08000000000000002,0.11999999999999997,0.0,0.0394,0.033950000000000036
0.02,0.11999999999999997,0.005,0.048,0.03161000000000003
0.025,0.11999999999999997,0.005,0.0415,0.03180499999999997
0.030000000000000002,0.11999999999999997,0.005,0.0398,0.03200000000000003
0.035,0.11999999999999997,0.005,0.0395,0.032194999999999974
0.04000000000000001,0.11999999999999997,0.005,0.0394,0.03239000000000003
0.045000000000000005,0.11999999999999997,0.005,0.0394,0.032584999999999975
0.05,0.11999999999999997,0.005,0.0394,0.03278000000000003
0.05500000000000001,0.11999999999999997,0.005,0.0394,0.03297499999999998
0.06000000000000001,0.11999999999999997,0.005,0.0394,0.03317000000000003
0.065,0.11999999999999997,0.005,0.0394,0.03336499999999998
0.07,0.11999999999999997,0.005,0.0394,0.033560000000000034
0.07500000000000001,0.11999999999999997,0.005,0.0394,0.03375499999999998
0.08000000000000002,0.11999999999999997,0.005,0.0394,0.033950000000000036
0.02,0.11999999999999997,0.01,0.048,0.03161000000000003
0.025,0.11999999999999997,0.01,0.0415,0.03180499999999997
0.030000000000000002,0.11999999999999997,0.01,0.0398,0.03200000000000003
0.035,0.11999999999999997,0.01,0.0395,0.032194999999999974
0.04000000000000001,0.11999999999999997,0.01,0.0394,0.03239000000000003
0.045000000000000005,0.11999999999999997,0.01,0.0394,0.032584999999999975
0.05,0.11999999999999997,0.01,0.0394,0.03278000000000003
0.05500000000000001,0.11999999999999997,0.01,0.0394,0.03297499999999998
0.06000000000000001,0.11999999999999997,0.01,0.0394,0.03317000000000003
0.065,0.11999999999999997,0.01,0.0394,0.03336499999999998
0.07,0.11999999999999997,0.01,0.0394,0.033560000000000034
0.07500000000000001,0.11999999999999997,0.01,0.0394,0.03375499999999998
0.08000000000000002,0.11999999999999997,0.01,0.0394,0.033950000000000036
0.02,0.11999999999999997,0.015,0.048,0.03161000000000003
0.025,0.11999999999999997,0.015,0.0415,0.03180499999999997
0.030000000000000002,0.11999999999999997,0.015,0.0398,0.03200000000000003
0.035,0.11999999999999997,0.015,0.0395,0.032194999999999974
0.04000000000000001,0.11999999999999997,0.015,0.0394,0.03239000000000003
0.045000000000000005,0.11999999999999997,0.015,0.0394,0.032584999999999975
0.05,0.11999999999999997,0.015,0.0394,0.03278000000000003
0.05500000000000001,0.11999999999999997,0.015,0.0394,0.03297499999999998
0.06000000000000001,0.11999999999999997,0.015,0.0394,0.03317000000000003
0.065,0.11999999999999997,0.015,0.0394,0.03336499999999998
0.07,0.11999999999999997,0.015,0.0394,0.033560000000000034
0.07500000000000001,0.11999999999999997,0.015,0.0394,0.03375499999999998
0.08000000000000002,0.11999999999999997,0.015,0.0394,0.033950000000000036
0.02,0.11999999999999997,0.02,0.0455,0.03161000000000003
0.025,0.11999999999999997,0.02,0.0408,0.03180499999999997
0.030000000000000002,0.11999999999999997,0.02,0.0397,0.03200000000000003
0.035,0.11999999999999997,0.02,0.0394,0.032194999999999974
0.04000000000000001,0.11999999999999997,0.02,0.0394,0.03239000000000003
0.045000000000000005,0.11999999999999997,0.02,0.0394,0.032584999999999975
0.05,0.11999999999999997,0.02,0.0394,0.03278000000000003
0.05500000000000001,0.11999999999999997,0.02,0.0394,0.03297499999999998
0.06000000000000001,0.11999999999999997,0.02,0.0394,0.03317000000000003
0.065,0.11999999999999997,0.02,0.0394,0.03336499999999998
0.07,0.11999999999999997,0.02,0.0394,0.033560000000000034
0.07500000000000001,0.11999999999999997,0.02,0.0394,0.03375499999999998
0.08000000000000002,0.11999999999999997,0.02,0.0394,0.033950000000000036
0.02,0.11999999999999997,0.025,0.0455,0.03161000000000003
0.025,0.11999999999999997,0.025,0.0408,0.03180499999999997
0.030000000000000002,0.11999999999999997,0.025,0.0397,0.03200000000000003
0.035,0.11999999999999997,0.025,0.0394,0.032194999999999974
0.04000000000000001,0.11999999999999997,0.025,0.0394,0.03239000000000003
0.045000000000000005,0.11999999999999997,0.025,0.0394,0.032584999999999975
0.05,0.11999999999999997,0.025,0.0394,0.03278000000000003
0.05500000000000001,0.11999999999999997,0.025,0.0394,0.03297499999999998
0.06000000000000001,0.11999999999999997,0.025,0.0394,0.03317000000000003
0.065,0.11999999999999997,0.025,0.0394,0.03336499999999998
0.07,0.11999999999999997,0.025,0.0394,0.033560000000000034
0.07500000000000001,0.11999999999999997,0.025,0.0394,0.03375499999999998
0.08000000000000002,0.11999999999999997,0.025,0.0394,0.033950000000000036
0.02,0.11999999999999997,0.03,0.0455,0.03161000000000003
0.025,0.11999999999999997,0.03,0.0408,0.03180499999999997
0.030000000000000002,0.11999999999999997,0.03,0.0397,0.03200000000000003
0.035,0.11999999999999997,0.03,0.0394,0.032194999999999974
0.04000000000000001,0.11999999999999997,0.03,0.0394,0.03239000000000003
0.045000000000000005,0.11999999999999997,0.03,0.0394,0.032584999999999975
0.05,0.11999999999999997,0.03,0.0394,0.03278000000000003
0.05500000000000001,0.11999999999999997,0.03,0.0394,0.03297499999999998
0.06000000000000001,0.11999999999999997,0.03,0.0394,0.03317000000000003
0.065,0.11999999999999997,0.03,0.0394,0.03336499999999998
0.07,0.11999999999999997,0.03,0.0394,0.033560000000000034
0.07500000000000001,0.11999999999999997,0.03,0.0394,0.03375499999999998
0.08000000000000002,0.11999999999999997,0.03,0.0394,0.033950000000000036
0.02,0.11999999999999997,0.035,0.0455,0.03161000000000003
0.025,0.11999999999999997,0.035,0.0408,0.03180499999999997
0.030000000000000002,0.11999999999999997,0.035,0.0397,0.03200000000000003
0.035,0.11999999999999997,0.035,0.0394,0.032194999999999974
0.04000000000000001,0.11999999999999997,0.035,0.0394,0.03239000000000003
0.045000000000000005,0.11999999999999997,0.035,0.0394,0.032584999999999975
0.05,0.11999999999999997,0.035,0.0394,0.03278000000000003
0.05500000000000001,0.11999999999999997,0.035,0.0394,0.03297499999999998
0.06000000000000001,0.11999999999999997,0.035,0.0394,0.03317000000000003
0.065,0.11999999999999997,0.035,0.0394,0.03336499999999998
0.07,0.11999999999999997,0.035,0.0394,0.033560000000000034
0.07500000000000001,0.11999999999999997,0.035,0.0394,0.03375499999999998
0.08000000000000002,0.11999999999999997,0.035,0.0394,0.033950000000000036
0.02,0.12499999999999997,-0.01,0.0454,0.03161000000000003
0.025,0.12499999999999997,-0.01,0.0406,0.03180499999999997
0.030000000000000002,0.12499999999999997,-0.01,0.0396,0.03200000000000003
0.035,0.12499999999999997,-0.01,0.0395,0.032194999999999974
0.04000000000000001,0.12499999999999997,-0.01,0.0394,0.03239000000000003
0.045000000000000005,0.12499999999999997,-0.01,0.0394,0.032584999999999975
0.05,0.12499999999999997,-0.01,0.0394,0.03278000000000003
0.05500000000000001,0.12499999999999997,-0.01,0.0394,0.03297499999999998
0.06000000000000001,0.12499999999999997,-0.01,0.0394,0.03317000000000003
0.065,0.12499999999999997,-0.01,0.0394,0.03336499999999998
0.07,0.12499999999999997,-0.01,0.0394,0.033560000000000034
0.07500000000000001,0.12499999999999997,-0.01,0.0394,0.03375499999999998
0.08000000000000002,0.12499999999999997,-0.01,0.0394,0.033950000000000036
0.02,0.12499999999999997,-0.005,0.0454,0.03161000000000003
0.025,0.12499999999999997,-0.005,0.0406,0.03180499999999997
0.030000000000000002,0.12499999999999997,-0.005,0.0396,0.03200000000000003
0.035,0.12499999999999997,-0.005,0.0395,0.032194999999999974
0.04000000000000001,0.12499999999999997,-0.005,0.0394,0.03239000000000003
0.045000000000000005,0.12499999999999997,-0.005,0.0394,0.032584999999999975
0.05,0.12499999999999997,-0.005,0.0394,0.03278000000000003
0.05500000000000001,0.12499999999999997,-0.005,0.0394,0.03297499999999998
0.06000000000000001,0.12499999999999997,-0.005,0.0394,0.03317000000000003
0.065,0.12499999999999997,-0.005,0.0394,0.03336499999999998
0.07,0.12499999999999997,-0.005,0.0394,0.033560000000000034
0.07500000000000001,0.12499999999999997,-0.005,0.0394,0.03375499999999998
0.08000000000000002,0.12499999999999997,-0.005,0.0394,0.033950000000000036
0.02,0.12499999999999997,0.0,0.0454,0.03161000000000003
0.025,0.12499999999999997,0.0,0.0406,0.03180499999999997
0.030000000000000002,0.12499999999999997,0.0,0.0396,0.03200000000000003
0.035,0.12499999999999997,0.0,0.0395,0.032194999999999974
0.04000000000000001,0.12499999999999997,0.0,0.0394,0.03239000000000003
0.045000000000000005,0.12499999999999997,0.0,0.0394,0.032584999999999975
0.05,0.12499999999999997,0.0,0.0394,0.03278000000000003
0.05500000000000001,0.12499999999999997,0.0,0.0394,0.03297499999999998
0.06000000000000001,0.12499999999999997,0.0,0.0394,0.03317000000000003
0.065,0.12499999999999997,0.0,0.0394,0.03336499999999998
0.07,0.12499999999999997,0.0,0.0394,0.033560000000000034
0.07500000000000001,0.12499999999999997,0.0,0.0394,0.03375499999999998
0.08000000000000002,0.12499999999999997,0.0,0.0394,0.033950000000000036
0.02,0.12499999999999997,0.005,0.0454,0.03161000000000003
0.025,0.12499999999999997,0.005,0.0406,0.03180499999999997
0.030000000000000002,0.12499999999999997,0.005,0.0396,0.03200000000000003
0.035,0.12499999999999997,0.005,0.0395,0.032194999999999974
0.04000000000000001,0.12499999999999997,0.005,0.0394,0.03239000000000003
0.045000000000000005,0.12499999999999997,0.005,0.0394,0.032584999999999975
0.05,0.12499999999999997,0.005,0.0394,0.03278000000000003
0.05500000000000001,0.12499999999999997,0.005,0.0394,0.03297499999999998
0.06000000000000001,0.12499999999999997,0.005,0.0394,0.03317000000000003
0.065,0.12499999999999997,0.005,0.0394,0.03336499999999998
0.07,0.12499999999999997,0.005,0.0394,0.033560000000000034
0.07500000000000001,0.12499999999999997,0.005,0.0394,0.03375499999999998
0.08000000000000002,0.12499999999999997,0.005,0.0394,0.033950000000000036
0.02,0.12499999999999997,0.01,0.0454,0.03161000000000003
0.025,0.12499999999999997,0.01,0.0406,0.03180499999999997
0.030000000000000002,0.12499999999999997,0.01,0.0396,0.03200000000000003
0.035,0.12499999999999997,0.01,0.0395,0.032194999999999974
0.04000000000000001,0.12499999999999997,0.01,0.0394,0.03239000000000003
0.045000000000000005,0.12499999999999997,0.01,0.0394,0.032584999999999975
0.05,0.12499999999999997,0.01,0.0394,0.03278000000000003
0.05500000000000001,0.12499999999999997,0.01,0.0394,0.03297499999999998
0.06000000000000001,0.12499999999999997,0.01,0.0394,0.03317000000000003
0.065,0.12499999999999997,0.01,0.0394,0.03336499999999998
0.07,0.12499999999999997,0.01,0.0394,0.033560000000000034
0.07500000000000001,0.12499999999999997,0.01,0.0394,0.03375499999999998
0.08000000000000002,0.12499999999999997,0.01,0.0394,0.033950000000000036
0.02,0.12499999999999997,0.015,0.0454,0.03161000000000003
0.025,0.12499999999999997,0.015,0.0406,0.03180499999999997
0.030000000000000002,0.12499999999999997,0.015,0.0396,0.03200000000000003
0.035,0.12499999999999997,0.015,0.0395,0.032194999999999974
0.04000000000000001,0.12499999999999997,0.015,0.0394,0.03239000000000003
0.045000000000000005,0.12499999999999997,0.015,0.0394,0.032584999999999975
0.05,0.12499999999999997,0.015,0.0394,0.03278000000000003
0.05500000000000001,0.12499999999999997,0.015,0.0394,0.03297499999999998
0.06000000000000001,0.12499999999999997,0.015,0.0394,0.03317000000000003
0.065,0.12499999999999997,0.015,0.0394,0.03336499999999998
0.07,0.12499999999999997,0.015,0.0394,0.033560000000000034
0.07500000000000001,0.12499999999999997,0.015,0.0394,0.03375499999999998
0.08000000000000002,0.12499999999999997,0.015,0.0394,0.033950000000000036
0.02,0.12499999999999997,0.02,0.0436,0.03161000000000003
0.025,0.12499999999999997,0.02,0.0403,0.03180499999999997
0.030000000000000002,0.12499999999999997,0.02,0.0395,0.03200000000000003
0.035,0.12499999999999997,0.02,0.0394,0.032194999999999974
0.04000000000000001,0.12499999999999997,0.02,0.0394,0.03239000000000003
0.045000000000000005,0.12499999999999997,0.02,0.0394,0.032584999999999975
0.05,0.12499999999999997,0.02,0.0394,0.03278000000000003
0.05500000000000001,0.12499999999999997,0.02,0.0394,0.03297499999999998
0.06000000000000001,0.12499999999999997,0.02,0.0394,0.03317000000000003
0.065,0.12499999999999997,0.02,0.0394,0.03336499999999998
0.07,0.12499999999999997,0.02,0.0394,0.033560000000000034
0.07500000000000001,0.12499999999999997,0.02,0.0394,0.03375499999999998
0.08000000000000002,0.12499999999999997,0.02,0.0394,0.033950000000000036
0.02,0.12499999999999997,0.025,0.0436,0.03161000000000003
0.025,0.12499999999999997,0.025,0.0403,0.03180499999999997
0.030000000000000002,0.12499999999999997,0.025,0.0395,0.03200000000000003
0.035,0.12499999999999997,0.025,0.0394,0.032194999999999974
0.04000000000000001,0.12499999999999997,0.025,0.0394,0.03239000000000003
0.045000000000000005,0.12499999999999997,0.025,0.0394,0.032584999999999975
0.05,0.12499999999999997,0.025,0.0394,0.03278000000000003
0.05500000000000001,0.12499999999999997,0.025,0.0394,0.03297499999999998
0.06000000000000001,0.12499999999999997,0.025,0.0394,0.03317000000000003
0.065,0.12499999999999997,0.025,0.0394,0.03336499999999998
0.07,0.12499999999999997,0.025,0.0394,0.033560000000000034
0.07500000000000001,0.12499999999999997,0.025,0.0394,0.03375499999999998
0.08000000000000002,0.12499999999999997,0.025,0.0394,0.033950000000000036
0.02,0.12499999999999997,0.03,0.0436,0.03161000000000003
0.025,0.12499999999999997,0.03,0.0403,0.03180499999999997
0.030000000000000002,0.12499999999999997,0.03,0.0395,0.03200000000000003
0.035,0.12499999999999997,0.03,0.0394,0.032194999999999974
0.04000000000000001,0.12499999999999997,0.03,0.0394,0.03239000000000003
0.045000000000000005,0.12499999999999997,0.03,0.0394,0.032584999999999975
0.05,0.12499999999999997,0.03,0.0394,0.03278000000000003
0.05500000000000001,0.12499999999999997,0.03,0.0394,0.03297499999999998
0.06000000000000001,0.12499999999999997,0.03,0.0394,0.03317000000000003
0.065,0.12499999999999997,0.03,0.0394,0.03336499999999998
0.07,0.12499999999999997,0.03,0.0394,0.033560000000000034
0.07500000000000001,0.12499999999999997,0.03,0.0394,0.03375499999999998
0.08000000000000002,0.12499999999999997,0.03,0.0394,0.033950000000000036
0.02,0.12499999999999997,0.035,0.0436,0.03161000000000003
0.025,0.12499999999999997,0.035,0.0403,0.03180499999999997
0.030000000000000002,0.12499999999999997,0.035,0.0395,0.03200000000000003
0.035,0.12499999999999997,0.035,0.0394,0.032194999999999974
0.04000000000000001,0.12499999999999997,0.035,0.0394,0.03239000000000003
0.045000000000000005,0.12499999999999997,0.035,0.0394,0.032584999999999975
0.05,0.12499999999999997,0.035,0.0394,0.03278000000000003
0.05500000000000001,0.12499999999999997,0.035,0.0394,0.03297499999999998
0.06000000000000001,0.12499999999999997,0.035,0.0394,0.03317000000000003
0.065,0.12499999999999997,0.035,0.0394,0.03336499999999998
0.07,0.12499999999999997,0.035,0.0394,0.033560000000000034
0.07500000000000001,0.12499999999999997,0.035,0.0394,0.03375499999999998
0.08000000000000002,0.12499999999999997,0.035,0.0394,0.033950000000000036
0.02,0.12999999999999995,-0.01,0.0437,0.03161000000000003
0.025,0.12999999999999995,-0.01,0.0404,0.03180499999999997
0.030000000000000002,0.12999999999999995,-0.01,0.0395,0.03200000000000003
0.035,0.12999999999999995,-0.01,0.0395,0.032194999999999974
0.04000000000000001,0.12999999999999995,-0.01,0.0394,0.03239000000000003
0.045000000000000005,0.12999999999999995,-0.01,0.0394,0.032584999999999975
0.05,0.12999999999999995,-0.01,0.0394,0.03278000000000003
0.05500000000000001,0.12999999999999995,-0.01,0.0394,0.03297499999999998
0.06000000000000001,0.12999999999999995,-0.01,0.0394,0.03317000000000003
0.065,0.12999999999999995,-0.01,0.0394,0.03336499999999998
0.07,0.12999999999999995,-0.01,0.0394,0.033560000000000034
0.07500000000000001,0.12999999999999995,-0.01,0.0394,0.03375499999999998
0.08000000000000002,0.12999999999999995,-0.01,0.0394,0.033950000000000036
0.02,0.12999999999999995,-0.005,0.0437,0.03161000000000003
0.025,0.12999999999999995,-0.005,0.0404,0.03180499999999997
0.030000000000000002,0.12999999999999995,-0.005,0.0395,0.03200000000000003
0.035,0.12999999999999995,-0.005,0.0395,0.032194999999999974
0.04000000000000001,0.12999999999999995,-0.005,0.0394,0.03239000000000003
0.045000000000000005,0.12999999999999995,-0.005,0.0394,0.032584999999999975
0.05,0.12999999999999995,-0.005,0.0394,0.03278000000000003
0.05500000000000001,0.12999999999999995,-0.005,0.0394,0.03297499999999998
0.06000000000000001,0.12999999999999995,-0.005,0.0394,0.03317000000000003
0.065,0.12999999999999995,-0.005,0.0394,0.03336499999999998
0.07,0.12999999999999995,-0.005,0.0394,0.033560000000000034
0.07500000000000001,0.12999999999999995,-0.005,0.0394,0.03375499999999998
0.08000000000000002,0.12999999999999995,-0.005,0.0394,0.033950000000000036
0.02,0.12999999999999995,0.0,0.0437,0.03161000000000003
0.025,0.12999999999999995,0.0,0.0404,0.03180499999999997
0.030000000000000002,0.12999999999999995,0.0,0.0395,0.03200000000000003
0.035,0.12999999999999995,0.0,0.0395,0.032194999999999974
0.04000000000000001,0.12999999999999995,0.0,0.0394,0.03239000000000003
0.045000000000000005,0.12999999999999995,0.0,0.0394,0.032584999999999975
0.05,0.12999999999999995,0.0,0.0394,0.03278000000000003
0.05500000000000001,0.12999999999999995,0.0,0.0394,0.03297499999999998
0.06000000000000001,0.12999999999999995,0.0,0.0394,0.03317000000000003
0.065,0.12999999999999995,0.0,0.0394,0.03336499999999998
0.07,0.12999999999999995,0.0,0.0394,0.033560000000000034
0.07500000000000001,0.12999999999999995,0.0,0.0394,0.03375499999999998
0.08000000000000002,0.12999999999999995,0.0,0.0394,0.033950000000000036
0.02,0.12999999999999995,0.005,0.0437,0.03161000000000003
0.025,0.12999999999999995,0.005,0.0404,0.03180499999999997
0.030000000000000002,0.12999999999999995,0.005,0.0395,0.03200000000000003
0.035,0.12999999999999995,0.005,0.0395,0.032194999999999974
0.04000000000000001,0.12999999999999995,0.005,0.0394,0.03239000000000003
0.045000000000000005,0.12999999999999995,0.005,0.0394,0.032584999999999975
0.05,0.12999999999999995,0.005,0.0394,0.03278000000000003
0.05500000000000001,0.12999999999999995,0.005,0.0394,0.03297499999999998
0.06000000000000001,0.12999999999999995,0.005,0.0394,0.03317000000000003
0.065,0.12999999999999995,0.005,0.0394,0.03336499999999998
0.07,0.12999999999999995,0.005,0.0394,0.033560000000000034
0.07500000000000001,0.12999999999999995,0.005,0.0394,0.03375499999999998
0.08000000000000002,0.12999999999999995,0.005,0.0394,0.033950000000000036
0.02,0.12999999999999995,0.01,0.0437,0.03161000000000003
0.025,0.12999999999999995,0.01,0.0404,0.03180499999999997
0.030000000000000002,0.12999999999999995,0.01,0.0395,0.03200000000000003
0.035,0.12999999999999995,0.01,0.0395,0.032194999999999974
0.04000000000000001,0.12999999999999995,0.01,0.0394,0.03239000000000003
0.045000000000000005,0.12999999999999995,0.01,0.0394,0.032584999999999975
0.05,0.12999999999999995,0.01,0.0394,0.03278000000000003
0.05500000000000001,0.12999999999999995,0.01,0.0394,0.03297499999999998
0.06000000000000001,0.12999999999999995,0.01,0.0394,0.03317000000000003
0.065,0.12999999999999995,0.01,0.0394,0.03336499999999998
0.07,0.12999999999999995,0.01,0.0394,0.033560000000000034
0.07500000000000001,0.12999999999999995,0.01,0.0394,0.03375499999999998
0.08000000000000002,0.12999999999999995,0.01,0.0394,0.033950000000000036
0.02,0.12999999999999995,0.015,0.0437,0.03161000000000003
0.025,0.12999999999999995,0.015,0.0404,0.03180499999999997
0.030000000000000002,0.12999999999999995,0.015,0.0395,0.03200000000000003
0.035,0.12999999999999995,0.015,0.0395,0.032194999999999974
0.04000000000000001,0.12999999999999995,0.015,0.0394,0.03239000000000003
0.045000000000000005,0.12999999999999995,0.015,0.0394,0.032584999999999975
0.05,0.12999999999999995,0.015,0.0394,0.03278000000000003
0.05500000000000001,0.12999999999999995,0.015,0.0394,0.03297499999999998
0.06000000000000001,0.12999999999999995,0.015,0.0394,0.03317000000000003
0.065,0.12999999999999995,0.015,0.0394,0.03336499999999998
0.07,0.12999999999999995,0.015,0.0394,0.033560000000000034
0.07500000000000001,0.12999999999999995,0.015,0.0394,0.03375499999999998
0.08000000000000002,0.12999999999999995,0.015,0.0394,0.033950000000000036
0.02,0.12999999999999995,0.02,0.0422,0.03161000000000003
0.025,0.12999999999999995,0.02,0.0401,0.03180499999999997
0.030000000000000002,0.12999999999999995,0.02,0.0394,0.03200000000000003
0.035,0.12999999999999995,0.02,0.0394,0.032194999999999974
0.04000000000000001,0.12999999999999995,0.02,0.0394,0.03239000000000003
0.045000000000000005,0.12999999999999995,0.02,0.0394,0.032584999999999975
0.05,0.12999999999999995,0.02,0.0394,0.03278000000000003
0.05500000000000001,0.12999999999999995,0.02,0.0394,0.03297499999999998
0.06000000000000001,0.12999999999999995,0.02,0.0394,0.03317000000000003
0.065,0.12999999999999995,0.02,0.0394,0.03336499999999998
0.07,0.12999999999999995,0.02,0.0394,0.033560000000000034
0.07500000000000001,0.12999999999999995,0.02,0.0394,0.03375499999999998
0.08000000000000002,0.12999999999999995,0.02,0.0394,0.033950000000000036
0.02,0.12999999999999995,0.025,0.0422,0.03161000000000003
0.025,0.12999999999999995,0.025,0.0401,0.03180499999999997
0.030000000000000002,0.12999999999999995,0.025,0.0394,0.03200000000000003
0.035,0.12999999999999995,0.025,0.0394,0.032194999999999974
0.04000000000000001,0.12999999999999995,0.025,0.0394,0.03239000000000003
0.045000000000000005,0.12999999999999995,0.025,0.0394,0.032584999999999975
0.05,0.12999999999999995,0.025,0.0394,0.03278000000000003
0.05500000000000001,0.12999999999999995,0.025,0.0394,0.03297499999999998
0.06000000000000001,0.12999999999999995,0.025,0.0394,0.03317000000000003
0.065,0.12999999999999995,0.025,0.0394,0.03336499999999998
0.07,0.12999999999999995,0.025,0.0394,0.033560000000000034
0.07500000000000001,0.12999999999999995,0.025,0.0394,0.03375499999999998
0.08000000000000002,0.12999999999999995,0.025,0.0394,0.033950000000000036
0.02,0.12999999999999995,0.03,0.0422,0.03161000000000003
0.025,0.12999999999999995,0.03,0.0401,0.03180499999999997
0.030000000000000002,0.12999999999999995,0.03,0.0394,0.03200000000000003
0.035,0.12999999999999995,0.03,0.0394,0.032194999999999974
0.04000000000000001,0.12999999999999995,0.03,0.0394,0.03239000000000003
0.045000000000000005,0.12999999999999995,0.03,0.0394,0.032584999999999975
0.05,0.12999999999999995,0.03,0.0394,0.03278000000000003
0.05500000000000001,0.12999999999999995,0.03,0.0394,0.03297499999999998
0.06000000000000001,0.12999999999999995,0.03,0.0394,0.03317000000000003
0.065,0.12999999999999995,0.03,0.0394,0.03336499999999998
0.07,0.12999999999999995,0.03,0.0394,0.033560000000000034
0.07500000000000001,0.12999999999999995,0.03,0.0394,0.03375499999999998
0.08000000000000002,0.12999999999999995,0.03,0.0394,0.033950000000000036
0.02,0.12999999999999995,0.035,0.0422,0.03161000000000003
0.025,0.12999999999999995,0.035,0.0401,0.03180499999999997
0.030000000000000002,0.12999999999999995,0.035,0.0394,0.03200000000000003
0.035,0.12999999999999995,0.035,0.0394,0.032194999999999974
0.04000000000000001,0.12999999999999995,0.035,0.0394,0.03239000000000003
0.045000000000000005,0.12999999999999995,0.035,0.0394,0.032584999999999975
0.05,0.12999999999999995,0.035,0.0394,0.03278000000000003
0.05500000000000001,0.12999999999999995,0.035,0.0394,0.03297499999999998
0.06000000000000001,0.12999999999999995,0.035,0.0394,0.03317000000000003
0.065,0.12999999999999995,0.035,0.0394,0.03336499999999998
0.07,0.12999999999999995,0.035,0.0394,0.033560000000000034
0.07500000000000001,0.12999999999999995,0.035,0.0394,0.03375499999999998
0.08000000000000002,0.12999999999999995,0.035,0.0394,0.033950000000000036
0.02,0.13499999999999995,-0.01,0.0429,0.03161000000000003
0.025,0.13499999999999995,-0.01,0.0402,0.03180499999999997
0.030000000000000002,0.13499999999999995,-0.01,0.0395,0.03200000000000003
0.035,0.13499999999999995,-0.01,0.0395,0.032194999999999974
0.04000000000000001,0.13499999999999995,-0.01,0.0394,0.03239000000000003
0.045000000000000005,0.13499999999999995,-0.01,0.0394,0.032584999999999975
0.05,0.13499999999999995,-0.01,0.0394,0.03278000000000003
0.05500000000000001,0.13499999999999995,-0.01,0.0394,0.03297499999999998
0.06000000000000001,0.13499999999999995,-0.01,0.0394,0.03317000000000003
0.065,0.13499999999999995,-0.01,0.0394,0.03336499999999998
0.07,0.13499999999999995,-0.01,0.0394,0.033560000000000034
0.07500000000000001,0.13499999999999995,-0.01,0.0394,0.03375499999999998
0.08000000000000002,0.13499999999999995,-0.01,0.0394,0.033950000000000036
0.02,0.13499999999999995,-0.005,0.0429,0.03161000000000003
0.025,0.13499999999999995,-0.005,0.0402,0.03180499999999997
0.030000000000000002,0.13499999999999995,-0.005,0.0395,0.03200000000000003
0.035,0.13499999999999995,-0.005,0.0395,0.032194999999999974
0.04000000000000001,0.13499999999999995,-0.005,0.0394,0.03239000000000003
0.045000000000000005,0.13499999999999995,-0.005,0.0394,0.032584999999999975
0.05,0.13499999999999995,-0.005,0.0394,0.03278000000000003
0.05500000000000001,0.13499999999999995,-0.005,0.0394,0.03297499999999998
0.06000000000000001,0.13499999999999995,-0.005,0.0394,0.03317000000000003
0.065,0.13499999999999995,-0.005,0.0394,0.03336499999999998
0.07,0.13499999999999995,-0.005,0.0394,0.033560000000000034
0.07500000000000001,0.13499999999999995,-0.005,0.0394,0.03375499999999998
0.08000000000000002,0.13499999999999995,-0.005,0.0394,0.033950000000000036
0.02,0.13499999999999995,0.0,0.0429,0.03161000000000003
0.025,0.13499999999999995,0.0,0.0402,0.03180499999999997
0.030000000000000002,0.13499999999999995,0.0,0.0395,0.03200000000000003
0.035,0.13499999999999995,0.0,0.0395,0.032194999999999974
0.04000000000000001,0.13499999999999995,0.0,0.0394,0.03239000000000003
0.045000000000000005,0.13499999999999995,0.0,0.0394,0.032584999999999975
0.05,0.13499999999999995,0.0,0.0394,0.03278000000000003
0.05500000000000001,0.13499999999999995,0.0,0.0394,0.03297499999999998
0.06000000000000001,0.13499999999999995,0.0,0.0394,0.03317000000000003
0.065,0.13499999999999995,0.0,0.0394,0.03336499999999998
0.07,0.13499999999999995,0.0,0.0394,0.033560000000000034
0.07500000000000001,0.13499999999999995,0.0,0.0394,0.03375499999999998
0.08000000000000002,0.13499999999999995,0.0,0.0394,0.033950000000000036
0.02,0.13499999999999995,0.005,0.0429,0.03161000000000003
0.025,0.13499999999999995,0.005,0.0402,0.03180499999999997
0.030000000000000002,0.13499999999999995,0.005,0.0395,0.03200000000000003
0.035,0.13499999999999995,0.005,0.0395,0.032194999999999974
0.04000000000000001,0.13499999999999995,0.005,0.0394,0.03239000000000003
0.045000000000000005,0.13499999999999995,0.005,0.0394,0.032584999999999975
0.05,0.13499999999999995,0.005,0.0394,0.03278000000000003
0.05500000000000001,0.13499999999999995,0.005,0.0394,0.03297499999999998
0.06000000000000001,0.13499999999999995,0.005,0.0394,0.03317000000000003
0.065,0.13499999999999995,0.005,0.0394,0.03336499999999998
0.07,0.13499999999999995,0.005,0.0394,0.033560000000000034
0.07500000000000001,0.13499999999999995,0.005,0.0394,0.03375499999999998
0.08000000000000002,0.13499999999999995,0.005,0.0394,0.033950000000000036
0.02,0.13499999999999995,0.01,0.0429,0.03161000000000003
0.025,0.13499999999999995,0.01,0.0402,0.03180499999999997
0.030000000000000002,0.13499999999999995,0.01,0.0395,0.03200000000000003
0.035,0.13499999999999995,0.01,0.0395,0.032194999999999974
0.04000000000000001,0.13499999999999995,0.01,0.0394,0.03239000000000003
0.045000000000000005,0.13499999999999995,0.01,0.0394,0.032584999999999975
0.05,0.13499999999999995,0.01,0.0394,0.03278000000000003
0.05500000000000001,0.13499999999999995,0.01,0.0394,0.03297499999999998
0.06000000000000001,0.13499999999999995,0.01,0.0394,0.03317000000000003
0.065,0.13499999999999995,0.01,0.0394,0.03336499999999998
0.07,0.13499999999999995,0.01,0.0394,0.033560000000000034
0.07500000000000001,0.13499999999999995,0.01,0.0394,0.03375499999999998
0.08000000000000002,0.13499999999999995,0.01,0.0394,0.033950000000000036
0.02,0.13499999999999995,0.015,0.0429,0.03161000000000003
0.025,0.13499999999999995,0.015,0.0402,0.03180499999999997
0.030000000000000002,0.13499999999999995,0.015,0.0395,0.03200000000000003
0.035,0.13499999999999995,0.015,0.0395,0.032194999999999974
0.04000000000000001,0.13499999999999995,0.015,0.0394,0.03239000000000003
0.045000000000000005,0.13499999999999995,0.015,0.0394,0.032584999999999975
0.05,0.13499999999999995,0.015,0.0394,0.03278000000000003
0.05500000000000001,0.13499999999999995,0.015,0.0394,0.03297499999999998
0.06000000000000001,0.13499999999999995,0.015,0.0394,0.03317000000000003
0.065,0.13499999999999995,0.015,0.0394,0.03336499999999998
0.07,0.13499999999999995,0.015,0.0394,0.033560000000000034
0.07500000000000001,0.13499999999999995,0.015,0.0394,0.03375499999999998
0.08000000000000002,0.13499999999999995,0.015,0.0394,0.033950000000000036
0.02,0.13499999999999995,0.02,0.0418,0.03161000000000003
0.025,0.13499999999999995,0.02,0.04,0.03180499999999997
0.030000000000000002,0.13499999999999995,0.02,0.0394,0.03200000000000003
0.035,0.13499999999999995,0.02,0.0394,0.032194999999999974
0.04000000000000001,0.13499999999999995,0.02,0.0394,0.03239000000000003
0.045000000000000005,0.13499999999999995,0.02,0.0394,0.032584999999999975
0.05,0.13499999999999995,0.02,0.0394,0.03278000000000003
0.05500000000000001,0.13499999999999995,0.02,0.0394,0.03297499999999998
0.06000000000000001,0.13499999999999995,0.02,0.0394,0.03317000000000003
0.065,0.13499999999999995,0.02,0.0394,0.03336499999999998
0.07,0.13499999999999995,0.02,0.0394,0.033560000000000034
0.07500000000000001,0.13499999999999995,0.02,0.0394,0.03375499999999998
0.08000000000000002,0.13499999999999995,0.02,0.0394,0.033950000000000036
0.02,0.13499999999999995,0.025,0.0418,0.03161000000000003
0.025,0.13499999999999995,0.025,0.04,0.03180499999999997
0.030000000000000002,0.13499999999999995,0.025,0.0394,0.03200000000000003
0.035,0.13499999999999995,0.025,0.0394,0.032194999999999974
0.04000000000000001,0.13499999999999995,0.025,0.0394,0.03239000000000003
0.045000000000000005,0.13499999999999995,0.025,0.0394,0.032584999999999975
0.05,0.13499999999999995,0.025,0.0394,0.03278000000000003
0.05500000000000001,0.13499999999999995,0.025,0.0394,0.03297499999999998
0.06000000000000001,0.13499999999999995,0.025,0.0394,0.03317000000000003
0.065,0.13499999999999995,0.025,0.0394,0.03336499999999998
0.07,0.13499999999999995,0.025,0.0394,0.033560000000000034
0.07500000000000001,0.13499999999999995,0.025,0.0394,0.03375499999999998
0.08000000000000002,0.13499999999999995,0.025,0.0394,0.033950000000000036
0.02,0.13499999999999995,0.03,0.0418,0.03161000000000003
0.025,0.13499999999999995,0.03,0.04,0.03180499999999997
0.030000000000000002,0.13499999999999995,0.03,0.0394,0.03200000000000003
0.035,0.13499999999999995,0.03,0.0394,0.032194999999999974
0.04000000000000001,0.13499999999999995,0.03,0.0394,0.03239000000000003
0.045000000000000005,0.13499999999999995,0.03,0.0394,0.032584999999999975
0.05,0.13499999999999995,0.03,0.0394,0.03278000000000003
0.05500000000000001,0.13499999999999995,0.03,0.0394,0.03297499999999998
0.06000000000000001,0.13499999999999995,0.03,0.0394,0.03317000000000003
0.065,0.13499999999999995,0.03,0.0394,0.03336499999999998
0.07,0.13499999999999995,0.03,0.0394,0.033560000000000034
0.07500000000000001,0.13499999999999995,0.03,0.0394,0.03375499999999998
0.08000000000000002,0.13499999999999995,0.03,0.0394,0.033950000000000036
0.02,0.13499999999999995,0.035,0.0418,0.03161000000000003
0.025,0.13499999999999995,0.035,0.04,0.03180499999999997
0.030000000000000002,0.13499999999999995,0.035,0.0394,0.03200000000000003
0.035,0.13499999999999995,0.035,0.0394,0.032194999999999974
0.04000000000000001,0.13499999999999995,0.035,0.0394,0.03239000000000003
0.045000000000000005,0.13499999999999995,0.035,0.0394,0.032584999999999975
0.05,0.13499999999999995,0.035,0.0394,0.03278000000000003
0.05500000000000001,0.13499999999999995,0.035,0.0394,0.03297499999999998
0.06000000000000001,0.13499999999999995,0.035,0.0394,0.03317000000000003
0.065,0.13499999999999995,0.035,0.0394,0.03336499999999998
0.07,0.13499999999999995,0.035,0.0394,0.033560000000000034
0.07500000000000001,0.13499999999999995,0.035,0.0394,0.03375499999999998
0.08000000000000002,0.13499999999999995,0.035,0.0394,0.033950000000000036
0.02,0.13999999999999996,-0.01,0.0425,0.03161000000000003
0.025,0.13999999999999996,-0.01,0.0401,0.03180499999999997
0.030000000000000002,0.13999999999999996,-0.01,0.0395,0.03200000000000003
0.035,0.13999999999999996,-0.01,0.0395,0.032194999999999974
0.04000000000000001,0.13999999999999996,-0.01,0.0394,0.03239000000000003
0.045000000000000005,0.13999999999999996,-0.01,0.0394,0.032584999999999975
0.05,0.13999999999999996,-0.01,0.0394,0.03278000000000003
0.05500000000000001,0.13999999999999996,-0.01,0.0394,0.03297499999999998
0.06000000000000001,0.13999999999999996,-0.01,0.0394,0.03317000000000003
0.065,0.13999999999999996,-0.01,0.0394,0.03336499999999998
0.07,0.13999999999999996,-0.01,0.0394,0.033560000000000034
0.07500000000000001,0.13999999999999996,-0.01,0.0394,0.03375499999999998
0.08000000000000002,0.13999999999999996,-0.01,0.0394,0.033950000000000036
0.02,0.13999999999999996,-0.005,0.0425,0.03161000000000003
0.025,0.13999999999999996,-0.005,0.0401,0.03180499999999997
0.030000000000000002,0.13999999999999996,-0.005,0.0395,0.03200000000000003
0.035,0.13999999999999996,-0.005,0.0395,0.032194999999999974
0.04000000000000001,0.13999999999999996,-0.005,0.0394,0.03239000000000003
0.045000000000000005,0.13999999999999996,-0.005,0.0394,0.032584999999999975
0.05,0.13999999999999996,-0.005,0.0394,0.03278000000000003
0.05500000000000001,0.13999999999999996,-0.005,0.0394,0.03297499999999998
0.06000000000000001,0.13999999999999996,-0.005,0.0394,0.03317000000000003
0.065,0.13999999999999996,-0.005,0.0394,0.03336499999999998
0.07,0.13999999999999996,-0.005,0.0394,0.033560000000000034
0.07500000000000001,0.13999999999999996,-0.005,0.0394,0.03375499999999998
0.08000000000000002,0.13999999999999996,-0.005,0.0394,0.033950000000000036
0.02,0.13999999999999996,0.0,0.0425,0.03161000000000003
0.025,0.13999999999999996,0.0,0.0401,0.03180499999999997
0.030000000000000002,0.13999999999999996,0.0,0.0395,0.03200000000000003
0.035,0.13999999999999996,0.0,0.0395,0.032194999999999974
0.04000000000000001,0.13999999999999996,0.0,0.0394,0.03239000000000003
0.045000000000000005,0.13999999999999996,0.0,0.0394,0.032584999999999975
0.05,0.13999999999999996,0.0,0.0394,0.03278000000000003
0.05500000000000001,0.13999999999999996,0.0,0.0394,0.03297499999999998
0.06000000000000001,0.13999999999999996,0.0,0.0394,0.03317000000000003
0.065,0.13999999999999996,0.0,0.0394,0.03336499999999998
0.07,0.13999999999999996,0.0,0.0394,0.033560000000000034
0.07500000000000001,0.13999999999999996,0.0,0.0394,0.03375499999999998
0.08000000000000002,0.13999999999999996,0.0,0.0394,0.033950000000000036
0.02,0.13999999999999996,0.005,0.0425,0.03161000000000003
0.025,0.13999999999999996,0.005,0.0401,0.03180499999999997
0.030000000000000002,0.13999999999999996,0.005,0.0395,0.03200000000000003
0.035,0.13999999999999996,0.005,0.0395,0.032194999999999974
0.04000000000000001,0.13999999999999996,0.005,0.0394,0.03239000000000003
0.045000000000000005,0.13999999999999996,0.005,0.0394,0.032584999999999975
0.05,0.13999999999999996,0.005,0.0394,0.03278000000000003
0.05500000000000001,0.13999999999999996,0.005,0.0394,0.03297499999999998
0.06000000000000001,0.13999999999999996,0.005,0.0394,0.03317000000000003
0.065,0.13999999999999996,0.005,0.0394,0.03336499999999998
0.07,0.13999999999999996,0.005,0.0394,0.033560000000000034
0.07500000000000001,0.13999999999999996,0.005,0.0394,0.03375499999999998
0.08000000000000002,0.13999999999999996,0.005,0.0394,0.033950000000000036
0.02,0.13999999999999996,0.01,0.0425,0.03161000000000003
0.025,0.13999999999999996,0.01,0.0401,0.03180499999999997
0.030000000000000002,0.13999999999999996,0.01,0.0395,0.03200000000000003
0.035,0.13999999999999996,0.01,0.0395,0.032194999999999974
0.04000000000000001,0.13999999999999996,0.01,0.0394,0.03239000000000003
0.045000000000000005,0.13999999999999996,0.01,0.0394,0.032584999999999975
0.05,0.13999999999999996,0.01,0.0394,0.03278000000000003
0.05500000000000001,0.13999999999999996,0.01,0.0394,0.03297499999999998
0.06000000000000001,0.13999999999999996,0.01,0.0394,0.03317000000000003
0.065,0.13999999999999996,0.01,0.0394,0.03336499999999998
0.07,0.13999999999999996,0.01,0.0394,0.033560000000000034
0.07500000000000001,0.13999999999999996,0.01,0.0394,0.03375499999999998
0.08000000000000002,0.13999999999999996,0.01,0.0394,0.033950000000000036
0.02,0.13999999999999996,0.015,0.0425,0.03161000000000003
0.025,0.13999999999999996,0.015,0.0401,0.03180499999999997
0.030000000000000002,0.13999999999999996,0.015,0.0395,0.03200000000000003
0.035,0.13999999999999996,0.015,0.0395,0.032194999999999974
0.04000000000000001,0.13999999999999996,0.015,0.0394,0.03239000000000003
0.045000000000000005,0.13999999999999996,0.015,0.0394,0.032584999999999975
0.05,0.13999999999999996,0.015,0.0394,0.03278000000000003
0.05500000000000001,0.13999999999999996,0.015,0.0394,0.03297499999999998
0.06000000000000001,0.13999999999999996,0.015,0.0394,0.03317000000000003
0.065,0.13999999999999996,0.015,0.0394,0.03336499999999998
0.07,0.13999999999999996,0.015,0.0394,0.033560000000000034
0.07500000000000001,0.13999999999999996,0.015,0.0394,0.03375499999999998
0.08000000000000002,0.13999999999999996,0.015,0.0394,0.033950000000000036
0.02,0.13999999999999996,0.02,0.0416,0.03161000000000003
0.025,0.13999999999999996,0.02,0.0399,0.03180499999999997
0.030000000000000002,0.13999999999999996,0.02,0.0394,0.03200000000000003
0.035,0.13999999999999996,0.02,0.0394,0.032194999999999974
0.04000000000000001,0.13999999999999996,0.02,0.0394,0.03239000000000003
0.045000000000000005,0.13999999999999996,0.02,0.0394,0.032584999999999975
0.05,0.13999999999999996,0.02,0.0394,0.03278000000000003
0.05500000000000001,0.13999999999999996,0.02,0.0394,0.03297499999999998
0.06000000000000001,0.13999999999999996,0.02,0.0394,0.03317000000000003
0.065,0.13999999999999996,0.02,0.0394,0.03336499999999998
0.07,0.13999999999999996,0.02,0.0394,0.033560000000000034
0.07500000000000001,0.13999999999999996,0.02,0.0394,0.03375499999999998
0.08000000000000002,0.13999999999999996,0.02,0.0394,0.033950000000000036
0.02,0.13999999999999996,0.025,0.0416,0.03161000000000003
0.025,0.13999999999999996,0.025,0.0399,0.03180499999999997
0.030000000000000002,0.13999999999999996,0.025,0.0394,0.03200000000000003
0.035,0.13999999999999996,0.025,0.0394,0.032194999999999974
0.04000000000000001,0.13999999999999996,0.025,0.0394,0.03239000000000003
0.045000000000000005,0.13999999999999996,0.025,0.0394,0.032584999999999975
0.05,0.13999999999999996,0.025,0.0394,0.03278000000000003
0.05500000000000001,0.13999999999999996,0.025,0.0394,0.03297499999999998
0.06000000000000001,0.13999999999999996,0.025,0.0394,0.03317000000000003
0.065,0.13999999999999996,0.025,0.0394,0.03336499999999998
0.07,0.13999999999999996,0.025,0.0394,0.033560000000000034
0.07500000000000001,0.13999999999999996,0.025,0.0394,0.03375499999999998
0.08000000000000002,0.13999999999999996,0.025,0.0394,0.033950000000000036
0.02,0.13999999999999996,0.03,0.0416,0.03161000000000003
0.025,0.13999999999999996,0.03,0.0399,0.03180499999999997
0.030000000000000002,0.13999999999999996,0.03,0.0394,0.03200000000000003
0.035,0.13999999999999996,0.03,0.0394,0.032194999999999974
0.04000000000000001,0.13999999999999996,0.03,0.0394,0.03239000000000003
0.045000000000000005,0.13999999999999996,0.03,0.0394,0.032584999999999975
0.05,0.13999999999999996,0.03,0.0394,0.03278000000000003
0.05500000000000001,0.13999999999999996,0.03,0.0394,0.03297499999999998
0.06000000000000001,0.13999999999999996,0.03,0.0394,0.03317000000000003
0.065,0.13999999999999996,0.03,0.0394,0.03336499999999998
0.07,0.13999999999999996,0.03,0.0394,0.033560000000000034
0.07500000000000001,0.13999999999999996,0.03,0.0394,0.03375499999999998
0.08000000000000002,0.13999999999999996,0.03,0.0394,0.033950000000000036
0.02,0.13999999999999996,0.035,0.0416,0.03161000000000003
0.025,0.13999999999999996,0.035,0.0399,0.03180499999999997
0.030000000000000002,0.13999999999999996,0.035,0.0394,0.03200000000000003
0.035,0.13999999999999996,0.035,0.0394,0.032194999999999974
0.04000000000000001,0.13999999999999996,0.035,0.0394,0.03239000000000003
0.045000000000000005,0.13999999999999996,0.035,0.0394,0.032584999999999975
0.05,0.13999999999999996,0.035,0.0394,0.03278000000000003
0.05500000000000001,0.13999999999999996,0.035,0.0394,0.03297499999999998
0.06000000000000001,0.13999999999999996,0.035,0.0394,0.03317000000000003
0.065,0.13999999999999996,0.035,0.0394,0.03336499999999998
0.07,0.13999999999999996,0.035,0.0394,0.033560000000000034
0.07500000000000001,0.13999999999999996,0.035,0.0394,0.03375499999999998
0.08000000000000002,0.13999999999999996,0.035,0.0394,0.033950000000000036
0.02,0.14499999999999996,-0.01,0.0424,0.03161000000000003
0.025,0.14499999999999996,-0.01,0.0401,0.03180499999999997
0.030000000000000002,0.14499999999999996,-0.01,0.0395,0.03200000000000003
0.035,0.14499999999999996,-0.01,0.0395,0.032194999999999974
0.04000000000000001,0.14499999999999996,-0.01,0.0394,0.03239000000000003
0.045000000000000005,0.14499999999999996,-0.01,0.0394,0.032584999999999975
0.05,0.14499999999999996,-0.01,0.0394,0.03278000000000003
0.05500000000000001,0.14499999999999996,-0.01,0.0394,0.03297499999999998
0.06000000000000001,0.14499999999999996,-0.01,0.0394,0.03317000000000003
0.065,0.14499999999999996,-0.01,0.0394,0.03336499999999998
0.07,0.14499999999999996,-0.01,0.0394,0.033560000000000034
0.07500000000000001,0.14499999999999996,-0.01,0.0394,0.03375499999999998
0.08000000000000002,0.14499999999999996,-0.01,0.0394,0.033950000000000036
0.02,0.14499999999999996,-0.005,0.0424,0.03161000000000003
0.025,0.14499999999999996,-0.005,0.0401,0.03180499999999997
0.030000000000000002,0.14499999999999996,-0.005,0.0395,0.03200000000000003
0.035,0.14499999999999996,-0.005,0.0395,0.032194999999999974
0.04000000000000001,0.14499999999999996,-0.005,0.0394,0.03239000000000003
0.045000000000000005,0.14499999999999996,-0.005,0.0394,0.032584999999999975
0.05,0.14499999999999996,-0.005,0.0394,0.03278000000000003
0.05500000000000001,0.14499999999999996,-0.005,0.0394,0.03297499999999998
0.06000000000000001,0.14499999999999996,-0.005,0.0394,0.03317000000000003
0.065,0.14499999999999996,-0.005,0.0394,0.03336499999999998
0.07,0.14499999999999996,-0.005,0.0394,0.033560000000000034
0.07500000000000001,0.14499999999999996,-0.005,0.0394,0.03375499999999998
0.08000000000000002,0.14499999999999996,-0.005,0.0394,0.033950000000000036
0.02,0.14499999999999996,0.0,0.0424,0.03161000000000003
0.025,0.14499999999999996,0.0,0.0401,0.03180499999999997
0.030000000000000002,0.14499999999999996,0.0,0.0395,0.03200000000000003
0.035,0.14499999999999996,0.0,0.0395,0.032194999999999974
0.04000000000000001,0.14499999999999996,0.0,0.0394,0.03239000000000003
0.045000000000000005,0.14499999999999996,0.0,0.0394,0.032584999999999975
0.05,0.14499999999999996,0.0,0.0394,0.03278000000000003
0.05500000000000001,0.14499999999999996,0.0,0.0394,0.03297499999999998
0.06000000000000001,0.14499999999999996,0.0,0.0394,0.03317000000000003
0.065,0.14499999999999996,0.0,0.0394,0.03336499999999998
0.07,0.14499999999999996,0.0,0.0394,0.033560000000000034
0.07500000000000001,0.14499999999999996,0.0,0.0394,0.03375499999999998
0.08000000000000002,0.14499999999999996,0.0,0.0394,0.033950000000000036
0.02,0.14499999999999996,0.005,0.0424,0.03161000000000003
0.025,0.14499999999999996,0.005,0.0401,0.03180499999999997
0.030000000000000002,0.14499999999999996,0.005,0.0395,0.03200000000000003
0.035,0.14499999999999996,0.005,0.0395,0.032194999999999974
0.04000000000000001,0.14499999999999996,0.005,0.0394,0.03239000000000003
0.045000000000000005,0.14499999999999996,0.005,0.0394,0.032584999999999975
0.05,0.14499999999999996,0.005,0.0394,0.03278000000000003
0.05500000000000001,0.14499999999999996,0.005,0.0394,0.03297499999999998
0.06000000000000001,0.14499999999999996,0.005,0.0394,0.03317000000000003
0.065,0.14499999999999996,0.005,0.0394,0.03336499999999998
0.07,0.14499999999999996,0.005,0.0394,0.033560000000000034
0.07500000000000001,0.14499999999999996,0.005,0.0394,0.03375499999999998
0.08000000000000002,0.14499999999999996,0.005,0.0394,0.033950000000000036
0.02,0.14499999999999996,0.01,0.0424,0.03161000000000003
0.025,0.14499999999999996,0.01,0.0401,0.03180499999999997
0.030000000000000002,0.14499999999999996,0.01,0.0395,0.03200000000000003
0.035,0.14499999999999996,0.01,0.0395,0.032194999999999974
0.04000000000000001,0.14499999999999996,0.01,0.0394,0.03239000000000003
0.045000000000000005,0.14499999999999996,0.01,0.0394,0.032584999999999975
0.05,0.14499999999999996,0.01,0.0394,0.03278000000000003
0.05500000000000001,0.14499999999999996,0.01,0.0394,0.03297499999999998
0.06000000000000001,0.14499999999999996,0.01,0.0394,0.03317000000000003
0.065,0.14499999999999996,0.01,0.0394,0.03336499999999998
0.07,0.14499999999999996,0.01,0.0394,0.033560000000000034
0.07500000000000001,0.14499999999999996,0.01,0.0394,0.03375499999999998
0.08000000000000002,0.14499999999999996,0.01,0.0394,0.033950000000000036
0.02,0.14499999999999996,0.015,0.0424,0.03161000000000003
0.025,0.14499999999999996,0.015,0.0401,0.03180499999999997
0.030000000000000002,0.14499999999999996,0.015,0.0395,0.03200000000000003
0.035,0.14499999999999996,0.015,0.0395,0.032194999999999974
0.04000000000000001,0.14499999999999996,0.015,0.0394,0.03239000000000003
0.045000000000000005,0.14499999999999996,0.015,0.0394,0.032584999999999975
0.05,0.14499999999999996,0.015,0.0394,0.03278000000000003
0.05500000000000001,0.14499999999999996,0.015,0.0394,0.03297499999999998
0.06000000000000001,0.14499999999999996,0.015,0.0394,0.03317000000000003
0.065,0.14499999999999996,0.015,0.0394,0.03336499999999998
0.07,0.14499999999999996,0.015,0.0394,0.033560000000000034
0.07500000000000001,0.14499999999999996,0.015,0.0394,0.03375499999999998
0.08000000000000002,0.14499999999999996,0.015,0.0394,0.033950000000000036
0.02,0.14499999999999996,0.02,0.0416,0.03161000000000003
0.025,0.14499999999999996,0.02,0.0399,0.03180499999999997
0.030000000000000002,0.14499999999999996,0.02,0.0394,0.03200000000000003
0.035,0.14499999999999996,0.02,0.0394,0.032194999999999974
0.04000000000000001,0.14499999999999996,0.02,0.0394,0.03239000000000003
0.045000000000000005,0.14499999999999996,0.02,0.0394,0.032584999999999975
0.05,0.14499999999999996,0.02,0.0394,0.03278000000000003
0.05500000000000001,0.14499999999999996,0.02,0.0394,0.03297499999999998
0.06000000000000001,0.14499999999999996,0.02,0.0394,0.03317000000000003
0.065,0.14499999999999996,0.02,0.0394,0.03336499999999998
0.07,0.14499999999999996,0.02,0.0394,0.033560000000000034
0.07500000000000001,0.14499999999999996,0.02,0.0394,0.03375499999999998
0.08000000000000002,0.14499999999999996,0.02,0.0394,0.033950000000000036
0.02,0.14499999999999996,0.025,0.0416,0.03161000000000003
0.025,0.14499999999999996,0.025,0.0399,0.03180499999999997
0.030000000000000002,0.14499999999999996,0.025,0.0394,0.03200000000000003
0.035,0.14499999999999996,0.025,0.0394,0.032194999999999974
0.04000000000000001,0.14499999999999996,0.025,0.0394,0.03239000000000003
0.045000000000000005,0.14499999999999996,0.025,0.0394,0.032584999999999975
0.05,0.14499999999999996,0.025,0.0394,0.03278000000000003
0.05500000000000001,0.14499999999999996,0.025,0.0394,0.03297499999999998
0.06000000000000001,0.14499999999999996,0.025,0.0394,0.03317000000000003
0.065,0.14499999999999996,0.025,0.0394,0.03336499999999998
0.07,0.14499999999999996,0.025,0.0394,0.033560000000000034
0.07500000000000001,0.14499999999999996,0.025,0.0394,0.03375499999999998
0.08000000000000002,0.14499999999999996,0.025,0.0394,0.033950000000000036
0.02,0.14499999999999996,0.03,0.0416,0.03161000000000003
0.025,0.14499999999999996,0.03,0.0399,0.03180499999999997
0.030000000000000002,0.14499999999999996,0.03,0.0394,0.03200000000000003
0.035,0.14499999999999996,0.03,0.0394,0.032194999999999974
0.04000000000000001,0.14499999999999996,0.03,0.0394,0.03239000000000003
0.045000000000000005,0.14499999999999996,0.03,0.0394,0.032584999999999975
0.05,0.14499999999999996,0.03,0.0394,0.03278000000000003
0.05500000000000001,0.14499999999999996,0.03,0.0394,0.03297499999999998
0.06000000000000001,0.14499999999999996,0.03,0.0394,0.03317000000000003
0.065,0.14499999999999996,0.03,0.0394,0.03336499999999998
0.07,0.14499999999999996,0.03,0.0394,0.033560000000000034
0.07500000000000001,0.14499999999999996,0.03,0.0394,0.03375499999999998
0.08000000000000002,0.14499999999999996,0.03,0.0394,0.033950000000000036
0.02,0.14499999999999996,0.035,0.0416,0.03161000000000003
0.025,0.14499999999999996,0.035,0.0399,0.03180499999999997
0.030000000000000002,0.14499999999999996,0.035,0.0394,0.03200000000000003
0.035,0.14499999999999996,0.035,0.0394,0.032194999999999974
0.04000000000000001,0.14499999999999996,0.035,0.0394,0.03239000000000003
0.045000000000000005,0.14499999999999996,0.035,0.0394,0.032584999999999975
0.05,0.14499999999999996,0.035,0.0394,0.03278000000000003
0.05500000000000001,0.14499999999999996,0.035,0.0394,0.03297499999999998
0.06000000000000001,0.14499999999999996,0.035,0.0394,0.03317000000000003
0.065,0.14499999999999996,0.035,0.0394,0.03336499999999998
0.07,0.14499999999999996,0.035,0.0394,0.033560000000000034
0.07500000000000001,0.14499999999999996,0.035,0.0394,0.03375499999999998
0.08000000000000002,0.14499999999999996,0.035,0.0394,0.033950000000000036
0.02,0.14999999999999997,-0.01,0.0424,0.03161000000000003
0.025,0.14999999999999997,-0.01,0.0401,0.03180499999999997
0.030000000000000002,0.14999999999999997,-0.01,0.0395,0.03200000000000003
0.035,0.14999999999999997,-0.01,0.0395,0.032194999999999974
0.04000000000000001,0.14999999999999997,-0.01,0.0394,0.03239000000000003
0.045000000000000005,0.14999999999999997,-0.01,0.0394,0.032584999999999975
0.05,0.14999999999999997,-0.01,0.0394,0.03278000000000003
0.05500000000000001,0.14999999999999997,-0.01,0.0394,0.03297499999999998
0.06000000000000001,0.14999999999999997,-0.01,0.0394,0.03317000000000003
0.065,0.14999999999999997,-0.01,0.0394,0.03336499999999998
0.07,0.14999999999999997,-0.01,0.0394,0.033560000000000034
0.07500000000000001,0.14999999999999997,-0.01,0.0394,0.03375499999999998
0.08000000000000002,0.14999999999999997,-0.01,0.0394,0.033950000000000036
0.02,0.14999999999999997,-0.005,0.0424,0.03161000000000003
0.025,0.14999999999999997,-0.005,0.0401,0.03180499999999997
0.030000000000000002,0.14999999999999997,-0.005,0.0395,0.03200000000000003
0.035,0.14999999999999997,-0.005,0.0395,0.032194999999999974
0.04000000000000001,0.14999999999999997,-0.005,0.0394,0.03239000000000003
0.045000000000000005,0.14999999999999997,-0.005,0.0394,0.032584999999999975
0.05,0.14999999999999997,-0.005,0.0394,0.03278000000000003
0.05500000000000001,0.14999999999999997,-0.005,0.0394,0.03297499999999998
0.06000000000000001,0.14999999999999997,-0.005,0.0394,0.03317000000000003
0.065,0.14999999999999997,-0.005,0.0394,0.03336499999999998
0.07,0.14999999999999997,-0.005,0.0394,0.033560000000000034
0.07500000000000001,0.14999999999999997,-0.005,0.0394,0.03375499999999998
0.08000000000000002,0.14999999999999997,-0.005,0.0394,0.033950000000000036
0.02,0.14999999999999997,0.0,0.0424,0.03161000000000003
0.025,0.14999999999999997,0.0,0.0401,0.03180499999999997
0.030000000000000002,0.14999999999999997,0.0,0.0395,0.03200000000000003
0.035,0.14999999999999997,0.0,0.0395,0.032194999999999974
0.04000000000000001,0.14999999999999997,0.0,0.0394,0.03239000000000003
0.045000000000000005,0.14999999999999997,0.0,0.0394,0.032584999999999975
0.05,0.14999999999999997,0.0,0.0394,0.03278000000000003
0.05500000000000001,0.14999999999999997,0.0,0.0394,0.03297499999999998
0.06000000000000001,0.14999999999999997,0.0,0.0394,0.03317000000000003
0.065,0.14999999999999997,0.0,0.0394,0.03336499999999998
0.07,0.14999999999999997,0.0,0.0394,0.033560000000000034
0.07500000000000001,0.14999999999999997,0.0,0.0394,0.03375499999999998
0.08000000000000002,0.14999999999999997,0.0,0.0394,0.033950000000000036
0.02,0.14999999999999997,0.005,0.0424,0.03161000000000003
0.025,0.14999999999999997,0.005,0.0401,0.03180499999999997
0.030000000000000002,0.14999999999999997,0.005,0.0395,0.03200000000000003
0.035,0.14999999999999997,0.005,0.0395,0.032194999999999974
0.04000000000000001,0.14999999999999997,0.005,0.0394,0.03239000000000003
0.045000000000000005,0.14999999999999997,0.005,0.0394,0.032584999999999975
0.05,0.14999999999999997,0.005,0.0394,0.03278000000000003
0.05500000000000001,0.14999999999999997,0.005,0.0394,0.03297499999999998
0.06000000000000001,0.14999999999999997,0.005,0.0394,0.03317000000000003
0.065,0.14999999999999997,0.005,0.0394,0.03336499999999998
0.07,0.14999999999999997,0.005,0.0394,0.033560000000000034
0.07500000000000001,0.14999999999999997,0.005,0.0394,0.03375499999999998
0.08000000000000002,0.14999999999999997,0.005,0.0394,0.033950000000000036
0.02,0.14999999999999997,0.01,0.0424,0.03161000000000003
0.025,0.14999999999999997,0.01,0.0401,0.03180499999999997
0.030000000000000002,0.14999999999999997,0.01,0.0395,0.03200000000000003
0.035,0.14999999999999997,0.01,0.0395,0.032194999999999974
0.04000000000000001,0.14999999999999997,0.01,0.0394,0.03239000000000003
0.045000000000000005,0.14999999999999997,0.01,0.0394,0.032584999999999975
0.05,0.14999999999999997,0.01,0.0394,0.03278000000000003
0.05500000000000001,0.14999999999999997,0.01,0.0394,0.03297499999999998
0.06000000000000001,0.14999999999999997,0.01,0.0394,0.03317000000000003
0.065,0.14999999999999997,0.01,0.0394,0.03336499999999998
0.07,0.14999999999999997,0.01,0.0394,0.033560000000000034
0.07500000000000001,0.14999999999999997,0.01,0.0394,0.03375499999999998
0.08000000000000002,0.14999999999999997,0.01,0.0394,0.033950000000000036
0.02,0.14999999999999997,0.015,0.0424,0.03161000000000003
0.025,0.14999999999999997,0.015,0.0401,0.03180499999999997
0.030000000000000002,0.14999999999999997,0.015,0.0395,0.03200000000000003
0.035,0.14999999999999997,0.015,0.0395,0.032194999999999974
0.04000000000000001,0.14999999999999997,0.015,0.0394,0.03239000000000003
0.045000000000000005,0.14999999999999997,0.015,0.0394,0.032584999999999975
0.05,0.14999999999999997,0.015,0.0394,0.03278000000000003
0.05500000000000001,0.14999999999999997,0.015,0.0394,0.03297499999999998
0.06000000000000001,0.14999999999999997,0.015,0.0394,0.03317000000000003
0.065,0.14999999999999997,0.015,0.0394,0.03336499999999998
0.07,0.14999999999999997,0.015,0.0394,0.033560000000000034
0.07500000000000001,0.14999999999999997,0.015,0.0394,0.03375499999999998
0.08000000000000002,0.14999999999999997,0.015,0.0394,0.033950000000000036
0.02,0.14999999999999997,0.02,0.0416,0.03161000000000003
0.025,0.14999999999999997,0.02,0.0399,0.03180499999999997
0.030000000000000002,0.14999999999999997,0.02,0.0394,0.03200000000000003
0.035,0.14999999999999997,0.02,0.0394,0.032194999999999974
0.04000000000000001,0.14999999999999997,0.02,0.0394,0.03239000000000003
0.045000000000000005,0.14999999999999997,0.02,0.0394,0.032584999999999975
0.05,0.14999999999999997,0.02,0.0394,0.03278000000000003
0.05500000000000001,0.14999999999999997,0.02,0.0394,0.03297499999999998
0.06000000000000001,0.14999999999999997,0.02,0.0394,0.03317000000000003
0.065,0.14999999999999997,0.02,0.0394,0.03336499999999998
0.07,0.14999999999999997,0.02,0.0394,0.033560000000000034
0.07500000000000001,0.14999999999999997,0.02,0.0394,0.03375499999999998
0.08000000000000002,0.14999999999999997,0.02,0.0394,0.033950000000000036
0.02,0.14999999999999997,0.025,0.0416,0.03161000000000003
0.025,0.14999999999999997,0.025,0.0399,0.03180499999999997
0.030000000000000002,0.14999999999999997,0.025,0.0394,0.03200000000000003
0.035,0.14999999999999997,0.025,0.0394,0.032194999999999974
0.04000000000000001,0.14999999999999997,0.025,0.0394,0.03239000000000003
0.045000000000000005,0.14999999999999997,0.025,0.0394,0.032584999999999975
0.05,0.14999999999999997,0.025,0.0394,0.03278000000000003
0.05500000000000001,0.14999999999999997,0.025,0.0394,0.03297499999999998
0.06000000000000001,0.14999999999999997,0.025,0.0394,0.03317000000000003
0.065,0.14999999999999997,0.025,0.0394,0.03336499999999998
0.07,0.14999999999999997,0.025,0.0394,0.033560000000000034
0.07500000000000001,0.14999999999999997,0.025,0.0394,0.03375499999999998
0.08000000000000002,0.14999999999999997,0.025,0.0394,0.033950000000000036
0.02,0.14999999999999997,0.03,0.0416,0.03161000000000003
0.025,0.14999999999999997,0.03,0.0399,0.03180499999999997
0.030000000000000002,0.14999999999999997,0.03,0.0394,0.03200000000000003
0.035,0.14999999999999997,0.03,0.0394,0.032194999999999974
0.04000000000000001,0.14999999999999997,0.03,0.0394,0.03239000000000003
0.045000000000000005,0.14999999999999997,0.03,0.0394,0.032584999999999975
0.05,0.14999999999999997,0.03,0.0394,0.03278000000000003
0.05500000000000001,0.14999999999999997,0.03,0.0394,0.03297499999999998
0.06000000000000001,0.14999999999999997,0.03,0.0394,0.03317000000000003
0.065,0.14999999999999997,0.03,0.0394,0.03336499999999998
0.07,0.14999999999999997,0.03,0.0394,0.033560000000000034
0.07500000000000001,0.14999999999999997,0.03,0.0394,0.03375499999999998
0.08000000000000002,0.14999999999999997,0.03,0.0394,0.033950000000000036
0.02,0.14999999999999997,0.035,0.0416,0.03161000000000003
0.025,0.14999999999999997,0.035,0.0399,0.03180499999999997
0.030000000000000002,0.14999999999999997,0.035,0.0394,0.03200000000000003
0.035,0.14999999999999997,0.035,0.0394,0.032194999999999974
0.04000000000000001,0.14999999999999997,0.035,0.0394,0.03239000000000003
0.045000000000000005,0.14999999999999997,0.035,0.0394,0.032584999999999975
0.05,0.14999999999999997,0.035,0.0394,0.03278000000000003
0.05500000000000001,0.14999999999999997,0.035,0.0394,0.03297499999999998
0.06000000000000001,0.14999999999999997,0.035,0.0394,0.03317000000000003
0.065,0.14999999999999997,0.035,0.0394,0.03336499999999998
0.07,0.14999999999999997,0.035,0.0394,0.033560000000000034
0.07500000000000001,0.14999999999999997,0.035,0.0394,0.03375499999999998
0.08000000000000002,0.14999999999999997,0.035,0.0394,0.033950000000000036
0.02,0.15499999999999994,-0.01,0.0424,0.03161000000000003
0.025,0.15499999999999994,-0.01,0.0401,0.03180499999999997
0.030000000000000002,0.15499999999999994,-0.01,0.0395,0.03200000000000003
0.035,0.15499999999999994,-0.01,0.0395,0.032194999999999974
0.04000000000000001,0.15499999999999994,-0.01,0.0394,0.03239000000000003
0.045000000000000005,0.15499999999999994,-0.01,0.0394,0.032584999999999975
0.05,0.15499999999999994,-0.01,0.0394,0.03278000000000003
0.05500000000000001,0.15499999999999994,-0.01,0.0394,0.03297499999999998
0.06000000000000001,0.15499999999999994,-0.01,0.0394,0.03317000000000003
0.065,0.15499999999999994,-0.01,0.0394,0.03336499999999998
0.07,0.15499999999999994,-0.01,0.0394,0.033560000000000034
0.07500000000000001,0.15499999999999994,-0.01,0.0394,0.03375499999999998
0.08000000000000002,0.15499999999999994,-0.01,0.0394,0.033950000000000036
0.02,0.15499999999999994,-0.005,0.0424,0.03161000000000003
0.025,0.15499999999999994,-0.005,0.0401,0.03180499999999997
0.030000000000000002,0.15499999999999994,-0.005,0.0395,0.03200000000000003
0.035,0.15499999999999994,-0.005,0.0395,0.032194999999999974
0.04000000000000001,0.15499999999999994,-0.005,0.0394,0.03239000000000003
0.045000000000000005,0.15499999999999994,-0.005,0.0394,0.032584999999999975
0.05,0.15499999999999994,-0.005,0.0394,0.03278000000000003
0.05500000000000001,0.15499999999999994,-0.005,0.0394,0.03297499999999998
0.06000000000000001,0.15499999999999994,-0.005,0.0394,0.03317000000000003
0.065,0.15499999999999994,-0.005,0.0394,0.03336499999999998
0.07,0.15499999999999994,-0.005,0.0394,0.033560000000000034
0.07500000000000001,0.15499999999999994,-0.005,0.0394,0.03375499999999998
0.08000000000000002,0.15499999999999994,-0.005,0.0394,0.033950000000000036
0.02,0.15499999999999994,0.0,0.0424,0.03161000000000003
0.025,0.15499999999999994,0.0,0.0401,0.03180499999999997
0.030000000000000002,0.15499999999999994,0.0,0.0395,0.03200000000000003
0.035,0.15499999999999994,0.0,0.0395,0.032194999999999974
0.04000000000000001,0.15499999999999994,0.0,0.0394,0.03239000000000003
0.045000000000000005,0.15499999999999994,0.0,0.0394,0.032584999999999975
0.05,0.15499999999999994,0.0,0.0394,0.03278000000000003
0.05500000000000001,0.15499999999999994,0.0,0.0394,0.03297499999999998
0.06000000000000001,0.15499999999999994,0.0,0.0394,0.03317000000000003
0.065,0.15499999999999994,0.0,0.0394,0.03336499999999998
0.07,0.15499999999999994,0.0,0.0394,0.033560000000000034
0.07500000000000001,0.15499999999999994,0.0,0.0394,0.03375499999999998
0.08000000000000002,0.15499999999999994,0.0,0.0394,0.033950000000000036
0.02,0.15499999999999994,0.005,0.0424,0.03161000000000003
0.025,0.15499999999999994,0.005,0.0401,0.03180499999999997
0.030000000000000002,0.15499999999999994,0.005,0.0395,0.03200000000000003
0.035,0.15499999999999994,0.005,0.0395,0.032194999999999974
0.04000000000000001,0.15499999999999994,0.005,0.0394,0.03239000000000003
0.045000000000000005,0.15499999999999994,0.005,0.0394,0.032584999999999975
0.05,0.15499999999999994,0.005,0.0394,0.03278000000000003
0.05500000000000001,0.15499999999999994,0.005,0.0394,0.03297499999999998
0.06000000000000001,0.15499999999999994,0.005,0.0394,0.03317000000000003
0.065,0.15499999999999994,0.005,0.0394,0.03336499999999998
0.07,0.15499999999999994,0.005,0.0394,0.033560000000000034
0.07500000000000001,0.15499999999999994,0.005,0.0394,0.03375499999999998
0.08000000000000002,0.15499999999999994,0.005,0.0394,0.033950000000000036
0.02,0.15499999999999994,0.01,0.0424,0.03161000000000003
0.025,0.15499999999999994,0.01,0.0401,0.03180499999999997
0.030000000000000002,0.15499999999999994,0.01,0.0395,0.03200000000000003
0.035,0.15499999999999994,0.01,0.0395,0.032194999999999974
0.04000000000000001,0.15499999999999994,0.01,0.0394,0.03239000000000003
0.045000000000000005,0.15499999999999994,0.01,0.0394,0.032584999999999975
0.05,0.15499999999999994,0.01,0.0394,0.03278000000000003
0.05500000000000001,0.15499999999999994,0.01,0.0394,0.03297499999999998
0.06000000000000001,0.15499999999999994,0.01,0.0394,0.03317000000000003
0.065,0.15499999999999994,0.01,0.0394,0.03336499999999998
0.07,0.15499999999999994,0.01,0.0394,0.033560000000000034
0.07500000000000001,0.15499999999999994,0.01,0.0394,0.03375499999999998
0.08000000000000002,0.15499999999999994,0.01,0.0394,0.033950000000000036
0.02,0.15499999999999994,0.015,0.0424,0.03161000000000003
0.025,0.15499999999999994,0.015,0.0401,0.03180499999999997
0.030000000000000002,0.15499999999999994,0.015,0.0395,0.03200000000000003
0.035,0.15499999999999994,0.015,0.0395,0.032194999999999974
0.04000000000000001,0.15499999999999994,0.015,0.0394,0.03239000000000003
0.045000000000000005,0.15499999999999994,0.015,0.0394,0.032584999999999975
0.05,0.15499999999999994,0.015,0.0394,0.03278000000000003
0.05500000000000001,0.15499999999999994,0.015,0.0394,0.03297499999999998
0.06000000000000001,0.15499999999999994,0.015,0.0394,0.03317000000000003
0.065,0.15499999999999994,0.015,0.0394,0.03336499999999998
0.07,0.15499999999999994,0.015,0.0394,0.033560000000000034
0.07500000000000001,0.15499999999999994,0.015,0.0394,0.03375499999999998
0.08000000000000002,0.15499999999999994,0.015,0.0394,0.033950000000000036
0.02,0.15499999999999994,0.02,0.0416,0.03161000000000003
0.025,0.15499999999999994,0.02,0.0399,0.03180499999999997
0.030000000000000002,0.15499999999999994,0.02,0.0394,0.03200000000000003
0.035,0.15499999999999994,0.02,0.0394,0.032194999999999974
0.04000000000000001,0.15499999999999994,0.02,0.0394,0.03239000000000003
0.045000000000000005,0.15499999999999994,0.02,0.0394,0.032584999999999975
0.05,0.15499999999999994,0.02,0.0394,0.03278000000000003
0.05500000000000001,0.15499999999999994,0.02,0.0394,0.03297499999999998
0.06000000000000001,0.15499999999999994,0.02,0.0394,0.03317000000000003
0.065,0.15499999999999994,0.02,0.0394,0.03336499999999998
0.07,0.15499999999999994,0.02,0.0394,0.033560000000000034
0.07500000000000001,0.15499999999999994,0.02,0.0394,0.03375499999999998
0.08000000000000002,0.15499999999999994,0.02,0.0394,0.033950000000000036
0.02,0.15499999999999994,0.025,0.0416,0.03161000000000003
0.025,0.15499999999999994,0.025,0.0399,0.03180499999999997
0.030000000000000002,0.15499999999999994,0.025,0.0394,0.03200000000000003
0.035,0.15499999999999994,0.025,0.0394,0.032194999999999974
0.04000000000000001,0.15499999999999994,0.025,0.0394,0.03239000000000003
0.045000000000000005,0.15499999999999994,0.025,0.0394,0.032584999999999975
0.05,0.15499999999999994,0.025,0.0394,0.03278000000000003
0.05500000000000001,0.15499999999999994,0.025,0.0394,0.03297499999999998
0.06000000000000001,0.15499999999999994,0.025,0.0394,0.03317000000000003
0.065,0.15499999999999994,0.025,0.0394,0.03336499999999998
0.07,0.15499999999999994,0.025,0.0394,0.033560000000000034
0.07500000000000001,0.15499999999999994,0.025,0.0394,0.03375499999999998
0.08000000000000002,0.15499999999999994,0.025,0.0394,0.033950000000000036
0.02,0.15499999999999994,0.03,0.0416,0.03161000000000003
0.025,0.15499999999999994,0.03,0.0399,0.03180499999999997
0.030000000000000002,0.15499999999999994,0.03,0.0394,0.03200000000000003
0.035,0.15499999999999994,0.03,0.0394,0.032194999999999974
0.04000000000000001,0.15499999999999994,0.03,0.0394,0.03239000000000003
0.045000000000000005,0.15499999999999994,0.03,0.0394,0.032584999999999975
0.05,0.15499999999999994,0.03,0.0394,0.03278000000000003
0.05500000000000001,0.15499999999999994,0.03,0.0394,0.03297499999999998
0.06000000000000001,0.15499999999999994,0.03,0.0394,0.03317000000000003
0.065,0.15499999999999994,0.03,0.0394,0.03336499999999998
0.07,0.15499999999999994,0.03,0.0394,0.033560000000000034
0.07500000000000001,0.15499999999999994,0.03,0.0394,0.03375499999999998
0.08000000000000002,0.15499999999999994,0.03,0.0394,0.033950000000000036
0.02,0.15499999999999994,0.035,0.0416,0.03161000000000003
0.025,0.15499999999999994,0.035,0.0399,0.03180499999999997
0.030000000000000002,0.15499999999999994,0.035,0.0394,0.03200000000000003
0.035,0.15499999999999994,0.035,0.0394,0.032194999999999974
0.04000000000000001,0.15499999999999994,0.035,0.0394,0.03239000000000003
0.045000000000000005,0.15499999999999994,0.035,0.0394,0.032584999999999975
0.05,0.15499999999999994,0.035,0.0394,0.03278000000000003
0.05500000000000001,0.15499999999999994,0.035,0.0394,0.03297499999999998
0.06000000000000001,0.15499999999999994,0.035,0.0394,0.03317000000000003
0.065,0.15499999999999994,0.035,0.0394,0.03336499999999998
0.07,0.15499999999999994,0.035,0.0394,0.033560000000000034
0.07500000000000001,0.15499999999999994,0.035,0.0394,0.03375499999999998
0.08000000000000002,0.15499999999999994,0.035,0.0394,0.033950000000000036
0.02,0.15999999999999995,-0.01,0.0424,0.03161000000000003
0.025,0.15999999999999995,-0.01,0.0401,0.03180499999999997
0.030000000000000002,0.15999999999999995,-0.01,0.0395,0.03200000000000003
0.035,0.15999999999999995,-0.01,0.0395,0.032194999999999974
0.04000000000000001,0.15999999999999995,-0.01,0.0394,0.03239000000000003
0.045000000000000005,0.15999999999999995,-0.01,0.0394,0.032584999999999975
0.05,0.15999999999999995,-0.01,0.0394,0.03278000000000003
0.05500000000000001,0.15999999999999995,-0.01,0.0394,0.03297499999999998
0.06000000000000001,0.15999999999999995,-0.01,0.0394,0.03317000000000003
0.065,0.15999999999999995,-0.01,0.0394,0.03336499999999998
0.07,0.15999999999999995,-0.01,0.0394,0.033560000000000034
0.07500000000000001,0.15999999999999995,-0.01,0.0394,0.03375499999999998
0.08000000000000002,0.15999999999999995,-0.01,0.0394,0.033950000000000036
0.02,0.15999999999999995,-0.005,0.0424,0.03161000000000003
0.025,0.15999999999999995,-0.005,0.0401,0.03180499999999997
0.030000000000000002,0.15999999999999995,-0.005,0.0395,0.03200000000000003
0.035,0.15999999999999995,-0.005,0.0395,0.032194999999999974
0.04000000000000001,0.15999999999999995,-0.005,0.0394,0.03239000000000003
0.045000000000000005,0.15999999999999995,-0.005,0.0394,0.032584999999999975
0.05,0.15999999999999995,-0.005,0.0394,0.03278000000000003
0.05500000000000001,0.15999999999999995,-0.005,0.0394,0.03297499999999998
0.06000000000000001,0.15999999999999995,-0.005,0.0394,0.03317000000000003
0.065,0.15999999999999995,-0.005,0.0394,0.03336499999999998
0.07,0.15999999999999995,-0.005,0.0394,0.033560000000000034
0.07500000000000001,0.15999999999999995,-0.005,0.0394,0.03375499999999998
0.08000000000000002,0.15999999999999995,-0.005,0.0394,0.033950000000000036
0.02,0.15999999999999995,0.0,0.0424,0.03161000000000003
0.025,0.15999999999999995,0.0,0.0401,0.03180499999999997
0.030000000000000002,0.15999999999999995,0.0,0.0395,0.03200000000000003
0.035,0.15999999999999995,0.0,0.0395,0.032194999999999974
0.04000000000000001,0.15999999999999995,0.0,0.0394,0.03239000000000003
0.045000000000000005,0.15999999999999995,0.0,0.0394,0.032584999999999975
0.05,0.15999999999999995,0.0,0.0394,0.03278000000000003
0.05500000000000001,0.15999999999999995,0.0,0.0394,0.03297499999999998
0.06000000000000001,0.15999999999999995,0.0,0.0394,0.03317000000000003
0.065,0.15999999999999995,0.0,0.0394,0.03336499999999998
0.07,0.15999999999999995,0.0,0.0394,0.033560000000000034
0.07500000000000001,0.15999999999999995,0.0,0.0394,0.03375499999999998
0.08000000000000002,0.15999999999999995,0.0,0.0394,0.033950000000000036
0.02,0.15999999999999995,0.005,0.0424,0.03161000000000003
0.025,0.15999999999999995,0.005,0.0401,0.03180499999999997
0.030000000000000002,0.15999999999999995,0.005,0.0395,0.03200000000000003
0.035,0.15999999999999995,0.005,0.0395,0.032194999999999974
0.04000000000000001,0.15999999999999995,0.005,0.0394,0.03239000000000003
0.045000000000000005,0.15999999999999995,0.005,0.0394,0.032584999999999975
0.05,0.15999999999999995,0.005,0.0394,0.03278000000000003
0.05500000000000001,0.15999999999999995,0.005,0.0394,0.03297499999999998
0.06000000000000001,0.15999999999999995,0.005,0.0394,0.03317000000000003
0.065,0.15999999999999995,0.005,0.0394,0.03336499999999998
0.07,0.15999999999999995,0.005,0.0394,0.033560000000000034
0.07500000000000001,0.15999999999999995,0.005,0.0394,0.03375499999999998
0.08000000000000002,0.15999999999999995,0.005,0.0394,0.033950000000000036
0.02,0.15999999999999995,0.01,0.0424,0.03161000000000003
0.025,0.15999999999999995,0.01,0.0401,0.03180499999999997
0.030000000000000002,0.15999999999999995,0.01,0.0395,0.03200000000000003
0.035,0.15999999999999995,0.01,0.0395,0.032194999999999974
0.04000000000000001,0.15999999999999995,0.01,0.0394,0.03239000000000003
0.045000000000000005,0.15999999999999995,0.01,0.0394,0.032584999999999975
0.05,0.15999999999999995,0.01,0.0394,0.03278000000000003
0.05500000000000001,0.15999999999999995,0.01,0.0394,0.03297499999999998
0.06000000000000001,0.15999999999999995,0.01,0.0394,0.03317000000000003
0.065,0.15999999999999995,0.01,0.0394,0.03336499999999998
0.07,0.15999999999999995,0.01,0.0394,0.033560000000000034
0.07500000000000001,0.15999999999999995,0.01,0.0394,0.03375499999999998
0.08000000000000002,0.15999999999999995,0.01,0.0394,0.033950000000000036
0.02,0.15999999999999995,0.015,0.0424,0.03161000000000003
0.025,0.15999999999999995,0.015,0.0401,0.03180499999999997
0.030000000000000002,0.15999999999999995,0.015,0.0395,0.03200000000000003
0.035,0.15999999999999995,0.015,0.0395,0.032194999999999974
0.04000000000000001,0.15999999999999995,0.015,0.0394,0.03239000000000003
0.045000000000000005,0.15999999999999995,0.015,0.0394,0.032584999999999975
0.05,0.15999999999999995,0.015,0.0394,0.03278000000000003
0.05500000000000001,0.15999999999999995,0.015,0.0394,0.03297499999999998
0.06000000000000001,0.15999999999999995,0.015,0.0394,0.03317000000000003
0.065,0.15999999999999995,0.015,0.0394,0.03336499999999998
0.07,0.15999999999999995,0.015,0.0394,0.033560000000000034
0.07500000000000001,0.15999999999999995,0.015,0.0394,0.03375499999999998
0.08000000000000002,0.15999999999999995,0.015,0.0394,0.033950000000000036
0.02,0.15999999999999995,0.02,0.0416,0.03161000000000003
0.025,0.15999999999999995,0.02,0.0399,0.03180499999999997
0.030000000000000002,0.15999999999999995,0.02,0.0394,0.03200000000000003
0.035,0.15999999999999995,0.02,0.0394,0.032194999999999974
0.04000000000000001,0.15999999999999995,0.02,0.0394,0.03239000000000003
0.045000000000000005,0.15999999999999995,0.02,0.0394,0.032584999999999975
0.05,0.15999999999999995,0.02,0.0394,0.03278000000000003
0.05500000000000001,0.15999999999999995,0.02,0.0394,0.03297499999999998
0.06000000000000001,0.15999999999999995,0.02,0.0394,0.03317000000000003
0.065,0.15999999999999995,0.02,0.0394,0.03336499999999998
0.07,0.15999999999999995,0.02,0.0394,0.033560000000000034
0.07500000000000001,0.15999999999999995,0.02,0.0394,0.03375499999999998
0.08000000000000002,0.15999999999999995,0.02,0.0394,0.033950000000000036
0.02,0.15999999999999995,0.025,0.0416,0.03161000000000003
0.025,0.15999999999999995,0.025,0.0399,0.03180499999999997
0.030000000000000002,0.15999999999999995,0.025,0.0394,0.03200000000000003
0.035,0.15999999999999995,0.025,0.0394,0.032194999999999974
0.04000000000000001,0.15999999999999995,0.025,0.0394,0.03239000000000003
0.045000000000000005,0.15999999999999995,0.025,0.0394,0.032584999999999975
0.05,0.15999999999999995,0.025,0.0394,0.03278000000000003
0.05500000000000001,0.15999999999999995,0.025,0.0394,0.03297499999999998
0.06000000000000001,0.15999999999999995,0.025,0.0394,0.03317000000000003
0.065,0.15999999999999995,0.025,0.0394,0.03336499999999998
0.07,0.15999999999999995,0.025,0.0394,0.033560000000000034
0.07500000000000001,0.15999999999999995,0.025,0.0394,0.03375499999999998
0.08000000000000002,0.15999999999999995,0.025,0.0394,0.033950000000000036
0.02,0.15999999999999995,0.03,0.0416,0.03161000000000003
0.025,0.15999999999999995,0.03,0.0399,0.03180499999999997
0.030000000000000002,0.15999999999999995,0.03,0.0394,0.03200000000000003
0.035,0.15999999999999995,0.03,0.0394,0.032194999999999974
0.04000000000000001,0.15999999999999995,0.03,0.0394,0.03239000000000003
0.045000000000000005,0.15999999999999995,0.03,0.0394,0.032584999999999975
0.05,0.15999999999999995,0.03,0.0394,0.03278000000000003
0.05500000000000001,0.15999999999999995,0.03,0.0394,0.03297499999999998
0.06000000000000001,0.15999999999999995,0.03,0.0394,0.03317000000000003
0.065,0.15999999999999995,0.03,0.0394,0.03336499999999998
0.07,0.15999999999999995,0.03,0.0394,0.033560000000000034
0.07500000000000001,0.15999999999999995,0.03,0.0394,0.03375499999999998
0.08000000000000002,0.15999999999999995,0.03,0.0394,0.033950000000000036
0.02,0.15999999999999995,0.035,0.0416,0.03161000000000003
0.025,0.15999999999999995,0.035,0.0399,0.03180499999999997
0.030000000000000002,0.15999999999999995,0.035,0.0394,0.03200000000000003
0.035,0.15999999999999995,0.035,0.0394,0.032194999999999974
0.04000000000000001,0.15999999999999995,0.035,0.0394,0.03239000000000003
0.045000000000000005,0.15999999999999995,0.035,0.0394,0.032584999999999975
0.05,0.15999999999999995,0.035,0.0394,0.03278000000000003
0.05500000000000001,0.15999999999999995,0.035,0.0394,0.03297499999999998
0.06000000000000001,0.15999999999999995,0.035,0.0394,0.03317000000000003
0.065,0.15999999999999995,0.035,0.0394,0.03336499999999998
0.07,0.15999999999999995,0.035,0.0394,0.033560000000000034
0.07500000000000001,0.15999999999999995,0.035,0.0394,0.03375499999999998
0.08000000000000002,0.15999999999999995,0.035,0.0394,0.033950000000000036
0.02,0.16499999999999995,-0.01,0.0424,0.03161000000000003
0.025,0.16499999999999995,-0.01,0.0401,0.03180499999999997
0.030000000000000002,0.16499999999999995,-0.01,0.0395,0.03200000000000003
0.035,0.16499999999999995,-0.01,0.0395,0.032194999999999974
0.04000000000000001,0.16499999999999995,-0.01,0.0394,0.03239000000000003
0.045000000000000005,0.16499999999999995,-0.01,0.0394,0.032584999999999975
0.05,0.16499999999999995,-0.01,0.0394,0.03278000000000003
0.05500000000000001,0.16499999999999995,-0.01,0.0394,0.03297499999999998
0.06000000000000001,0.16499999999999995,-0.01,0.0394,0.03317000000000003
0.065,0.16499999999999995,-0.01,0.0394,0.03336499999999998
0.07,0.16499999999999995,-0.01,0.0394,0.033560000000000034
0.07500000000000001,0.16499999999999995,-0.01,0.0394,0.03375499999999998
0.08000000000000002,0.16499999999999995,-0.01,0.0394,0.033950000000000036
0.02,0.16499999999999995,-0.005,0.0424,0.03161000000000003
0.025,0.16499999999999995,-0.005,0.0401,0.03180499999999997
0.030000000000000002,0.16499999999999995,-0.005,0.0395,0.03200000000000003
0.035,0.16499999999999995,-0.005,0.0395,0.032194999999999974
0.04000000000000001,0.16499999999999995,-0.005,0.0394,0.03239000000000003
0.045000000000000005,0.16499999999999995,-0.005,0.0394,0.032584999999999975
0.05,0.16499999999999995,-0.005,0.0394,0.03278000000000003
0.05500000000000001,0.16499999999999995,-0.005,0.0394,0.03297499999999998
0.06000000000000001,0.16499999999999995,-0.005,0.0394,0.03317000000000003
0.065,0.16499999999999995,-0.005,0.0394,0.03336499999999998
0.07,0.16499999999999995,-0.005,0.0394,0.033560000000000034
0.07500000000000001,0.16499999999999995,-0.005,0.0394,0.03375499999999998
0.08000000000000002,0.16499999999999995,-0.005,0.0394,0.033950000000000036
0.02,0.16499999999999995,0.0,0.0424,0.03161000000000003
0.025,0.16499999999999995,0.0,0.0401,0.03180499999999997
0.030000000000000002,0.16499999999999995,0.0,0.0395,0.03200000000000003
0.035,0.16499999999999995,0.0,0.0395,0.032194999999999974
0.04000000000000001,0.16499999999999995,0.0,0.0394,0.03239000000000003
0.045000000000000005,0.16499999999999995,0.0,0.0394,0.032584999999999975
0.05,0.16499999999999995,0.0,0.0394,0.03278000000000003
0.05500000000000001,0.16499999999999995,0.0,0.0394,0.03297499999999998
0.06000000000000001,0.16499999999999995,0.0,0.0394,0.03317000000000003
0.065,0.16499999999999995,0.0,0.0394,0.03336499999999998
0.07,0.16499999999999995,0.0,0.0394,0.033560000000000034
0.07500000000000001,0.16499999999999995,0.0,0.0394,0.03375499999999998
0.08000000000000002,0.16499999999999995,0.0,0.0394,0.033950000000000036
0.02,0.16499999999999995,0.005,0.0424,0.03161000000000003
0.025,0.16499999999999995,0.005,0.0401,0.03180499999999997
0.030000000000000002,0.16499999999999995,0.005,0.0395,0.03200000000000003
0.035,0.16499999999999995,0.005,0.0395,0.032194999999999974
0.04000000000000001,0.16499999999999995,0.005,0.0394,0.03239000000000003
0.045000000000000005,0.16499999999999995,0.005,0.0394,0.032584999999999975
0.05,0.16499999999999995,0.005,0.0394,0.03278000000000003
0.05500000000000001,0.16499999999999995,0.005,0.0394,0.03297499999999998
0.06000000000000001,0.16499999999999995,0.005,0.0394,0.03317000000000003
0.065,0.16499999999999995,0.005,0.0394,0.03336499999999998
0.07,0.16499999999999995,0.005,0.0394,0.033560000000000034
0.07500000000000001,0.16499999999999995,0.005,0.0394,0.03375499999999998
0.08000000000000002,0.16499999999999995,0.005,0.0394,0.033950000000000036
0.02,0.16499999999999995,0.01,0.0424,0.03161000000000003
0.025,0.16499999999999995,0.01,0.0401,0.03180499999999997
0.030000000000000002,0.16499999999999995,0.01,0.0395,0.03200000000000003
0.035,0.16499999999999995,0.01,0.0395,0.032194999999999974
0.04000000000000001,0.16499999999999995,0.01,0.0394,0.03239000000000003
0.045000000000000005,0.16499999999999995,0.01,0.0394,0.032584999999999975
0.05,0.16499999999999995,0.01,0.0394,0.03278000000000003
0.05500000000000001,0.16499999999999995,0.01,0.0394,0.03297499999999998
0.06000000000000001,0.16499999999999995,0.01,0.0394,0.03317000000000003
0.065,0.16499999999999995,0.01,0.0394,0.03336499999999998
0.07,0.16499999999999995,0.01,0.0394,0.033560000000000034
0.07500000000000001,0.16499999999999995,0.01,0.0394,0.03375499999999998
0.08000000000000002,0.16499999999999995,0.01,0.0394,0.033950000000000036
0.02,0.16499999999999995,0.015,0.0424,0.03161000000000003
0.025,0.16499999999999995,0.015,0.0401,0.03180499999999997
0.030000000000000002,0.16499999999999995,0.015,0.0395,0.03200000000000003
0.035,0.16499999999999995,0.015,0.0395,0.032194999999999974
0.04000000000000001,0.16499999999999995,0.015,0.0394,0.03239000000000003
0.045000000000000005,0.16499999999999995,0.015,0.0394,0.032584999999999975
0.05,0.16499999999999995,0.015,0.0394,0.03278000000000003
0.05500000000000001,0.16499999999999995,0.015,0.0394,0.03297499999999998
0.06000000000000001,0.16499999999999995,0.015,0.0394,0.03317000000000003
0.065,0.16499999999999995,0.015,0.0394,0.03336499999999998
0.07,0.16499999999999995,0.015,0.0394,0.033560000000000034
0.07500000000000001,0.16499999999999995,0.015,0.0394,0.03375499999999998
0.08000000000000002,0.16499999999999995,0.015,0.0394,0.033950000000000036
0.02,0.16499999999999995,0.02,0.0416,0.03161000000000003
0.025,0.16499999999999995,0.02,0.0399,0.03180499999999997
0.030000000000000002,0.16499999999999995,0.02,0.0394,0.03200000000000003
0.035,0.16499999999999995,0.02,0.0394,0.032194999999999974
0.04000000000000001,0.16499999999999995,0.02,0.0394,0.03239000000000003
0.045000000000000005,0.16499999999999995,0.02,0.0394,0.032584999999999975
0.05,0.16499999999999995,0.02,0.0394,0.03278000000000003
0.05500000000000001,0.16499999999999995,0.02,0.0394,0.03297499999999998
0.06000000000000001,0.16499999999999995,0.02,0.0394,0.03317000000000003
0.065,0.16499999999999995,0.02,0.0394,0.03336499999999998
0.07,0.16499999999999995,0.02,0.0394,0.033560000000000034
0.07500000000000001,0.16499999999999995,0.02,0.0394,0.03375499999999998
0.08000000000000002,0.16499999999999995,0.02,0.0394,0.033950000000000036
0.02,0.16499999999999995,0.025,0.0416,0.03161000000000003
0.025,0.16499999999999995,0.025,0.0399,0.03180499999999997
0.030000000000000002,0.16499999999999995,0.025,0.0394,0.03200000000000003
0.035,0.16499999999999995,0.025,0.0394,0.032194999999999974
0.04000000000000001,0.16499999999999995,0.025,0.0394,0.03239000000000003
0.045000000000000005,0.16499999999999995,0.025,0.0394,0.032584999999999975
0.05,0.16499999999999995,0.025,0.0394,0.03278000000000003
0.05500000000000001,0.16499999999999995,0.025,0.0394,0.03297499999999998
0.06000000000000001,0.16499999999999995,0.025,0.0394,0.03317000000000003
0.065,0.16499999999999995,0.025,0.0394,0.03336499999999998
0.07,0.16499999999999995,0.025,0.0394,0.033560000000000034
0.07500000000000001,0.16499999999999995,0.025,0.0394,0.03375499999999998
0.08000000000000002,0.16499999999999995,0.025,0.0394,0.033950000000000036
0.02,0.16499999999999995,0.03,0.0416,0.03161000000000003
0.025,0.16499999999999995,0.03,0.0399,0.03180499999999997
0.030000000000000002,0.16499999999999995,0.03,0.0394,0.03200000000000003
0.035,0.16499999999999995,0.03,0.0394,0.032194999999999974
0.04000000000000001,0.16499999999999995,0.03,0.0394,0.03239000000000003
0.045000000000000005,0.16499999999999995,0.03,0.0394,0.032584999999999975
0.05,0.16499999999999995,0.03,0.0394,0.03278000000000003
0.05500000000000001,0.16499999999999995,0.03,0.0394,0.03297499999999998
0.06000000000000001,0.16499999999999995,0.03,0.0394,0.03317000000000003
0.065,0.16499999999999995,0.03,0.0394,0.03336499999999998
0.07,0.16499999999999995,0.03,0.0394,0.033560000000000034
0.07500000000000001,0.16499999999999995,0.03,0.0394,0.03375499999999998
0.08000000000000002,0.16499999999999995,0.03,0.0394,0.033950000000000036
0.02,0.16499999999999995,0.035,0.0416,0.03161000000000003
0.025,0.16499999999999995,0.035,0.0399,0.03180499999999997
0.030000000000000002,0.16499999999999995,0.035,0.0394,0.03200000000000003
0.035,0.16499999999999995,0.035,0.0394,0.032194999999999974
0.04000000000000001,0.16499999999999995,0.035,0.0394,0.03239000000000003
0.045000000000000005,0.16499999999999995,0.035,0.0394,0.032584999999999975
0.05,0.16499999999999995,0.035,0.0394,0.03278000000000003
0.05500000000000001,0.16499999999999995,0.035,0.0394,0.03297499999999998
0.06000000000000001,0.16499999999999995,0.035,0.0394,0.03317000000000003
0.065,0.16499999999999995,0.035,0.0394,0.03336499999999998
0.07,0.16499999999999995,0.035,0.0394,0.033560000000000034
0.07500000000000001,0.16499999999999995,0.035,0.0394,0.03375499999999998
0.08000000000000002,0.16499999999999995,0.035,0.0394,0.033950000000000036
0.02,0.16999999999999993,-0.01,0.0424,0.03161000000000003
0.025,0.16999999999999993,-0.01,0.0401,0.03180499999999997
0.030000000000000002,0.16999999999999993,-0.01,0.0395,0.03200000000000003
0.035,0.16999999999999993,-0.01,0.0395,0.032194999999999974
0.04000000000000001,0.16999999999999993,-0.01,0.0394,0.03239000000000003
0.045000000000000005,0.16999999999999993,-0.01,0.0394,0.032584999999999975
0.05,0.16999999999999993,-0.01,0.0394,0.03278000000000003
0.05500000000000001,0.16999999999999993,-0.01,0.0394,0.03297499999999998
0.06000000000000001,0.16999999999999993,-0.01,0.0394,0.03317000000000003
0.065,0.16999999999999993,-0.01,0.0394,0.03336499999999998
0.07,0.16999999999999993,-0.01,0.0394,0.033560000000000034
0.07500000000000001,0.16999999999999993,-0.01,0.0394,0.03375499999999998
0.08000000000000002,0.16999999999999993,-0.01,0.0394,0.033950000000000036
0.02,0.16999999999999993,-0.005,0.0424,0.03161000000000003
0.025,0.16999999999999993,-0.005,0.0401,0.03180499999999997
0.030000000000000002,0.16999999999999993,-0.005,0.0395,0.03200000000000003
0.035,0.16999999999999993,-0.005,0.0395,0.032194999999999974
0.04000000000000001,0.16999999999999993,-0.005,0.0394,0.03239000000000003
0.045000000000000005,0.16999999999999993,-0.005,0.0394,0.032584999999999975
0.05,0.16999999999999993,-0.005,0.0394,0.03278000000000003
0.05500000000000001,0.16999999999999993,-0.005,0.0394,0.03297499999999998
0.06000000000000001,0.16999999999999993,-0.005,0.0394,0.03317000000000003
0.065,0.16999999999999993,-0.005,0.0394,0.03336499999999998
0.07,0.16999999999999993,-0.005,0.0394,0.033560000000000034
0.07500000000000001,0.16999999999999993,-0.005,0.0394,0.03375499999999998
0.08000000000000002,0.16999999999999993,-0.005,0.0394,0.033950000000000036
0.02,0.16999999999999993,0.0,0.0424,0.03161000000000003
0.025,0.16999999999999993,0.0,0.0401,0.03180499999999997
0.030000000000000002,0.16999999999999993,0.0,0.0395,0.03200000000000003
0.035,0.16999999999999993,0.0,0.0395,0.032194999999999974
0.04000000000000001,0.16999999999999993,0.0,0.0394,0.03239000000000003
0.045000000000000005,0.16999999999999993,0.0,0.0394,0.032584999999999975
0.05,0.16999999999999993,0.0,0.0394,0.03278000000000003
0.05500000000000001,0.16999999999999993,0.0,0.0394,0.03297499999999998
0.06000000000000001,0.16999999999999993,0.0,0.0394,0.03317000000000003
0.065,0.16999999999999993,0.0,0.0394,0.03336499999999998
0.07,0.16999999999999993,0.0,0.0394,0.033560000000000034
0.07500000000000001,0.16999999999999993,0.0,0.0394,0.03375499999999998
0.08000000000000002,0.16999999999999993,0.0,0.0394,0.033950000000000036
0.02,0.16999999999999993,0.005,0.0424,0.03161000000000003
0.025,0.16999999999999993,0.005,0.0401,0.03180499999999997
0.030000000000000002,0.16999999999999993,0.005,0.0395,0.03200000000000003
0.035,0.16999999999999993,0.005,0.0395,0.032194999999999974
0.04000000000000001,0.16999999999999993,0.005,0.0394,0.03239000000000003
0.045000000000000005,0.16999999999999993,0.005,0.0394,0.032584999999999975
0.05,0.16999999999999993,0.005,0.0394,0.03278000000000003
0.05500000000000001,0.16999999999999993,0.005,0.0394,0.03297499999999998
0.06000000000000001,0.16999999999999993,0.005,0.0394,0.03317000000000003
0.065,0.16999999999999993,0.005,0.0394,0.03336499999999998
0.07,0.16999999999999993,0.005,0.0394,0.033560000000000034
0.07500000000000001,0.16999999999999993,0.005,0.0394,0.03375499999999998
0.08000000000000002,0.16999999999999993,0.005,0.0394,0.033950000000000036
0.02,0.16999999999999993,0.01,0.0424,0.03161000000000003
0.025,0.16999999999999993,0.01,0.0401,0.03180499999999997
0.030000000000000002,0.16999999999999993,0.01,0.0395,0.03200000000000003
0.035,0.16999999999999993,0.01,0.0395,0.032194999999999974
0.04000000000000001,0.16999999999999993,0.01,0.0394,0.03239000000000003
0.045000000000000005,0.16999999999999993,0.01,0.0394,0.032584999999999975
0.05,0.16999999999999993,0.01,0.0394,0.03278000000000003
0.05500000000000001,0.16999999999999993,0.01,0.0394,0.03297499999999998
0.06000000000000001,0.16999999999999993,0.01,0.0394,0.03317000000000003
0.065,0.16999999999999993,0.01,0.0394,0.03336499999999998
0.07,0.16999999999999993,0.01,0.0394,0.033560000000000034
0.07500000000000001,0.16999999999999993,0.01,0.0394,0.03375499999999998
0.08000000000000002,0.16999999999999993,0.01,0.0394,0.033950000000000036
0.02,0.16999999999999993,0.015,0.0424,0.03161000000000003
0.025,0.16999999999999993,0.015,0.0401,0.03180499999999997
0.030000000000000002,0.16999999999999993,0.015,0.0395,0.03200000000000003
0.035,0.16999999999999993,0.015,0.0395,0.032194999999999974
0.04000000000000001,0.16999999999999993,0.015,0.0394,0.03239000000000003
0.045000000000000005,0.16999999999999993,0.015,0.0394,0.032584999999999975
0.05,0.16999999999999993,0.015,0.0394,0.03278000000000003
0.05500000000000001,0.16999999999999993,0.015,0.0394,0.03297499999999998
0.06000000000000001,0.16999999999999993,0.015,0.0394,0.03317000000000003
0.065,0.16999999999999993,0.015,0.0394,0.03336499999999998
0.07,0.16999999999999993,0.015,0.0394,0.033560000000000034
0.07500000000000001,0.16999999999999993,0.015,0.0394,0.03375499999999998
0.08000000000000002,0.16999999999999993,0.015,0.0394,0.033950000000000036
0.02,0.16999999999999993,0.02,0.0416,0.03161000000000003
0.025,0.16999999999999993,0.02,0.0399,0.03180499999999997
0.030000000000000002,0.16999999999999993,0.02,0.0394,0.03200000000000003
0.035,0.16999999999999993,0.02,0.0394,0.032194999999999974
0.04000000000000001,0.16999999999999993,0.02,0.0394,0.03239000000000003
0.045000000000000005,0.16999999999999993,0.02,0.0394,0.032584999999999975
0.05,0.16999999999999993,0.02,0.0394,0.03278000000000003
0.05500000000000001,0.16999999999999993,0.02,0.0394,0.03297499999999998
0.06000000000000001,0.16999999999999993,0.02,0.0394,0.03317000000000003
0.065,0.16999999999999993,0.02,0.0394,0.03336499999999998
0.07,0.16999999999999993,0.02,0.0394,0.033560000000000034
0.07500000000000001,0.16999999999999993,0.02,0.0394,0.03375499999999998
0.08000000000000002,0.16999999999999993,0.02,0.0394,0.033950000000000036
0.02,0.16999999999999993,0.025,0.0416,0.03161000000000003
0.025,0.16999999999999993,0.025,0.0399,0.03180499999999997
0.030000000000000002,0.16999999999999993,0.025,0.0394,0.03200000000000003
0.035,0.16999999999999993,0.025,0.0394,0.032194999999999974
0.04000000000000001,0.16999999999999993,0.025,0.0394,0.03239000000000003
0.045000000000000005,0.16999999999999993,0.025,0.0394,0.032584999999999975
0.05,0.16999999999999993,0.025,0.0394,0.03278000000000003
0.05500000000000001,0.16999999999999993,0.025,0.0394,0.03297499999999998
0.06000000000000001,0.16999999999999993,0.025,0.0394,0.03317000000000003
0.065,0.16999999999999993,0.025,0.0394,0.03336499999999998
0.07,0.16999999999999993,0.025,0.0394,0.033560000000000034
0.07500000000000001,0.16999999999999993,0.025,0.0394,0.03375499999999998
0.08000000000000002,0.16999999999999993,0.025,0.0394,0.033950000000000036
0.02,0.16999999999999993,0.03,0.0416,0.03161000000000003
0.025,0.16999999999999993,0.03,0.0399,0.03180499999999997
0.030000000000000002,0.16999999999999993,0.03,0.0394,0.03200000000000003
0.035,0.16999999999999993,0.03,0.0394,0.032194999999999974
0.04000000000000001,0.16999999999999993,0.03,0.0394,0.03239000000000003
0.045000000000000005,0.16999999999999993,0.03,0.0394,0.032584999999999975
0.05,0.16999999999999993,0.03,0.0394,0.03278000000000003
0.05500000000000001,0.16999999999999993,0.03,0.0394,0.03297499999999998
0.06000000000000001,0.16999999999999993,0.03,0.0394,0.03317000000000003
0.065,0.16999999999999993,0.03,0.0394,0.03336499999999998
0.07,0.16999999999999993,0.03,0.0394,0.033560000000000034
0.07500000000000001,0.16999999999999993,0.03,0.0394,0.03375499999999998
0.08000000000000002,0.16999999999999993,0.03,0.0394,0.033950000000000036
0.02,0.16999999999999993,0.035,0.0416,0.03161000000000003
0.025,0.16999999999999993,0.035,0.0399,0.03180499999999997
0.030000000000000002,0.16999999999999993,0.035,0.0394,0.03200000000000003
0.035,0.16999999999999993,0.035,0.0394,0.032194999999999974
0.04000000000000001,0.16999999999999993,0.035,0.0394,0.03239000000000003
0.045000000000000005,0.16999999999999993,0.035,0.0394,0.032584999999999975
0.05,0.16999999999999993,0.035,0.0394,0.03278000000000003
0.05500000000000001,0.16999999999999993,0.035,0.0394,0.03297499999999998
0.06000000000000001,0.16999999999999993,0.035,0.0394,0.03317000000000003
0.065,0.16999999999999993,0.035,0.0394,0.03336499999999998
0.07,0.16999999999999993,0.035,0.0394,0.033560000000000034
0.07500000000000001,0.16999999999999993,0.035,0.0394,0.03375499999999998
0.08000000000000002,0.16999999999999993,0.035,0.0394,0.033950000000000036
0.02,0.17499999999999993,-0.01,0.0424,0.03161000000000003
0.025,0.17499999999999993,-0.01,0.0401,0.03180499999999997
0.030000000000000002,0.17499999999999993,-0.01,0.0395,0.03200000000000003
0.035,0.17499999999999993,-0.01,0.0395,0.032194999999999974
0.04000000000000001,0.17499999999999993,-0.01,0.0394,0.03239000000000003
0.045000000000000005,0.17499999999999993,-0.01,0.0394,0.032584999999999975
0.05,0.17499999999999993,-0.01,0.0394,0.03278000000000003
0.05500000000000001,0.17499999999999993,-0.01,0.0394,0.03297499999999998
0.06000000000000001,0.17499999999999993,-0.01,0.0394,0.03317000000000003
0.065,0.17499999999999993,-0.01,0.0394,0.03336499999999998
0.07,0.17499999999999993,-0.01,0.0394,0.033560000000000034
0.07500000000000001,0.17499999999999993,-0.01,0.0394,0.03375499999999998
0.08000000000000002,0.17499999999999993,-0.01,0.0394,0.033950000000000036
0.02,0.17499999999999993,-0.005,0.0424,0.03161000000000003
0.025,0.17499999999999993,-0.005,0.0401,0.03180499999999997
0.030000000000000002,0.17499999999999993,-0.005,0.0395,0.03200000000000003
0.035,0.17499999999999993,-0.005,0.0395,0.032194999999999974
0.04000000000000001,0.17499999999999993,-0.005,0.0394,0.03239000000000003
0.045000000000000005,0.17499999999999993,-0.005,0.0394,0.032584999999999975
0.05,0.17499999999999993,-0.005,0.0394,0.03278000000000003
0.05500000000000001,0.17499999999999993,-0.005,0.0394,0.03297499999999998
0.06000000000000001,0.17499999999999993,-0.005,0.0394,0.03317000000000003
0.065,0.17499999999999993,-0.005,0.0394,0.03336499999999998
0.07,0.17499999999999993,-0.005,0.0394,0.033560000000000034
0.07500000000000001,0.17499999999999993,-0.005,0.0394,0.03375499999999998
0.08000000000000002,0.17499999999999993,-0.005,0.0394,0.033950000000000036
0.02,0.17499999999999993,0.0,0.0424,0.03161000000000003
0.025,0.17499999999999993,0.0,0.0401,0.03180499999999997
0.030000000000000002,0.17499999999999993,0.0,0.0395,0.03200000000000003
0.035,0.17499999999999993,0.0,0.0395,0.032194999999999974
0.04000000000000001,0.17499999999999993,0.0,0.0394,0.03239000000000003
0.045000000000000005,0.17499999999999993,0.0,0.0394,0.032584999999999975
0.05,0.17499999999999993,0.0,0.0394,0.03278000000000003
0.05500000000000001,0.17499999999999993,0.0,0.0394,0.03297499999999998
0.06000000000000001,0.17499999999999993,0.0,0.0394,0.03317000000000003
0.065,0.17499999999999993,0.0,0.0394,0.03336499999999998
0.07,0.17499999999999993,0.0,0.0394,0.033560000000000034
0.07500000000000001,0.17499999999999993,0.0,0.0394,0.03375499999999998
0.08000000000000002,0.17499999999999993,0.0,0.0394,0.033950000000000036
0.02,0.17499999999999993,0.005,0.0424,0.03161000000000003
0.025,0.17499999999999993,0.005,0.0401,0.03180499999999997
0.030000000000000002,0.17499999999999993,0.005,0.0395,0.03200000000000003
0.035,0.17499999999999993,0.005,0.0395,0.032194999999999974
0.04000000000000001,0.17499999999999993,0.005,0.0394,0.03239000000000003
0.045000000000000005,0.17499999999999993,0.005,0.0394,0.032584999999999975
0.05,0.17499999999999993,0.005,0.0394,0.03278000000000003
0.05500000000000001,0.17499999999999993,0.005,0.0394,0.03297499999999998
0.06000000000000001,0.17499999999999993,0.005,0.0394,0.03317000000000003
0.065,0.17499999999999993,0.005,0.0394,0.03336499999999998
0.07,0.17499999999999993,0.005,0.0394,0.033560000000000034
0.07500000000000001,0.17499999999999993,0.005,0.0394,0.03375499999999998
0.08000000000000002,0.17499999999999993,0.005,0.0394,0.033950000000000036
0.02,0.17499999999999993,0.01,0.0424,0.03161000000000003
0.025,0.17499999999999993,0.01,0.0401,0.03180499999999997
0.030000000000000002,0.17499999999999993,0.01,0.0395,0.03200000000000003
0.035,0.17499999999999993,0.01,0.0395,0.032194999999999974
0.04000000000000001,0.17499999999999993,0.01,0.0394,0.03239000000000003
0.045000000000000005,0.17499999999999993,0.01,0.0394,0.032584999999999975
0.05,0.17499999999999993,0.01,0.0394,0.03278000000000003
0.05500000000000001,0.17499999999999993,0.01,0.0394,0.03297499999999998
0.06000000000000001,0.17499999999999993,0.01,0.0394,0.03317000000000003
0.065,0.17499999999999993,0.01,0.0394,0.03336499999999998
0.07,0.17499999999999993,0.01,0.0394,0.033560000000000034
0.07500000000000001,0.17499999999999993,0.01,0.0394,0.03375499999999998
0.08000000000000002,0.17499999999999993,0.01,0.0394,0.033950000000000036
0.02,0.17499999999999993,0.015,0.0424,0.03161000000000003
0.025,0.17499999999999993,0.015,0.0401,0.03180499999999997
0.030000000000000002,0.17499999999999993,0.015,0.0395,0.03200000000000003
0.035,0.17499999999999993,0.015,0.0395,0.032194999999999974
0.04000000000000001,0.17499999999999993,0.015,0.0394,0.03239000000000003
0.045000000000000005,0.17499999999999993,0.015,0.0394,0.032584999999999975
0.05,0.17499999999999993,0.015,0.0394,0.03278000000000003
0.05500000000000001,0.17499999999999993,0.015,0.0394,0.03297499999999998
0.06000000000000001,0.17499999999999993,0.015,0.0394,0.03317000000000003
0.065,0.17499999999999993,0.015,0.0394,0.03336499999999998
0.07,0.17499999999999993,0.015,0.0394,0.033560000000000034
0.07500000000000001,0.17499999999999993,0.015,0.0394,0.03375499999999998
0.08000000000000002,0.17499999999999993,0.015,0.0394,0.033950000000000036
0.02,0.17499999999999993,0.02,0.0416,0.03161000000000003
0.025,0.17499999999999993,0.02,0.0399,0.03180499999999997
0.030000000000000002,0.17499999999999993,0.02,0.0394,0.03200000000000003
0.035,0.17499999999999993,0.02,0.0394,0.032194999999999974
0.04000000000000001,0.17499999999999993,0.02,0.0394,0.03239000000000003
0.045000000000000005,0.17499999999999993,0.02,0.0394,0.032584999999999975
0.05,0.17499999999999993,0.02,0.0394,0.03278000000000003
0.05500000000000001,0.17499999999999993,0.02,0.0394,0.03297499999999998
0.06000000000000001,0.17499999999999993,0.02,0.0394,0.03317000000000003
0.065,0.17499999999999993,0.02,0.0394,0.03336499999999998
0.07,0.17499999999999993,0.02,0.0394,0.033560000000000034
0.07500000000000001,0.17499999999999993,0.02,0.0394,0.03375499999999998
0.08000000000000002,0.17499999999999993,0.02,0.0394,0.033950000000000036
0.02,0.17499999999999993,0.025,0.0416,0.03161000000000003
0.025,0.17499999999999993,0.025,0.0399,0.03180499999999997
0.030000000000000002,0.17499999999999993,0.025,0.0394,0.03200000000000003
0.035,0.17499999999999993,0.025,0.0394,0.032194999999999974
0.04000000000000001,0.17499999999999993,0.025,0.0394,0.03239000000000003
0.045000000000000005,0.17499999999999993,0.025,0.0394,0.032584999999999975
0.05,0.17499999999999993,0.025,0.0394,0.03278000000000003
0.05500000000000001,0.17499999999999993,0.025,0.0394,0.03297499999999998
0.06000000000000001,0.17499999999999993,0.025,0.0394,0.03317000000000003
0.065,0.17499999999999993,0.025,0.0394,0.03336499999999998
0.07,0.17499999999999993,0.025,0.0394,0.033560000000000034
0.07500000000000001,0.17499999999999993,0.025,0.0394,0.03375499999999998
0.08000000000000002,0.17499999999999993,0.025,0.0394,0.033950000000000036
0.02,0.17499999999999993,0.03,0.0416,0.03161000000000003
0.025,0.17499999999999993,0.03,0.0399,0.03180499999999997
0.030000000000000002,0.17499999999999993,0.03,0.0394,0.03200000000000003
0.035,0.17499999999999993,0.03,0.0394,0.032194999999999974
0.04000000000000001,0.17499999999999993,0.03,0.0394,0.03239000000000003
0.045000000000000005,0.17499999999999993,0.03,0.0394,0.032584999999999975
0.05,0.17499999999999993,0.03,0.0394,0.03278000000000003
0.05500000000000001,0.17499999999999993,0.03,0.0394,0.03297499999999998
0.06000000000000001,0.17499999999999993,0.03,0.0394,0.03317000000000003
0.065,0.17499999999999993,0.03,0.0394,0.03336499999999998
0.07,0.17499999999999993,0.03,0.0394,0.033560000000000034
0.07500000000000001,0.17499999999999993,0.03,0.0394,0.03375499999999998
0.08000000000000002,0.17499999999999993,0.03,0.0394,0.033950000000000036
0.02,0.17499999999999993,0.035,0.0416,0.03161000000000003
0.025,0.17499999999999993,0.035,0.0399,0.03180499999999997
0.030000000000000002,0.17499999999999993,0.035,0.0394,0.03200000000000003
0.035,0.17499999999999993,0.035,0.0394,0.032194999999999974
0.04000000000000001,0.17499999999999993,0.035,0.0394,0.03239000000000003
0.045000000000000005,0.17499999999999993,0.035,0.0394,0.032584999999999975
0.05,0.17499999999999993,0.035,0.0394,0.03278000000000003
0.05500000000000001,0.17499999999999993,0.035,0.0394,0.03297499999999998
0.06000000000000001,0.17499999999999993,0.035,0.0394,0.03317000000000003
0.065,0.17499999999999993,0.035,0.0394,0.03336499999999998
0.07,0.17499999999999993,0.035,0.0394,0.033560000000000034
0.07500000000000001,0.17499999999999993,0.035,0.0394,0.03375499999999998
0.08000000000000002,0.17499999999999993,0.035,0.0394,0.033950000000000036
