Market_Rate,Friction,Rate_Velocity,CPR_US,CPR_Danish
0.02,0.05,-0.01,0.4243,0.03161000000000003
0.025,0.05,-0.01,0.3013,0.03180499999999997
0.030000000000000002,0.05,-0.01,0.2046,0.03200000000000003
0.035,0.05,-0.01,0.1224,0.032194999999999974
0.04000000000000001,0.05,-0.01,0.068,0.03239000000000003
0.045000000000000005,0.05,-0.01,0.0288,0.032584999999999975
0.05,0.05,-0.01,0.012,0.03278000000000003
0.05500000000000001,0.05,-0.01,0.0036,0.03297499999999998
0.06000000000000001,0.05,-0.01,0.0009,0.03317000000000003
0.065,0.05,-0.01,0.0003,0.03336499999999998
0.07,0.05,-0.01,0.0,0.033560000000000034
0.07500000000000001,0.05,-0.01,0.0,0.03375499999999998
0.08000000000000002,0.05,-0.01,0.0,0.033950000000000036
0.02,0.05,-0.005,0.4243,0.03161000000000003
0.025,0.05,-0.005,0.3013,0.03180499999999997
0.030000000000000002,0.05,-0.005,0.2046,0.03200000000000003
0.035,0.05,-0.005,0.1224,0.032194999999999974
0.04000000000000001,0.05,-0.005,0.068,0.03239000000000003
0.045000000000000005,0.05,-0.005,0.0288,0.032584999999999975
0.05,0.05,-0.005,0.012,0.03278000000000003
0.05500000000000001,0.05,-0.005,0.0036,0.03297499999999998
0.06000000000000001,0.05,-0.005,0.0009,0.03317000000000003
0.065,0.05,-0.005,0.0003,0.03336499999999998
0.07,0.05,-0.005,0.0,0.033560000000000034
0.07500000000000001,0.05,-0.005,0.0,0.03375499999999998
0.08000000000000002,0.05,-0.005,0.0,0.033950000000000036
0.02,0.05,0.0,0.4243,0.03161000000000003
0.025,0.05,0.0,0.3013,0.03180499999999997
0.030000000000000002,0.05,0.0,0.2046,0.03200000000000003
0.035,0.05,0.0,0.1224,0.032194999999999974
0.04000000000000001,0.05,0.0,0.068,0.03239000000000003
0.045000000000000005,0.05,0.0,0.0288,0.032584999999999975
0.05,0.05,0.0,0.012,0.03278000000000003
0.05500000000000001,0.05,0.0,0.0036,0.03297499999999998
0.06000000000000001,0.05,0.0,0.0009,0.03317000000000003
0.065,0.05,0.0,0.0003,0.03336499999999998
0.07,0.05,0.0,0.0,0.033560000000000034
0.07500000000000001,0.05,0.0,0.0,0.03375499999999998
0.08000000000000002,0.05,0.0,0.0,0.033950000000000036
0.02,0.05,0.005,0.4243,0.03161000000000003
0.025,0.05,0.005,0.3013,0.03180499999999997
0.030000000000000002,0.05,0.005,0.2046,0.03200000000000003
0.035,0.05,0.005,0.1224,0.032194999999999974
0.04000000000000001,0.05,0.005,0.068,0.03239000000000003
0.045000000000000005,0.05,0.005,0.0288,0.032584999999999975
0.05,0.05,0.005,0.012,0.03278000000000003
0.05500000000000001,0.05,0.005,0.0036,0.03297499999999998
0.06000000000000001,0.05,0.005,0.0009,0.03317000000000003
0.065,0.05,0.005,0.0003,0.03336499999999998
0.07,0.05,0.005,0.0,0.033560000000000034
0.07500000000000001,0.05,0.005,0.0,0.03375499999999998
0.08000000000000002,0.05,0.005,0.0,0.033950000000000036
0.02,0.05,0.01,0.4243,0.03161000000000003
0.025,0.05,0.01,0.3013,0.03180499999999997
0.030000000000000002,0.05,0.01,0.2046,0.03200000000000003
0.035,0.05,0.01,0.1224,0.032194999999999974
0.04000000000000001,0.05,0.01,0.068,0.03239000000000003
0.045000000000000005,0.05,0.01,0.0288,0.032584999999999975
0.05,0.05,0.01,0.012,0.03278000000000003
0.05500000000000001,0.05,0.01,0.0036,0.03297499999999998
0.06000000000000001,0.05,0.01,0.0009,0.03317000000000003
0.065,0.05,0.01,0.0003,0.03336499999999998
0.07,0.05,0.01,0.0,0.033560000000000034
0.07500000000000001,0.05,0.01,0.0,0.03375499999999998
0.08000000000000002,0.05,0.01,0.0,0.033950000000000036
0.02,0.05,0.015,0.4243,0.03161000000000003
0.025,0.05,0.015,0.3013,0.03180499999999997
0.030000000000000002,0.05,0.015,0.2046,0.03200000000000003
0.035,0.05,0.015,0.1224,0.032194999999999974
0.04000000000000001,0.05,0.015,0.068,0.03239000000000003
0.045000000000000005,0.05,0.015,0.0288,0.032584999999999975
0.05,0.05,0.015,0.012,0.03278000000000003
0.05500000000000001,0.05,0.015,0.0036,0.03297499999999998
0.06000000000000001,0.05,0.015,0.0009,0.03317000000000003
0.065,0.05,0.015,0.0003,0.03336499999999998
0.07,0.05,0.015,0.0,0.033560000000000034
0.07500000000000001,0.05,0.015,0.0,0.03375499999999998
0.08000000000000002,0.05,0.015,0.0,0.033950000000000036
0.02,0.05,0.02,0.3422,0.03161000000000003
0.025,0.05,0.02,0.2419,0.03180499999999997
0.030000000000000002,0.05,0.02,0.1642,0.03200000000000003
0.035,0.05,0.02,0.0979,0.032194999999999974
0.04000000000000001,0.05,0.02,0.0543,0.03239000000000003
0.045000000000000005,0.05,0.02,0.0225,0.032584999999999975
0.05,0.05,0.02,0.0086,0.03278000000000003
0.05500000000000001,0.05,0.02,0.0025,0.03297499999999998
0.06000000000000001,0.05,0.02,0.0005,0.03317000000000003
0.065,0.05,0.02,0.0,0.03336499999999998
0.07,0.05,0.02,0.0,0.033560000000000034
0.07500000000000001,0.05,0.02,0.0,0.03375499999999998
0.08000000000000002,0.05,0.02,0.0,0.033950000000000036
0.02,0.05,0.025,0.3422,0.03161000000000003
0.025,0.05,0.025,0.2419,0.03180499999999997
0.030000000000000002,0.05,0.025,0.1642,0.03200000000000003
0.035,0.05,0.025,0.0979,0.032194999999999974
0.04000000000000001,0.05,0.025,0.0543,0.03239000000000003
0.045000000000000005,0.05,0.025,0.0225,0.032584999999999975
0.05,0.05,0.025,0.0086,0.03278000000000003
0.05500000000000001,0.05,0.025,0.0025,0.03297499999999998
0.06000000000000001,0.05,0.025,0.0005,0.03317000000000003
0.065,0.05,0.025,0.0,0.03336499999999998
0.07,0.05,0.025,0.0,0.033560000000000034
0.07500000000000001,0.05,0.025,0.0,0.03375499999999998
0.08000000000000002,0.05,0.025,0.0,0.033950000000000036
0.02,0.05,0.03,0.3422,0.03161000000000003
0.025,0.05,0.03,0.2419,0.03180499999999997
0.030000000000000002,0.05,0.03,0.1642,0.03200000000000003
0.035,0.05,0.03,0.0979,0.032194999999999974
0.04000000000000001,0.05,0.03,0.0543,0.03239000000000003
0.045000000000000005,0.05,0.03,0.0225,0.032584999999999975
0.05,0.05,0.03,0.0086,0.03278000000000003
0.05500000000000001,0.05,0.03,0.0025,0.03297499999999998
0.06000000000000001,0.05,0.03,0.0005,0.03317000000000003
0.065,0.05,0.03,0.0,0.03336499999999998
0.07,0.05,0.03,0.0,0.033560000000000034
0.07500000000000001,0.05,0.03,0.0,0.03375499999999998
0.08000000000000002,0.05,0.03,0.0,0.033950000000000036
0.02,0.05,0.035,0.3422,0.03161000000000003
0.025,0.05,0.035,0.2419,0.03180499999999997
0.030000000000000002,0.05,0.035,0.1642,0.03200000000000003
0.035,0.05,0.035,0.0979,0.032194999999999974
0.04000000000000001,0.05,0.035,0.0543,0.03239000000000003
0.045000000000000005,0.05,0.035,0.0225,0.032584999999999975
0.05,0.05,0.035,0.0086,0.03278000000000003
0.05500000000000001,0.05,0.035,0.0025,0.03297499999999998
0.06000000000000001,0.05,0.035,0.0005,0.03317000000000003
0.065,0.05,0.035,0.0,0.03336499999999998
0.07,0.05,0.035,0.0,0.033560000000000034
0.07500000000000001,0.05,0.035,0.0,0.03375499999999998
0.08000000000000002,0.05,0.035,0.0,0.033950000000000036
0.02,0.055,-0.01,0.3631,0.03161000000000003
0.025,0.055,-0.01,0.2601,0.03180499999999997
0.030000000000000002,0.055,-0.01,0.1691,0.03200000000000003
0.035,0.055,-0.01,0.1004,0.032194999999999974
0.04000000000000001,0.055,-0.01,0.0525,0.03239000000000003
0.045000000000000005,0.055,-0.01,0.0222,0.032584999999999975
0.05,0.055,-0.01,0.0088,0.03278000000000003
0.05500000000000001,0.055,-0.01,0.0021,0.03297499999999998
0.06000000000000001,0.055,-0.01,0.0009,0.03317000000000003
0.065,0.055,-0.01,0.0003,0.03336499999999998
0.07,0.055,-0.01,0.0,0.033560000000000034
0.07500000000000001,0.055,-0.01,0.0,0.03375499999999998
0.08000000000000002,0.055,-0.01,0.0,0.033950000000000036
0.02,0.055,-0.005,0.3631,0.03161000000000003
0.025,0.055,-0.005,0.2601,0.03180499999999997
0.030000000000000002,0.055,-0.005,0.1691,0.03200000000000003
0.035,0.055,-0.005,0.1004,0.032194999999999974
0.04000000000000001,0.055,-0.005,0.0525,0.03239000000000003
0.045000000000000005,0.055,-0.005,0.0222,0.032584999999999975
0.05,0.055,-0.005,0.0088,0.03278000000000003
0.05500000000000001,0.055,-0.005,0.0021,0.03297499999999998
0.06000000000000001,0.055,-0.005,0.0009,0.03317000000000003
0.065,0.055,-0.005,0.0003,0.03336499999999998
0.07,0.055,-0.005,0.0,0.033560000000000034
0.07500000000000001,0.055,-0.005,0.0,0.03375499999999998
0.08000000000000002,0.055,-0.005,0.0,0.033950000000000036
0.02,0.055,0.0,0.3631,0.03161000000000003
0.025,0.055,0.0,0.2601,0.03180499999999997
0.030000000000000002,0.055,0.0,0.1691,0.03200000000000003
0.035,0.055,0.0,0.1004,0.032194999999999974
0.04000000000000001,0.055,0.0,0.0525,0.03239000000000003
0.045000000000000005,0.055,0.0,0.0222,0.032584999999999975
0.05,0.055,0.0,0.0088,0.03278000000000003
0.05500000000000001,0.055,0.0,0.0021,0.03297499999999998
0.06000000000000001,0.055,0.0,0.0009,0.03317000000000003
0.065,0.055,0.0,0.0003,0.03336499999999998
0.07,0.055,0.0,0.0,0.033560000000000034
0.07500000000000001,0.055,0.0,0.0,0.03375499999999998
0.08000000000000002,0.055,0.0,0.0,0.033950000000000036
0.02,0.055,0.005,0.3631,0.03161000000000003
0.025,0.055,0.005,0.2601,0.03180499999999997
0.030000000000000002,0.055,0.005,0.1691,0.03200000000000003
0.035,0.055,0.005,0.1004,0.032194999999999974
0.04000000000000001,0.055,0.005,0.0525,0.03239000000000003
0.045000000000000005,0.055,0.005,0.0222,0.032584999999999975
0.05,0.055,0.005,0.0088,0.03278000000000003
0.05500000000000001,0.055,0.005,0.0021,0.03297499999999998
0.06000000000000001,0.055,0.005,0.0009,0.03317000000000003
0.065,0.055,0.005,0.0003,0.03336499999999998
0.07,0.055,0.005,0.0,0.033560000000000034
0.07500000000000001,0.055,0.005,0.0,0.03375499999999998
0.08000000000000002,0.055,0.005,0.0,0.033950000000000036
0.02,0.055,0.01,0.3631,0.03161000000000003
0.025,0.055,0.01,0.2601,0.03180499999999997
0.030000000000000002,0.055,0.01,0.1691,0.03200000000000003
0.035,0.055,0.01,0.1004,0.032194999999999974
0.04000000000000001,0.055,0.01,0.0525,0.03239000000000003
0.045000000000000005,0.055,0.01,0.0222,0.032584999999999975
0.05,0.055,0.01,0.0088,0.03278000000000003
0.05500000000000001,0.055,0.01,0.0021,0.03297499999999998
0.06000000000000001,0.055,0.01,0.0009,0.03317000000000003
0.065,0.055,0.01,0.0003,0.03336499999999998
0.07,0.055,0.01,0.0,0.033560000000000034
0.07500000000000001,0.055,0.01,0.0,0.03375499999999998
0.08000000000000002,0.055,0.01,0.0,0.033950000000000036
0.02,0.055,0.015,0.3631,0.03161000000000003
0.025,0.055,0.015,0.2601,0.03180499999999997
0.030000000000000002,0.055,0.015,0.1691,0.03200000000000003
0.035,0.055,0.015,0.1004,0.032194999999999974
0.04000000000000001,0.055,0.015,0.0525,0.03239000000000003
0.045000000000000005,0.055,0.015,0.0222,0.032584999999999975
0.05,0.055,0.015,0.0088,0.03278000000000003
0.05500000000000001,0.055,0.015,0.0021,0.03297499999999998
0.06000000000000001,0.055,0.015,0.0009,0.03317000000000003
0.065,0.055,0.015,0.0003,0.03336499999999998
0.07,0.055,0.015,0.0,0.033560000000000034
0.07500000000000001,0.055,0.015,0.0,0.03375499999999998
0.08000000000000002,0.055,0.015,0.0,0.033950000000000036
0.02,0.055,0.02,0.2913,0.03161000000000003
0.025,0.055,0.02,0.2097,0.03180499999999997
0.030000000000000002,0.055,0.02,0.1354,0.03200000000000003
0.035,0.055,0.02,0.0805,0.032194999999999974
0.04000000000000001,0.055,0.02,0.0416,0.03239000000000003
0.045000000000000005,0.055,0.02,0.0172,0.032584999999999975
0.05,0.055,0.02,0.0058,0.03278000000000003
0.05500000000000001,0.055,0.02,0.0015,0.03297499999999998
0.06000000000000001,0.055,0.02,0.0005,0.03317000000000003
0.065,0.055,0.02,0.0,0.03336499999999998
0.07,0.055,0.02,0.0,0.033560000000000034
0.07500000000000001,0.055,0.02,0.0,0.03375499999999998
0.08000000000000002,0.055,0.02,0.0,0.033950000000000036
0.02,0.055,0.025,0.2913,0.03161000000000003
0.025,0.055,0.025,0.2097,0.03180499999999997
0.030000000000000002,0.055,0.025,0.1354,0.03200000000000003
0.035,0.055,0.025,0.0805,0.032194999999999974
0.04000000000000001,0.055,0.025,0.0416,0.03239000000000003
0.045000000000000005,0.055,0.025,0.0172,0.032584999999999975
0.05,0.055,0.025,0.0058,0.03278000000000003
0.05500000000000001,0.055,0.025,0.0015,0.03297499999999998
0.06000000000000001,0.055,0.025,0.0005,0.03317000000000003
0.065,0.055,0.025,0.0,0.03336499999999998
0.07,0.055,0.025,0.0,0.033560000000000034
0.07500000000000001,0.055,0.025,0.0,0.03375499999999998
0.08000000000000002,0.055,0.025,0.0,0.033950000000000036
0.02,0.055,0.03,0.2913,0.03161000000000003
0.025,0.055,0.03,0.2097,0.03180499999999997
0.030000000000000002,0.055,0.03,0.1354,0.03200000000000003
0.035,0.055,0.03,0.0805,0.032194999999999974
0.04000000000000001,0.055,0.03,0.0416,0.03239000000000003
0.045000000000000005,0.055,0.03,0.0172,0.032584999999999975
0.05,0.055,0.03,0.0058,0.03278000000000003
0.05500000000000001,0.055,0.03,0.0015,0.03297499999999998
0.06000000000000001,0.055,0.03,0.0005,0.03317000000000003
0.065,0.055,0.03,0.0,0.03336499999999998
0.07,0.055,0.03,0.0,0.033560000000000034
0.07500000000000001,0.055,0.03,0.0,0.03375499999999998
0.08000000000000002,0.055,0.03,0.0,0.033950000000000036
0.02,0.055,0.035,0.2913,0.03161000000000003
0.025,0.055,0.035,0.2097,0.03180499999999997
0.030000000000000002,0.055,0.035,0.1354,0.03200000000000003
0.035,0.055,0.035,0.0805,0.032194999999999974
0.04000000000000001,0.055,0.035,0.0416,0.03239000000000003
0.045000000000000005,0.055,0.035,0.0172,0.032584999999999975
0.05,0.055,0.035,0.0058,0.03278000000000003
0.05500000000000001,0.055,0.035,0.0015,0.03297499999999998
0.06000000000000001,0.055,0.035,0.0005,0.03317000000000003
0.065,0.055,0.035,0.0,0.03336499999999998
0.07,0.055,0.035,0.0,0.033560000000000034
0.07500000000000001,0.055,0.035,0.0,0.03375499999999998
0.08000000000000002,0.055,0.035,0.0,0.033950000000000036
0.02,0.06,-0.01,0.3157,0.03161000000000003
0.025,0.06,-0.01,0.2206,0.03180499999999997
0.030000000000000002,0.06,-0.01,0.1402,0.03200000000000003
0.035,0.06,-0.01,0.08,0.032194999999999974
0.04000000000000001,0.06,-0.01,0.039,0.03239000000000003
0.045000000000000005,0.06,-0.01,0.0178,0.032584999999999975
0.05,0.06,-0.01,0.0063,0.03278000000000003
0.05500000000000001,0.06,-0.01,0.0017,0.03297499999999998
0.06000000000000001,0.06,-0.01,0.0006,0.03317000000000003
0.065,0.06,-0.01,0.0003,0.03336499999999998
0.07,0.06,-0.01,0.0,0.033560000000000034
0.07500000000000001,0.06,-0.01,0.0,0.03375499999999998
0.08000000000000002,0.06,-0.01,0.0,0.033950000000000036
0.02,0.06,-0.005,0.3157,0.03161000000000003
0.025,0.06,-0.005,0.2206,0.03180499999999997
0.030000000000000002,0.06,-0.005,0.1402,0.03200000000000003
0.035,0.06,-0.005,0.08,0.032194999999999974
0.04000000000000001,0.06,-0.005,0.039,0.03239000000000003
0.045000000000000005,0.06,-0.005,0.0178,0.032584999999999975
0.05,0.06,-0.005,0.0063,0.03278000000000003
0.05500000000000001,0.06,-0.005,0.0017,0.03297499999999998
0.06000000000000001,0.06,-0.005,0.0006,0.03317000000000003
0.065,0.06,-0.005,0.0003,0.03336499999999998
0.07,0.06,-0.005,0.0,0.033560000000000034
0.07500000000000001,0.06,-0.005,0.0,0.03375499999999998
0.08000000000000002,0.06,-0.005,0.0,0.033950000000000036
0.02,0.06,0.0,0.3157,0.03161000000000003
0.025,0.06,0.0,0.2206,0.03180499999999997
0.030000000000000002,0.06,0.0,0.1402,0.03200000000000003
0.035,0.06,0.0,0.08,0.032194999999999974
0.04000000000000001,0.06,0.0,0.039,0.03239000000000003
0.045000000000000005,0.06,0.0,0.0178,0.032584999999999975
0.05,0.06,0.0,0.0063,0.03278000000000003
0.05500000000000001,0.06,0.0,0.0017,0.03297499999999998
0.06000000000000001,0.06,0.0,0.0006,0.03317000000000003
0.065,0.06,0.0,0.0003,0.03336499999999998
0.07,0.06,0.0,0.0,0.033560000000000034
0.07500000000000001,0.06,0.0,0.0,0.03375499999999998
0.08000000000000002,0.06,0.0,0.0,0.033950000000000036
0.02,0.06,0.005,0.3157,0.03161000000000003
0.025,0.06,0.005,0.2206,0.03180499999999997
0.030000000000000002,0.06,0.005,0.1402,0.03200000000000003
0.035,0.06,0.005,0.08,0.032194999999999974
0.04000000000000001,0.06,0.005,0.039,0.03239000000000003
0.045000000000000005,0.06,0.005,0.0178,0.032584999999999975
0.05,0.06,0.005,0.0063,0.03278000000000003
0.05500000000000001,0.06,0.005,0.0017,0.03297499999999998
0.06000000000000001,0.06,0.005,0.0006,0.03317000000000003
0.065,0.06,0.005,0.0003,0.03336499999999998
0.07,0.06,0.005,0.0,0.033560000000000034
0.07500000000000001,0.06,0.005,0.0,0.03375499999999998
0.08000000000000002,0.06,0.005,0.0,0.033950000000000036
0.02,0.06,0.01,0.3157,0.03161000000000003
0.025,0.06,0.01,0.2206,0.03180499999999997
0.030000000000000002,0.06,0.01,0.1402,0.03200000000000003
0.035,0.06,0.01,0.08,0.032194999999999974
0.04000000000000001,0.06,0.01,0.039,0.03239000000000003
0.045000000000000005,0.06,0.01,0.0178,0.032584999999999975
0.05,0.06,0.01,0.0063,0.03278000000000003
0.05500000000000001,0.06,0.01,0.0017,0.03297499999999998
0.06000000000000001,0.06,0.01,0.0006,0.03317000000000003
0.065,0.06,0.01,0.0003,0.03336499999999998
0.07,0.06,0.01,0.0,0.033560000000000034
0.07500000000000001,0.06,0.01,0.0,0.03375499999999998
0.08000000000000002,0.06,0.01,0.0,0.033950000000000036
0.02,0.06,0.015,0.3157,0.03161000000000003
0.025,0.06,0.015,0.2206,0.03180499999999997
0.030000000000000002,0.06,0.015,0.1402,0.03200000000000003
0.035,0.06,0.015,0.08,0.032194999999999974
0.04000000000000001,0.06,0.015,0.039,0.03239000000000003
0.045000000000000005,0.06,0.015,0.0178,0.032584999999999975
0.05,0.06,0.015,0.0063,0.03278000000000003
0.05500000000000001,0.06,0.015,0.0017,0.03297499999999998
0.06000000000000001,0.06,0.015,0.0006,0.03317000000000003
0.065,0.06,0.015,0.0003,0.03336499999999998
0.07,0.06,0.015,0.0,0.033560000000000034
0.07500000000000001,0.06,0.015,0.0,0.03375499999999998
0.08000000000000002,0.06,0.015,0.0,0.033950000000000036
0.02,0.06,0.02,0.2533,0.03161000000000003
0.025,0.06,0.02,0.1771,0.03180499999999997
0.030000000000000002,0.06,0.02,0.1124,0.03200000000000003
0.035,0.06,0.02,0.064,0.032194999999999974
0.04000000000000001,0.06,0.02,0.031,0.03239000000000003
0.045000000000000005,0.06,0.02,0.0133,0.032584999999999975
0.05,0.06,0.02,0.0043,0.03278000000000003
0.05500000000000001,0.06,0.02,0.0011,0.03297499999999998
0.06000000000000001,0.06,0.02,0.0003,0.03317000000000003
0.065,0.06,0.02,0.0,0.03336499999999998
0.07,0.06,0.02,0.0,0.033560000000000034
0.07500000000000001,0.06,0.02,0.0,0.03375499999999998
0.08000000000000002,0.06,0.02,0.0,0.033950000000000036
0.02,0.06,0.025,0.2533,0.03161000000000003
0.025,0.06,0.025,0.1771,0.03180499999999997
0.030000000000000002,0.06,0.025,0.1124,0.03200000000000003
0.035,0.06,0.025,0.064,0.032194999999999974
0.04000000000000001,0.06,0.025,0.031,0.03239000000000003
0.045000000000000005,0.06,0.025,0.0133,0.032584999999999975
0.05,0.06,0.025,0.0043,0.03278000000000003
0.05500000000000001,0.06,0.025,0.0011,0.03297499999999998
0.06000000000000001,0.06,0.025,0.0003,0.03317000000000003
0.065,0.06,0.025,0.0,0.03336499999999998
0.07,0.06,0.025,0.0,0.033560000000000034
0.07500000000000001,0.06,0.025,0.0,0.03375499999999998
0.08000000000000002,0.06,0.025,0.0,0.033950000000000036
0.02,0.06,0.03,0.2533,0.03161000000000003
0.025,0.06,0.03,0.1771,0.03180499999999997
0.030000000000000002,0.06,0.03,0.1124,0.03200000000000003
0.035,0.06,0.03,0.064,0.032194999999999974
0.04000000000000001,0.06,0.03,0.031,0.03239000000000003
0.045000000000000005,0.06,0.03,0.0133,0.032584999999999975
0.05,0.06,0.03,0.0043,0.03278000000000003
0.05500000000000001,0.06,0.03,0.0011,0.03297499999999998
0.06000000000000001,0.06,0.03,0.0003,0.03317000000000003
0.065,0.06,0.03,0.0,0.03336499999999998
0.07,0.06,0.03,0.0,0.033560000000000034
0.07500000000000001,0.06,0.03,0.0,0.03375499999999998
0.08000000000000002,0.06,0.03,0.0,0.033950000000000036
0.02,0.06,0.035,0.2533,0.03161000000000003
0.025,0.06,0.035,0.1771,0.03180499999999997
0.030000000000000002,0.06,0.035,0.1124,0.03200000000000003
0.035,0.06,0.035,0.064,0.032194999999999974
0.04000000000000001,0.06,0.035,0.031,0.03239000000000003
0.045000000000000005,0.06,0.035,0.0133,0.032584999999999975
0.05,0.06,0.035,0.0043,0.03278000000000003
0.05500000000000001,0.06,0.035,0.0011,0.03297499999999998
0.06000000000000001,0.06,0.035,0.0003,0.03317000000000003
0.065,0.06,0.035,0.0,0.03336499999999998
0.07,0.06,0.035,0.0,0.033560000000000034
0.07500000000000001,0.06,0.035,0.0,0.03375499999999998
0.08000000000000002,0.06,0.035,0.0,0.033950000000000036
0.02,0.065,-0.01,0.2711,0.03161000000000003
0.025,0.065,-0.01,0.1844,0.03180499999999997
0.030000000000000002,0.065,-0.01,0.1144,0.03200000000000003
0.035,0.065,-0.01,0.063,0.032194999999999974
0.04000000000000001,0.065,-0.01,0.0279,0.03239000000000003
0.045000000000000005,0.065,-0.01,0.0132,0.032584999999999975
0.05,0.065,-0.01,0.004,0.03278000000000003
0.05500000000000001,0.065,-0.01,0.0014,0.03297499999999998
0.06000000000000001,0.065,-0.01,0.0004,0.03317000000000003
0.065,0.065,-0.01,0.0002,0.03336499999999998
0.07,0.065,-0.01,0.0,0.033560000000000034
0.07500000000000001,0.065,-0.01,0.0,0.03375499999999998
0.08000000000000002,0.065,-0.01,0.0,0.033950000000000036
0.02,0.065,-0.005,0.2711,0.03161000000000003
0.025,0.065,-0.005,0.1844,0.03180499999999997
0.030000000000000002,0.065,-0.005,0.1144,0.03200000000000003
0.035,0.065,-0.005,0.063,0.032194999999999974
0.04000000000000001,0.065,-0.005,0.0279,0.03239000000000003
0.045000000000000005,0.065,-0.005,0.0132,0.032584999999999975
0.05,0.065,-0.005,0.004,0.03278000000000003
0.05500000000000001,0.065,-0.005,0.0014,0.03297499999999998
0.06000000000000001,0.065,-0.005,0.0004,0.03317000000000003
0.065,0.065,-0.005,0.0002,0.03336499999999998
0.07,0.065,-0.005,0.0,0.033560000000000034
0.07500000000000001,0.065,-0.005,0.0,0.03375499999999998
0.08000000000000002,0.065,-0.005,0.0,0.033950000000000036
0.02,0.065,0.0,0.2711,0.03161000000000003
0.025,0.065,0.0,0.1844,0.03180499999999997
0.030000000000000002,0.065,0.0,0.1144,0.03200000000000003
0.035,0.065,0.0,0.063,0.032194999999999974
0.04000000000000001,0.065,0.0,0.0279,0.03239000000000003
0.045000000000000005,0.065,0.0,0.0132,0.032584999999999975
0.05,0.065,0.0,0.004,0.03278000000000003
0.05500000000000001,0.065,0.0,0.0014,0.03297499999999998
0.06000000000000001,0.065,0.0,0.0004,0.03317000000000003
0.065,0.065,0.0,0.0002,0.03336499999999998
0.07,0.065,0.0,0.0,0.033560000000000034
0.07500000000000001,0.065,0.0,0.0,0.03375499999999998
0.08000000000000002,0.065,0.0,0.0,0.033950000000000036
0.02,0.065,0.005,0.2711,0.03161000000000003
0.025,0.065,0.005,0.1844,0.03180499999999997
0.030000000000000002,0.065,0.005,0.1144,0.03200000000000003
0.035,0.065,0.005,0.063,0.032194999999999974
0.04000000000000001,0.065,0.005,0.0279,0.03239000000000003
0.045000000000000005,0.065,0.005,0.0132,0.032584999999999975
0.05,0.065,0.005,0.004,0.03278000000000003
0.05500000000000001,0.065,0.005,0.0014,0.03297499999999998
0.06000000000000001,0.065,0.005,0.0004,0.03317000000000003
0.065,0.065,0.005,0.0002,0.03336499999999998
0.07,0.065,0.005,0.0,0.033560000000000034
0.07500000000000001,0.065,0.005,0.0,0.03375499999999998
0.08000000000000002,0.065,0.005,0.0,0.033950000000000036
0.02,0.065,0.01,0.2711,0.03161000000000003
0.025,0.065,0.01,0.1844,0.03180499999999997
0.030000000000000002,0.065,0.01,0.1144,0.03200000000000003
0.035,0.065,0.01,0.063,0.032194999999999974
0.04000000000000001,0.065,0.01,0.0279,0.03239000000000003
0.045000000000000005,0.065,0.01,0.0132,0.032584999999999975
0.05,0.065,0.01,0.004,0.03278000000000003
0.05500000000000001,0.065,0.01,0.0014,0.03297499999999998
0.06000000000000001,0.065,0.01,0.0004,0.03317000000000003
0.065,0.065,0.01,0.0002,0.03336499999999998
0.07,0.065,0.01,0.0,0.033560000000000034
0.07500000000000001,0.065,0.01,0.0,0.03375499999999998
0.08000000000000002,0.065,0.01,0.0,0.033950000000000036
0.02,0.065,0.015,0.2711,0.03161000000000003
0.025,0.065,0.015,0.1844,0.03180499999999997
0.030000000000000002,0.065,0.015,0.1144,0.03200000000000003
0.035,0.065,0.015,0.063,0.032194999999999974
0.04000000000000001,0.065,0.015,0.0279,0.03239000000000003
0.045000000000000005,0.065,0.015,0.0132,0.032584999999999975
0.05,0.065,0.015,0.004,0.03278000000000003
0.05500000000000001,0.065,0.015,0.0014,0.03297499999999998
0.06000000000000001,0.065,0.015,0.0004,0.03317000000000003
0.065,0.065,0.015,0.0002,0.03336499999999998
0.07,0.065,0.015,0.0,0.033560000000000034
0.07500000000000001,0.065,0.015,0.0,0.03375499999999998
0.08000000000000002,0.065,0.015,0.0,0.033950000000000036
0.02,0.065,0.02,0.2181,0.03161000000000003
0.025,0.065,0.02,0.1478,0.03180499999999997
0.030000000000000002,0.065,0.02,0.0923,0.03200000000000003
0.035,0.065,0.02,0.0501,0.032194999999999974
0.04000000000000001,0.065,0.02,0.0222,0.03239000000000003
0.045000000000000005,0.065,0.02,0.0095,0.032584999999999975
0.05,0.065,0.02,0.0027,0.03278000000000003
0.05500000000000001,0.065,0.02,0.0008,0.03297499999999998
0.06000000000000001,0.065,0.02,0.0001,0.03317000000000003
0.065,0.065,0.02,0.0,0.03336499999999998
0.07,0.065,0.02,0.0,0.033560000000000034
0.07500000000000001,0.065,0.02,0.0,0.03375499999999998
0.08000000000000002,0.065,0.02,0.0,0.033950000000000036
0.02,0.065,0.025,0.2181,0.03161000000000003
0.025,0.065,0.025,0.1478,0.03180499999999997
0.030000000000000002,0.065,0.025,0.0923,0.03200000000000003
0.035,0.065,0.025,0.0501,0.032194999999999974
0.04000000000000001,0.065,0.025,0.0222,0.03239000000000003
0.045000000000000005,0.065,0.025,0.0095,0.032584999999999975
0.05,0.065,0.025,0.0027,0.03278000000000003
0.05500000000000001,0.065,0.025,0.0008,0.03297499999999998
0.06000000000000001,0.065,0.025,0.0001,0.03317000000000003
0.065,0.065,0.025,0.0,0.03336499999999998
0.07,0.065,0.025,0.0,0.033560000000000034
0.07500000000000001,0.065,0.025,0.0,0.03375499999999998
0.08000000000000002,0.065,0.025,0.0,0.033950000000000036
0.02,0.065,0.03,0.2181,0.03161000000000003
0.025,0.065,0.03,0.1478,0.03180499999999997
0.030000000000000002,0.065,0.03,0.0923,0.03200000000000003
0.035,0.065,0.03,0.0501,0.032194999999999974
0.04000000000000001,0.065,0.03,0.0222,0.03239000000000003
0.045000000000000005,0.065,0.03,0.0095,0.032584999999999975
0.05,0.065,0.03,0.0027,0.03278000000000003
0.05500000000000001,0.065,0.03,0.0008,0.03297499999999998
0.06000000000000001,0.065,0.03,0.0001,0.03317000000000003
0.065,0.065,0.03,0.0,0.03336499999999998
0.07,0.065,0.03,0.0,0.033560000000000034
0.07500000000000001,0.065,0.03,0.0,0.03375499999999998
0.08000000000000002,0.065,0.03,0.0,0.033950000000000036
0.02,0.065,0.035,0.2181,0.03161000000000003
0.025,0.065,0.035,0.1478,0.03180499999999997
0.030000000000000002,0.065,0.035,0.0923,0.03200000000000003
0.035,0.065,0.035,0.0501,0.032194999999999974
0.04000000000000001,0.065,0.035,0.0222,0.03239000000000003
0.045000000000000005,0.065,0.035,0.0095,0.032584999999999975
0.05,0.065,0.035,0.0027,0.03278000000000003
0.05500000000000001,0.065,0.035,0.0008,0.03297499999999998
0.06000000000000001,0.065,0.035,0.0001,0.03317000000000003
0.065,0.065,0.035,0.0,0.03336499999999998
0.07,0.065,0.035,0.0,0.033560000000000034
0.07500000000000001,0.065,0.035,0.0,0.03375499999999998
0.08000000000000002,0.065,0.035,0.0,0.033950000000000036
0.02,0.06999999999999999,-0.01,0.2313,0.03161000000000003
0.025,0.06999999999999999,-0.01,0.1522,0.03180499999999997
0.030000000000000002,0.06999999999999999,-0.01,0.0923,0.03200000000000003
0.035,0.06999999999999999,-0.01,0.0478,0.032194999999999974
0.04000000000000001,0.06999999999999999,-0.01,0.0209,0.03239000000000003
0.045000000000000005,0.06999999999999999,-0.01,0.0094,0.032584999999999975
0.05,0.06999999999999999,-0.01,0.0029,0.03278000000000003
0.05500000000000001,0.06999999999999999,-0.01,0.0011,0.03297499999999998
0.06000000000000001,0.06999999999999999,-0.01,0.0004,0.03317000000000003
0.065,0.06999999999999999,-0.01,0.0002,0.03336499999999998
0.07,0.06999999999999999,-0.01,0.0,0.033560000000000034
0.07500000000000001,0.06999999999999999,-0.01,0.0,0.03375499999999998
0.08000000000000002,0.06999999999999999,-0.01,0.0,0.033950000000000036
0.02,0.06999999999999999,-0.005,0.2313,0.03161000000000003
0.025,0.06999999999999999,-0.005,0.1522,0.03180499999999997
0.030000000000000002,0.06999999999999999,-0.005,0.0923,0.03200000000000003
0.035,0.06999999999999999,-0.005,0.0478,0.032194999999999974
0.04000000000000001,0.06999999999999999,-0.005,0.0209,0.03239000000000003
0.045000000000000005,0.06999999999999999,-0.005,0.0094,0.032584999999999975
0.05,0.06999999999999999,-0.005,0.0029,0.03278000000000003
0.05500000000000001,0.06999999999999999,-0.005,0.0011,0.03297499999999998
0.06000000000000001,0.06999999999999999,-0.005,0.0004,0.03317000000000003
0.065,0.06999999999999999,-0.005,0.0002,0.03336499999999998
0.07,0.06999999999999999,-0.005,0.0,0.033560000000000034
0.07500000000000001,0.06999999999999999,-0.005,0.0,0.03375499999999998
0.08000000000000002,0.06999999999999999,-0.005,0.0,0.033950000000000036
0.02,0.06999999999999999,0.0,0.2313,0.03161000000000003
0.025,0.06999999999999999,0.0,0.1522,0.03180499999999997
0.030000000000000002,0.06999999999999999,0.0,0.0923,0.03200000000000003
0.035,0.06999999999999999,0.0,0.0478,0.032194999999999974
0.04000000000000001,0.06999999999999999,0.0,0.0209,0.03239000000000003
0.045000000000000005,0.06999999999999999,0.0,0.0094,0.032584999999999975
0.05,0.06999999999999999,0.0,0.0029,0.03278000000000003
0.05500000000000001,0.06999999999999999,0.0,0.0011,0.03297499999999998
0.06000000000000001,0.06999999999999999,0.0,0.0004,0.03317000000000003
0.065,0.06999999999999999,0.0,0.0002,0.03336499999999998
0.07,0.06999999999999999,0.0,0.0,0.033560000000000034
0.07500000000000001,0.06999999999999999,0.0,0.0,0.03375499999999998
0.08000000000000002,0.06999999999999999,0.0,0.0,0.033950000000000036
0.02,0.06999999999999999,0.005,0.2313,0.03161000000000003
0.025,0.06999999999999999,0.005,0.1522,0.03180499999999997
0.030000000000000002,0.06999999999999999,0.005,0.0923,0.03200000000000003
0.035,0.06999999999999999,0.005,0.0478,0.032194999999999974
0.04000000000000001,0.06999999999999999,0.005,0.0209,0.03239000000000003
0.045000000000000005,0.06999999999999999,0.005,0.0094,0.032584999999999975
0.05,0.06999999999999999,0.005,0.0029,0.03278000000000003
0.05500000000000001,0.06999999999999999,0.005,0.0011,0.03297499999999998
0.06000000000000001,0.06999999999999999,0.005,0.0004,0.03317000000000003
0.065,0.06999999999999999,0.005,0.0002,0.03336499999999998
0.07,0.06999999999999999,0.005,0.0,0.033560000000000034
0.07500000000000001,0.06999999999999999,0.005,0.0,0.03375499999999998
0.08000000000000002,0.06999999999999999,0.005,0.0,0.033950000000000036
0.02,0.06999999999999999,0.01,0.2313,0.03161000000000003
0.025,0.06999999999999999,0.01,0.1522,0.03180499999999997
0.030000000000000002,0.06999999999999999,0.01,0.0923,0.03200000000000003
0.035,0.06999999999999999,0.01,0.0478,0.032194999999999974
0.04000000000000001,0.06999999999999999,0.01,0.0209,0.03239000000000003
0.045000000000000005,0.06999999999999999,0.01,0.0094,0.032584999999999975
0.05,0.06999999999999999,0.01,0.0029,0.03278000000000003
0.05500000000000001,0.06999999999999999,0.01,0.0011,0.03297499999999998
0.06000000000000001,0.06999999999999999,0.01,0.0004,0.03317000000000003
0.065,0.06999999999999999,0.01,0.0002,0.03336499999999998
0.07,0.06999999999999999,0.01,0.0,0.033560000000000034
0.07500000000000001,0.06999999999999999,0.01,0.0,0.03375499999999998
0.08000000000000002,0.06999999999999999,0.01,0.0,0.033950000000000036
0.02,0.06999999999999999,0.015,0.2313,0.03161000000000003
0.025,0.06999999999999999,0.015,0.1522,0.03180499999999997
0.030000000000000002,0.06999999999999999,0.015,0.0923,0.03200000000000003
0.035,0.06999999999999999,0.015,0.0478,0.032194999999999974
0.04000000000000001,0.06999999999999999,0.015,0.0209,0.03239000000000003
0.045000000000000005,0.06999999999999999,0.015,0.0094,0.032584999999999975
0.05,0.06999999999999999,0.015,0.0029,0.03278000000000003
0.05500000000000001,0.06999999999999999,0.015,0.0011,0.03297499999999998
0.06000000000000001,0.06999999999999999,0.015,0.0004,0.03317000000000003
0.065,0.06999999999999999,0.015,0.0002,0.03336499999999998
0.07,0.06999999999999999,0.015,0.0,0.033560000000000034
0.07500000000000001,0.06999999999999999,0.015,0.0,0.03375499999999998
0.08000000000000002,0.06999999999999999,0.015,0.0,0.033950000000000036
0.02,0.06999999999999999,0.02,0.1865,0.03161000000000003
0.025,0.06999999999999999,0.02,0.1222,0.03180499999999997
0.030000000000000002,0.06999999999999999,0.02,0.0744,0.03200000000000003
0.035,0.06999999999999999,0.02,0.0381,0.032194999999999974
0.04000000000000001,0.06999999999999999,0.02,0.016,0.03239000000000003
0.045000000000000005,0.06999999999999999,0.02,0.0064,0.032584999999999975
0.05,0.06999999999999999,0.02,0.002,0.03278000000000003
0.05500000000000001,0.06999999999999999,0.02,0.0006,0.03297499999999998
0.06000000000000001,0.06999999999999999,0.02,0.0001,0.03317000000000003
0.065,0.06999999999999999,0.02,0.0,0.03336499999999998
0.07,0.06999999999999999,0.02,0.0,0.033560000000000034
0.07500000000000001,0.06999999999999999,0.02,0.0,0.03375499999999998
0.08000000000000002,0.06999999999999999,0.02,0.0,0.033950000000000036
0.02,0.06999999999999999,0.025,0.1865,0.03161000000000003
0.025,0.06999999999999999,0.025,0.1222,0.03180499999999997
0.030000000000000002,0.06999999999999999,0.025,0.0744,0.03200000000000003
0.035,0.06999999999999999,0.025,0.0381,0.032194999999999974
0.04000000000000001,0.06999999999999999,0.025,0.016,0.03239000000000003
0.045000000000000005,0.06999999999999999,0.025,0.0064,0.032584999999999975
0.05,0.06999999999999999,0.025,0.002,0.03278000000000003
0.05500000000000001,0.06999999999999999,0.025,0.0006,0.03297499999999998
0.06000000000000001,0.06999999999999999,0.025,0.0001,0.03317000000000003
0.065,0.06999999999999999,0.025,0.0,0.03336499999999998
0.07,0.06999999999999999,0.025,0.0,0.033560000000000034
0.07500000000000001,0.06999999999999999,0.025,0.0,0.03375499999999998
0.08000000000000002,0.06999999999999999,0.025,0.0,0.033950000000000036
0.02,0.06999999999999999,0.03,0.1865,0.03161000000000003
0.025,0.06999999999999999,0.03,0.1222,0.03180499999999997
0.030000000000000002,0.06999999999999999,0.03,0.0744,0.03200000000000003
0.035,0.06999999999999999,0.03,0.0381,0.032194999999999974
0.04000000000000001,0.06999999999999999,0.03,0.016,0.03239000000000003
0.045000000000000005,0.06999999999999999,0.03,0.0064,0.032584999999999975
0.05,0.06999999999999999,0.03,0.002,0.03278000000000003
0.05500000000000001,0.06999999999999999,0.03,0.0006,0.03297499999999998
0.06000000000000001,0.06999999999999999,0.03,0.0001,0.03317000000000003
0.065,0.06999999999999999,0.03,0.0,0.03336499999999998
0.07,0.06999999999999999,0.03,0.0,0.033560000000000034
0.07500000000000001,0.06999999999999999,0.03,0.0,0.03375499999999998
0.08000000000000002,0.06999999999999999,0.03,0.0,0.033950000000000036
0.02,0.06999999999999999,0.035,0.1865,0.03161000000000003
0.025,0.06999999999999999,0.035,0.1222,0.03180499999999997
0.030000000000000002,0.06999999999999999,0.035,0.0744,0.03200000000000003
0.035,0.06999999999999999,0.035,0.0381,0.032194999999999974
0.04000000000000001,0.06999999999999999,0.035,0.016,0.03239000000000003
0.045000000000000005,0.06999999999999999,0.035,0.0064,0.032584999999999975
0.05,0.06999999999999999,0.035,0.002,0.03278000000000003
0.05500000000000001,0.06999999999999999,0.035,0.0006,0.03297499999999998
0.06000000000000001,0.06999999999999999,0.035,0.0001,0.03317000000000003
0.065,0.06999999999999999,0.035,0.0,0.03336499999999998
0.07,0.06999999999999999,0.035,0.0,0.033560000000000034
0.07500000000000001,0.06999999999999999,0.035,0.0,0.03375499999999998
0.08000000000000002,0.06999999999999999,0.035,0.0,0.033950000000000036
0.02,0.07499999999999998,-0.01,0.1964,0.03161000000000003
0.025,0.07499999999999998,-0.01,0.1259,0.03180499999999997
0.030000000000000002,0.07499999999999998,-0.01,0.0733,0.03200000000000003
0.035,0.07499999999999998,-0.01,0.0355,0.032194999999999974
0.04000000000000001,0.07499999999999998,-0.01,0.0167,0.03239000000000003
0.045000000000000005,0.07499999999999998,-0.01,0.0062,0.032584999999999975
0.05,0.07499999999999998,-0.01,0.0018,0.03278000000000003
0.05500000000000001,0.07499999999999998,-0.01,0.0009,0.03297499999999998
0.06000000000000001,0.07499999999999998,-0.01,0.0004,0.03317000000000003
0.065,0.07499999999999998,-0.01,0.0002,0.03336499999999998
0.07,0.07499999999999998,-0.01,0.0,0.033560000000000034
0.07500000000000001,0.07499999999999998,-0.01,0.0,0.03375499999999998
0.08000000000000002,0.07499999999999998,-0.01,0.0,0.033950000000000036
0.02,0.07499999999999998,-0.005,0.1964,0.03161000000000003
0.025,0.07499999999999998,-0.005,0.1259,0.03180499999999997
0.030000000000000002,0.07499999999999998,-0.005,0.0733,0.03200000000000003
0.035,0.07499999999999998,-0.005,0.0355,0.032194999999999974
0.04000000000000001,0.07499999999999998,-0.005,0.0167,0.03239000000000003
0.045000000000000005,0.07499999999999998,-0.005,0.0062,0.032584999999999975
0.05,0.07499999999999998,-0.005,0.0018,0.03278000000000003
0.05500000000000001,0.07499999999999998,-0.005,0.0009,0.03297499999999998
0.06000000000000001,0.07499999999999998,-0.005,0.0004,0.03317000000000003
0.065,0.07499999999999998,-0.005,0.0002,0.03336499999999998
0.07,0.07499999999999998,-0.005,0.0,0.033560000000000034
0.07500000000000001,0.07499999999999998,-0.005,0.0,0.03375499999999998
0.08000000000000002,0.07499999999999998,-0.005,0.0,0.033950000000000036
0.02,0.07499999999999998,0.0,0.1964,0.03161000000000003
0.025,0.07499999999999998,0.0,0.1259,0.03180499999999997
0.030000000000000002,0.07499999999999998,0.0,0.0733,0.03200000000000003
0.035,0.07499999999999998,0.0,0.0355,0.032194999999999974
0.04000000000000001,0.07499999999999998,0.0,0.0167,0.03239000000000003
0.045000000000000005,0.07499999999999998,0.0,0.0062,0.032584999999999975
0.05,0.07499999999999998,0.0,0.0018,0.03278000000000003
0.05500000000000001,0.07499999999999998,0.0,0.0009,0.03297499999999998
0.06000000000000001,0.07499999999999998,0.0,0.0004,0.03317000000000003
0.065,0.07499999999999998,0.0,0.0002,0.03336499999999998
0.07,0.07499999999999998,0.0,0.0,0.033560000000000034
0.07500000000000001,0.07499999999999998,0.0,0.0,0.03375499999999998
0.08000000000000002,0.07499999999999998,0.0,0.0,0.033950000000000036
0.02,0.07499999999999998,0.005,0.1964,0.03161000000000003
0.025,0.07499999999999998,0.005,0.1259,0.03180499999999997
0.030000000000000002,0.07499999999999998,0.005,0.0733,0.03200000000000003
0.035,0.07499999999999998,0.005,0.0355,0.032194999999999974
0.04000000000000001,0.07499999999999998,0.005,0.0167,0.03239000000000003
0.045000000000000005,0.07499999999999998,0.005,0.0062,0.032584999999999975
0.05,0.07499999999999998,0.005,0.0018,0.03278000000000003
0.05500000000000001,0.07499999999999998,0.005,0.0009,0.03297499999999998
0.06000000000000001,0.07499999999999998,0.005,0.0004,0.03317000000000003
0.065,0.07499999999999998,0.005,0.0002,0.03336499999999998
0.07,0.07499999999999998,0.005,0.0,0.033560000000000034
0.07500000000000001,0.07499999999999998,0.005,0.0,0.03375499999999998
0.08000000000000002,0.07499999999999998,0.005,0.0,0.033950000000000036
0.02,0.07499999999999998,0.01,0.1964,0.03161000000000003
0.025,0.07499999999999998,0.01,0.1259,0.03180499999999997
0.030000000000000002,0.07499999999999998,0.01,0.0733,0.03200000000000003
0.035,0.07499999999999998,0.01,0.0355,0.032194999999999974
0.04000000000000001,0.07499999999999998,0.01,0.0167,0.03239000000000003
0.045000000000000005,0.07499999999999998,0.01,0.0062,0.032584999999999975
0.05,0.07499999999999998,0.01,0.0018,0.03278000000000003
0.05500000000000001,0.07499999999999998,0.01,0.0009,0.03297499999999998
0.06000000000000001,0.07499999999999998,0.01,0.0004,0.03317000000000003
0.065,0.07499999999999998,0.01,0.0002,0.03336499999999998
0.07,0.07499999999999998,0.01,0.0,0.033560000000000034
0.07500000000000001,0.07499999999999998,0.01,0.0,0.03375499999999998
0.08000000000000002,0.07499999999999998,0.01,0.0,0.033950000000000036
0.02,0.07499999999999998,0.015,0.1964,0.03161000000000003
0.025,0.07499999999999998,0.015,0.1259,0.03180499999999997
0.030000000000000002,0.07499999999999998,0.015,0.0733,0.03200000000000003
0.035,0.07499999999999998,0.015,0.0355,0.032194999999999974
0.04000000000000001,0.07499999999999998,0.015,0.0167,0.03239000000000003
0.045000000000000005,0.07499999999999998,0.015,0.0062,0.032584999999999975
0.05,0.07499999999999998,0.015,0.0018,0.03278000000000003
0.05500000000000001,0.07499999999999998,0.015,0.0009,0.03297499999999998
0.06000000000000001,0.07499999999999998,0.015,0.0004,0.03317000000000003
0.065,0.07499999999999998,0.015,0.0002,0.03336499999999998
0.07,0.07499999999999998,0.015,0.0,0.033560000000000034
0.07500000000000001,0.07499999999999998,0.015,0.0,0.03375499999999998
0.08000000000000002,0.07499999999999998,0.015,0.0,0.033950000000000036
0.02,0.07499999999999998,0.02,0.1574,0.03161000000000003
0.025,0.07499999999999998,0.02,0.1017,0.03180499999999997
0.030000000000000002,0.07499999999999998,0.02,0.059,0.03200000000000003
0.035,0.07499999999999998,0.02,0.0283,0.032194999999999974
0.04000000000000001,0.07499999999999998,0.02,0.0122,0.03239000000000003
0.045000000000000005,0.07499999999999998,0.02,0.004,0.032584999999999975
0.05,0.07499999999999998,0.02,0.0012,0.03278000000000003
0.05500000000000001,0.07499999999999998,0.02,0.0005,0.03297499999999998
0.06000000000000001,0.07499999999999998,0.02,0.0001,0.03317000000000003
0.065,0.07499999999999998,0.02,0.0,0.03336499999999998
0.07,0.07499999999999998,0.02,0.0,0.033560000000000034
0.07500000000000001,0.07499999999999998,0.02,0.0,0.03375499999999998
0.08000000000000002,0.07499999999999998,0.02,0.0,0.033950000000000036
0.02,0.07499999999999998,0.025,0.1574,0.03161000000000003
0.025,0.07499999999999998,0.025,0.1017,0.03180499999999997
0.030000000000000002,0.07499999999999998,0.025,0.059,0.03200000000000003
0.035,0.07499999999999998,0.025,0.0283,0.032194999999999974
0.04000000000000001,0.07499999999999998,0.025,0.0122,0.03239000000000003
0.045000000000000005,0.07499999999999998,0.025,0.004,0.032584999999999975
0.05,0.07499999999999998,0.025,0.0012,0.03278000000000003
0.05500000000000001,0.07499999999999998,0.025,0.0005,0.03297499999999998
0.06000000000000001,0.07499999999999998,0.025,0.0001,0.03317000000000003
0.065,0.07499999999999998,0.025,0.0,0.03336499999999998
0.07,0.07499999999999998,0.025,0.0,0.033560000000000034
0.07500000000000001,0.07499999999999998,0.025,0.0,0.03375499999999998
0.08000000000000002,0.07499999999999998,0.025,0.0,0.033950000000000036
0.02,0.07499999999999998,0.03,0.1574,0.03161000000000003
0.025,0.07499999999999998,0.03,0.1017,0.03180499999999997
0.030000000000000002,0.07499999999999998,0.03,0.059,0.03200000000000003
0.035,0.07499999999999998,0.03,0.0283,0.032194999999999974
0.04000000000000001,0.07499999999999998,0.03,0.0122,0.03239000000000003
0.045000000000000005,0.07499999999999998,0.03,0.004,0.032584999999999975
0.05,0.07499999999999998,0.03,0.0012,0.03278000000000003
0.05500000000000001,0.07499999999999998,0.03,0.0005,0.03297499999999998
0.06000000000000001,0.07499999999999998,0.03,0.0001,0.03317000000000003
0.065,0.07499999999999998,0.03,0.0,0.03336499999999998
0.07,0.07499999999999998,0.03,0.0,0.033560000000000034
0.07500000000000001,0.07499999999999998,0.03,0.0,0.03375499999999998
0.08000000000000002,0.07499999999999998,0.03,0.0,0.033950000000000036
0.02,0.07499999999999998,0.035,0.1574,0.03161000000000003
0.025,0.07499999999999998,0.035,0.1017,0.03180499999999997
0.030000000000000002,0.07499999999999998,0.035,0.059,0.03200000000000003
0.035,0.07499999999999998,0.035,0.0283,0.032194999999999974
0.04000000000000001,0.07499999999999998,0.035,0.0122,0.03239000000000003
0.045000000000000005,0.07499999999999998,0.035,0.004,0.032584999999999975
0.05,0.07499999999999998,0.035,0.0012,0.03278000000000003
0.05500000000000001,0.07499999999999998,0.035,0.0005,0.03297499999999998
0.06000000000000001,0.07499999999999998,0.035,0.0001,0.03317000000000003
0.065,0.07499999999999998,0.035,0.0,0.03336499999999998
0.07,0.07499999999999998,0.035,0.0,0.033560000000000034
0.07500000000000001,0.07499999999999998,0.035,0.0,0.03375499999999998
0.08000000000000002,0.07499999999999998,0.035,0.0,0.033950000000000036
0.02,0.07999999999999999,-0.01,0.1626,0.03161000000000003
0.025,0.07999999999999999,-0.01,0.101,0.03180499999999997
0.030000000000000002,0.07999999999999999,-0.01,0.0562,0.03200000000000003
0.035,0.07999999999999999,-0.01,0.0258,0.032194999999999974
0.04000000000000001,0.07999999999999999,-0.01,0.0122,0.03239000000000003
0.045000000000000005,0.07999999999999999,-0.01,0.0041,0.032584999999999975
0.05,0.07999999999999999,-0.01,0.0015,0.03278000000000003
0.05500000000000001,0.07999999999999999,-0.01,0.0005,0.03297499999999998
0.06000000000000001,0.07999999999999999,-0.01,0.0004,0.03317000000000003
0.065,0.07999999999999999,-0.01,0.0002,0.03336499999999998
0.07,0.07999999999999999,-0.01,0.0,0.033560000000000034
0.07500000000000001,0.07999999999999999,-0.01,0.0,0.03375499999999998
0.08000000000000002,0.07999999999999999,-0.01,0.0,0.033950000000000036
0.02,0.07999999999999999,-0.005,0.1626,0.03161000000000003
0.025,0.07999999999999999,-0.005,0.101,0.03180499999999997
0.030000000000000002,0.07999999999999999,-0.005,0.0562,0.03200000000000003
0.035,0.07999999999999999,-0.005,0.0258,0.032194999999999974
0.04000000000000001,0.07999999999999999,-0.005,0.0122,0.03239000000000003
0.045000000000000005,0.07999999999999999,-0.005,0.0041,0.032584999999999975
0.05,0.07999999999999999,-0.005,0.0015,0.03278000000000003
0.05500000000000001,0.07999999999999999,-0.005,0.0005,0.03297499999999998
0.06000000000000001,0.07999999999999999,-0.005,0.0004,0.03317000000000003
0.065,0.07999999999999999,-0.005,0.0002,0.03336499999999998
0.07,0.07999999999999999,-0.005,0.0,0.033560000000000034
0.07500000000000001,0.07999999999999999,-0.005,0.0,0.03375499999999998
0.08000000000000002,0.07999999999999999,-0.005,0.0,0.033950000000000036
0.02,0.07999999999999999,0.0,0.1626,0.03161000000000003
0.025,0.07999999999999999,0.0,0.101,0.03180499999999997
0.030000000000000002,0.07999999999999999,0.0,0.0562,0.03200000000000003
0.035,0.07999999999999999,0.0,0.0258,0.032194999999999974
0.04000000000000001,0.07999999999999999,0.0,0.0122,0.03239000000000003
0.045000000000000005,0.07999999999999999,0.0,0.0041,0.032584999999999975
0.05,0.07999999999999999,0.0,0.0015,0.03278000000000003
0.05500000000000001,0.07999999999999999,0.0,0.0005,0.03297499999999998
0.06000000000000001,0.07999999999999999,0.0,0.0004,0.03317000000000003
0.065,0.07999999999999999,0.0,0.0002,0.03336499999999998
0.07,0.07999999999999999,0.0,0.0,0.033560000000000034
0.07500000000000001,0.07999999999999999,0.0,0.0,0.03375499999999998
0.08000000000000002,0.07999999999999999,0.0,0.0,0.033950000000000036
0.02,0.07999999999999999,0.005,0.1626,0.03161000000000003
0.025,0.07999999999999999,0.005,0.101,0.03180499999999997
0.030000000000000002,0.07999999999999999,0.005,0.0562,0.03200000000000003
0.035,0.07999999999999999,0.005,0.0258,0.032194999999999974
0.04000000000000001,0.07999999999999999,0.005,0.0122,0.03239000000000003
0.045000000000000005,0.07999999999999999,0.005,0.0041,0.032584999999999975
0.05,0.07999999999999999,0.005,0.0015,0.03278000000000003
0.05500000000000001,0.07999999999999999,0.005,0.0005,0.03297499999999998
0.06000000000000001,0.07999999999999999,0.005,0.0004,0.03317000000000003
0.065,0.07999999999999999,0.005,0.0002,0.03336499999999998
0.07,0.07999999999999999,0.005,0.0,0.033560000000000034
0.07500000000000001,0.07999999999999999,0.005,0.0,0.03375499999999998
0.08000000000000002,0.07999999999999999,0.005,0.0,0.033950000000000036
0.02,0.07999999999999999,0.01,0.1626,0.03161000000000003
0.025,0.07999999999999999,0.01,0.101,0.03180499999999997
0.030000000000000002,0.07999999999999999,0.01,0.0562,0.03200000000000003
0.035,0.07999999999999999,0.01,0.0258,0.032194999999999974
0.04000000000000001,0.07999999999999999,0.01,0.0122,0.03239000000000003
0.045000000000000005,0.07999999999999999,0.01,0.0041,0.032584999999999975
0.05,0.07999999999999999,0.01,0.0015,0.03278000000000003
0.05500000000000001,0.07999999999999999,0.01,0.0005,0.03297499999999998
0.06000000000000001,0.07999999999999999,0.01,0.0004,0.03317000000000003
0.065,0.07999999999999999,0.01,0.0002,0.03336499999999998
0.07,0.07999999999999999,0.01,0.0,0.033560000000000034
0.07500000000000001,0.07999999999999999,0.01,0.0,0.03375499999999998
0.08000000000000002,0.07999999999999999,0.01,0.0,0.033950000000000036
0.02,0.07999999999999999,0.015,0.1626,0.03161000000000003
0.025,0.07999999999999999,0.015,0.101,0.03180499999999997
0.030000000000000002,0.07999999999999999,0.015,0.0562,0.03200000000000003
0.035,0.07999999999999999,0.015,0.0258,0.032194999999999974
0.04000000000000001,0.07999999999999999,0.015,0.0122,0.03239000000000003
0.045000000000000005,0.07999999999999999,0.015,0.0041,0.032584999999999975
0.05,0.07999999999999999,0.015,0.0015,0.03278000000000003
0.05500000000000001,0.07999999999999999,0.015,0.0005,0.03297499999999998
0.06000000000000001,0.07999999999999999,0.015,0.0004,0.03317000000000003
0.065,0.07999999999999999,0.015,0.0002,0.03336499999999998
0.07,0.07999999999999999,0.015,0.0,0.033560000000000034
0.07500000000000001,0.07999999999999999,0.015,0.0,0.03375499999999998
0.08000000000000002,0.07999999999999999,0.015,0.0,0.033950000000000036
0.02,0.07999999999999999,0.02,0.1314,0.03161000000000003
0.025,0.07999999999999999,0.02,0.0813,0.03180499999999997
0.030000000000000002,0.07999999999999999,0.02,0.0452,0.03200000000000003
0.035,0.07999999999999999,0.02,0.0208,0.032194999999999974
0.04000000000000001,0.07999999999999999,0.02,0.0088,0.03239000000000003
0.045000000000000005,0.07999999999999999,0.02,0.0028,0.032584999999999975
0.05,0.07999999999999999,0.02,0.001,0.03278000000000003
0.05500000000000001,0.07999999999999999,0.02,0.0002,0.03297499999999998
0.06000000000000001,0.07999999999999999,0.02,0.0001,0.03317000000000003
0.065,0.07999999999999999,0.02,0.0,0.03336499999999998
0.07,0.07999999999999999,0.02,0.0,0.033560000000000034
0.07500000000000001,0.07999999999999999,0.02,0.0,0.03375499999999998
0.08000000000000002,0.07999999999999999,0.02,0.0,0.033950000000000036
0.02,0.07999999999999999,0.025,0.1314,0.03161000000000003
0.025,0.07999999999999999,0.025,0.0813,0.03180499999999997
0.030000000000000002,0.07999999999999999,0.025,0.0452,0.03200000000000003
0.035,0.07999999999999999,0.025,0.0208,0.032194999999999974
0.04000000000000001,0.07999999999999999,0.025,0.0088,0.03239000000000003
0.045000000000000005,0.07999999999999999,0.025,0.0028,0.032584999999999975
0.05,0.07999999999999999,0.025,0.001,0.03278000000000003
0.05500000000000001,0.07999999999999999,0.025,0.0002,0.03297499999999998
0.06000000000000001,0.07999999999999999,0.025,0.0001,0.03317000000000003
0.065,0.07999999999999999,0.025,0.0,0.03336499999999998
0.07,0.07999999999999999,0.025,0.0,0.033560000000000034
0.07500000000000001,0.07999999999999999,0.025,0.0,0.03375499999999998
0.08000000000000002,0.07999999999999999,0.025,0.0,0.033950000000000036
0.02,0.07999999999999999,0.03,0.1314,0.03161000000000003
0.025,0.07999999999999999,0.03,0.0813,0.03180499999999997
0.030000000000000002,0.07999999999999999,0.03,0.0452,0.03200000000000003
0.035,0.07999999999999999,0.03,0.0208,0.032194999999999974
0.04000000000000001,0.07999999999999999,0.03,0.0088,0.03239000000000003
0.045000000000000005,0.07999999999999999,0.03,0.0028,0.032584999999999975
0.05,0.07999999999999999,0.03,0.001,0.03278000000000003
0.05500000000000001,0.07999999999999999,0.03,0.0002,0.03297499999999998
0.06000000000000001,0.07999999999999999,0.03,0.0001,0.03317000000000003
0.065,0.07999999999999999,0.03,0.0,0.03336499999999998
0.07,0.07999999999999999,0.03,0.0,0.033560000000000034
0.07500000000000001,0.07999999999999999,0.03,0.0,0.03375499999999998
0.08000000000000002,0.07999999999999999,0.03,0.0,0.033950000000000036
0.02,0.07999999999999999,0.035,0.1314,0.03161000000000003
0.025,0.07999999999999999,0.035,0.0813,0.03180499999999997
0.030000000000000002,0.07999999999999999,0.035,0.0452,0.03200000000000003
0.035,0.07999999999999999,0.035,0.0208,0.032194999999999974
0.04000000000000001,0.07999999999999999,0.035,0.0088,0.03239000000000003
0.045000000000000005,0.07999999999999999,0.035,0.0028,0.032584999999999975
0.05,0.07999999999999999,0.035,0.001,0.03278000000000003
0.05500000000000001,0.07999999999999999,0.035,0.0002,0.03297499999999998
0.06000000000000001,0.07999999999999999,0.035,0.0001,0.03317000000000003
0.065,0.07999999999999999,0.035,0.0,0.03336499999999998
0.07,0.07999999999999999,0.035,0.0,0.033560000000000034
0.07500000000000001,0.07999999999999999,0.035,0.0,0.03375499999999998
0.08000000000000002,0.07999999999999999,0.035,0.0,0.033950000000000036
0.02,0.08499999999999999,-0.01,0.1354,0.03161000000000003
0.025,0.08499999999999999,-0.01,0.0817,0.03180499999999997
0.030000000000000002,0.08499999999999999,-0.01,0.0437,0.03200000000000003
0.035,0.08499999999999999,-0.01,0.0198,0.032194999999999974
0.04000000000000001,0.08499999999999999,-0.01,0.0087,0.03239000000000003
0.045000000000000005,0.08499999999999999,-0.01,0.003,0.032584999999999975
0.05,0.08499999999999999,-0.01,0.0011,0.03278000000000003
0.05500000000000001,0.08499999999999999,-0.01,0.0005,0.03297499999999998
0.06000000000000001,0.08499999999999999,-0.01,0.0002,0.03317000000000003
0.065,0.08499999999999999,-0.01,0.0,0.03336499999999998
0.07,0.08499999999999999,-0.01,0.0,0.033560000000000034
0.07500000000000001,0.08499999999999999,-0.01,0.0,0.03375499999999998
0.08000000000000002,0.08499999999999999,-0.01,0.0,0.033950000000000036
0.02,0.08499999999999999,-0.005,0.1354,0.03161000000000003
0.025,0.08499999999999999,-0.005,0.0817,0.03180499999999997
0.030000000000000002,0.08499999999999999,-0.005,0.0437,0.03200000000000003
0.035,0.08499999999999999,-0.005,0.0198,0.032194999999999974
0.04000000000000001,0.08499999999999999,-0.005,0.0087,0.03239000000000003
0.045000000000000005,0.08499999999999999,-0.005,0.003,0.032584999999999975
0.05,0.08499999999999999,-0.005,0.0011,0.03278000000000003
0.05500000000000001,0.08499999999999999,-0.005,0.0005,0.03297499999999998
0.06000000000000001,0.08499999999999999,-0.005,0.0002,0.03317000000000003
0.065,0.08499999999999999,-0.005,0.0,0.03336499999999998
0.07,0.08499999999999999,-0.005,0.0,0.033560000000000034
0.07500000000000001,0.08499999999999999,-0.005,0.0,0.03375499999999998
0.08000000000000002,0.08499999999999999,-0.005,0.0,0.033950000000000036
0.02,0.08499999999999999,0.0,0.1354,0.03161000000000003
0.025,0.08499999999999999,0.0,0.0817,0.03180499999999997
0.030000000000000002,0.08499999999999999,0.0,0.0437,0.03200000000000003
0.035,0.08499999999999999,0.0,0.0198,0.032194999999999974
0.04000000000000001,0.08499999999999999,0.0,0.0087,0.03239000000000003
0.045000000000000005,0.08499999999999999,0.0,0.003,0.032584999999999975
0.05,0.08499999999999999,0.0,0.0011,0.03278000000000003
0.05500000000000001,0.08499999999999999,0.0,0.0005,0.03297499999999998
0.06000000000000001,0.08499999999999999,0.0,0.0002,0.03317000000000003
0.065,0.08499999999999999,0.0,0.0,0.03336499999999998
0.07,0.08499999999999999,0.0,0.0,0.033560000000000034
0.07500000000000001,0.08499999999999999,0.0,0.0,0.03375499999999998
0.08000000000000002,0.08499999999999999,0.0,0.0,0.033950000000000036
0.02,0.08499999999999999,0.005,0.1354,0.03161000000000003
0.025,0.08499999999999999,0.005,0.0817,0.03180499999999997
0.030000000000000002,0.08499999999999999,0.005,0.0437,0.03200000000000003
0.035,0.08499999999999999,0.005,0.0198,0.032194999999999974
0.04000000000000001,0.08499999999999999,0.005,0.0087,0.03239000000000003
0.045000000000000005,0.08499999999999999,0.005,0.003,0.032584999999999975
0.05,0.08499999999999999,0.005,0.0011,0.03278000000000003
0.05500000000000001,0.08499999999999999,0.005,0.0005,0.03297499999999998
0.06000000000000001,0.08499999999999999,0.005,0.0002,0.03317000000000003
0.065,0.08499999999999999,0.005,0.0,0.03336499999999998
0.07,0.08499999999999999,0.005,0.0,0.033560000000000034
0.07500000000000001,0.08499999999999999,0.005,0.0,0.03375499999999998
0.08000000000000002,0.08499999999999999,0.005,0.0,0.033950000000000036
0.02,0.08499999999999999,0.01,0.1354,0.03161000000000003
0.025,0.08499999999999999,0.01,0.0817,0.03180499999999997
0.030000000000000002,0.08499999999999999,0.01,0.0437,0.03200000000000003
0.035,0.08499999999999999,0.01,0.0198,0.032194999999999974
0.04000000000000001,0.08499999999999999,0.01,0.0087,0.03239000000000003
0.045000000000000005,0.08499999999999999,0.01,0.003,0.032584999999999975
0.05,0.08499999999999999,0.01,0.0011,0.03278000000000003
0.05500000000000001,0.08499999999999999,0.01,0.0005,0.03297499999999998
0.06000000000000001,0.08499999999999999,0.01,0.0002,0.03317000000000003
0.065,0.08499999999999999,0.01,0.0,0.03336499999999998
0.07,0.08499999999999999,0.01,0.0,0.033560000000000034
0.07500000000000001,0.08499999999999999,0.01,0.0,0.03375499999999998
0.08000000000000002,0.08499999999999999,0.01,0.0,0.033950000000000036
0.02,0.08499999999999999,0.015,0.1354,0.03161000000000003
0.025,0.08499999999999999,0.015,0.0817,0.03180499999999997
0.030000000000000002,0.08499999999999999,0.015,0.0437,0.03200000000000003
0.035,0.08499999999999999,0.015,0.0198,0.032194999999999974
0.04000000000000001,0.08499999999999999,0.015,0.0087,0.03239000000000003
0.045000000000000005,0.08499999999999999,0.015,0.003,0.032584999999999975
0.05,0.08499999999999999,0.015,0.0011,0.03278000000000003
0.05500000000000001,0.08499999999999999,0.015,0.0005,0.03297499999999998
0.06000000000000001,0.08499999999999999,0.015,0.0002,0.03317000000000003
0.065,0.08499999999999999,0.015,0.0,0.03336499999999998
0.07,0.08499999999999999,0.015,0.0,0.033560000000000034
0.07500000000000001,0.08499999999999999,0.015,0.0,0.03375499999999998
0.08000000000000002,0.08499999999999999,0.015,0.0,0.033950000000000036
0.02,0.08499999999999999,0.02,0.1095,0.03161000000000003
0.025,0.08499999999999999,0.02,0.0659,0.03180499999999997
0.030000000000000002,0.08499999999999999,0.02,0.0347,0.03200000000000003
0.035,0.08499999999999999,0.02,0.0151,0.032194999999999974
0.04000000000000001,0.08499999999999999,0.02,0.0061,0.03239000000000003
0.045000000000000005,0.08499999999999999,0.02,0.002,0.032584999999999975
0.05,0.08499999999999999,0.02,0.0006,0.03278000000000003
0.05500000000000001,0.08499999999999999,0.02,0.0002,0.03297499999999998
0.06000000000000001,0.08499999999999999,0.02,0.0,0.03317000000000003
0.065,0.08499999999999999,0.02,0.0,0.03336499999999998
0.07,0.08499999999999999,0.02,0.0,0.033560000000000034
0.07500000000000001,0.08499999999999999,0.02,0.0,0.03375499999999998
0.08000000000000002,0.08499999999999999,0.02,0.0,0.033950000000000036
0.02,0.08499999999999999,0.025,0.1095,0.03161000000000003
0.025,0.08499999999999999,0.025,0.0659,0.03180499999999997
0.030000000000000002,0.08499999999999999,0.025,0.0347,0.03200000000000003
0.035,0.08499999999999999,0.025,0.0151,0.032194999999999974
0.04000000000000001,0.08499999999999999,0.025,0.0061,0.03239000000000003
0.045000000000000005,0.08499999999999999,0.025,0.002,0.032584999999999975
0.05,0.08499999999999999,0.025,0.0006,0.03278000000000003
0.05500000000000001,0.08499999999999999,0.025,0.0002,0.03297499999999998
0.06000000000000001,0.08499999999999999,0.025,0.0,0.03317000000000003
0.065,0.08499999999999999,0.025,0.0,0.03336499999999998
0.07,0.08499999999999999,0.025,0.0,0.033560000000000034
0.07500000000000001,0.08499999999999999,0.025,0.0,0.03375499999999998
0.08000000000000002,0.08499999999999999,0.025,0.0,0.033950000000000036
0.02,0.08499999999999999,0.03,0.1095,0.03161000000000003
0.025,0.08499999999999999,0.03,0.0659,0.03180499999999997
0.030000000000000002,0.08499999999999999,0.03,0.0347,0.03200000000000003
0.035,0.08499999999999999,0.03,0.0151,0.032194999999999974
0.04000000000000001,0.08499999999999999,0.03,0.0061,0.03239000000000003
0.045000000000000005,0.08499999999999999,0.03,0.002,0.032584999999999975
0.05,0.08499999999999999,0.03,0.0006,0.03278000000000003
0.05500000000000001,0.08499999999999999,0.03,0.0002,0.03297499999999998
0.06000000000000001,0.08499999999999999,0.03,0.0,0.03317000000000003
0.065,0.08499999999999999,0.03,0.0,0.03336499999999998
0.07,0.08499999999999999,0.03,0.0,0.033560000000000034
0.07500000000000001,0.08499999999999999,0.03,0.0,0.03375499999999998
0.08000000000000002,0.08499999999999999,0.03,0.0,0.033950000000000036
0.02,0.08499999999999999,0.035,0.1095,0.03161000000000003
0.025,0.08499999999999999,0.035,0.0659,0.03180499999999997
0.030000000000000002,0.08499999999999999,0.035,0.0347,0.03200000000000003
0.035,0.08499999999999999,0.035,0.0151,0.032194999999999974
0.04000000000000001,0.08499999999999999,0.035,0.0061,0.03239000000000003
0.045000000000000005,0.08499999999999999,0.035,0.002,0.032584999999999975
0.05,0.08499999999999999,0.035,0.0006,0.03278000000000003
0.05500000000000001,0.08499999999999999,0.035,0.0002,0.03297499999999998
0.06000000000000001,0.08499999999999999,0.035,0.0,0.03317000000000003
0.065,0.08499999999999999,0.035,0.0,0.03336499999999998
0.07,0.08499999999999999,0.035,0.0,0.033560000000000034
0.07500000000000001,0.08499999999999999,0.035,0.0,0.03375499999999998
0.08000000000000002,0.08499999999999999,0.035,0.0,0.033950000000000036
0.02,0.08999999999999998,-0.01,0.1092,0.03161000000000003
0.025,0.08999999999999998,-0.01,0.0645,0.03180499999999997
0.030000000000000002,0.08999999999999998,-0.01,0.0319,0.03200000000000003
0.035,0.08999999999999998,-0.01,0.0156,0.032194999999999974
0.04000000000000001,0.08999999999999998,-0.01,0.0062,0.03239000000000003
0.045000000000000005,0.08999999999999998,-0.01,0.0019,0.032584999999999975
0.05,0.08999999999999998,-0.01,0.0008,0.03278000000000003
0.05500000000000001,0.08999999999999998,-0.01,0.0004,0.03297499999999998
0.06000000000000001,0.08999999999999998,-0.01,0.0002,0.03317000000000003
0.065,0.08999999999999998,-0.01,0.0,0.03336499999999998
0.07,0.08999999999999998,-0.01,0.0,0.033560000000000034
0.07500000000000001,0.08999999999999998,-0.01,0.0,0.03375499999999998
0.08000000000000002,0.08999999999999998,-0.01,0.0,0.033950000000000036
0.02,0.08999999999999998,-0.005,0.1092,0.03161000000000003
0.025,0.08999999999999998,-0.005,0.0645,0.03180499999999997
0.030000000000000002,0.08999999999999998,-0.005,0.0319,0.03200000000000003
0.035,0.08999999999999998,-0.005,0.0156,0.032194999999999974
0.04000000000000001,0.08999999999999998,-0.005,0.0062,0.03239000000000003
0.045000000000000005,0.08999999999999998,-0.005,0.0019,0.032584999999999975
0.05,0.08999999999999998,-0.005,0.0008,0.03278000000000003
0.05500000000000001,0.08999999999999998,-0.005,0.0004,0.03297499999999998
0.06000000000000001,0.08999999999999998,-0.005,0.0002,0.03317000000000003
0.065,0.08999999999999998,-0.005,0.0,0.03336499999999998
0.07,0.08999999999999998,-0.005,0.0,0.033560000000000034
0.07500000000000001,0.08999999999999998,-0.005,0.0,0.03375499999999998
0.08000000000000002,0.08999999999999998,-0.005,0.0,0.033950000000000036
0.02,0.08999999999999998,0.0,0.1092,0.03161000000000003
0.025,0.08999999999999998,0.0,0.0645,0.03180499999999997
0.030000000000000002,0.08999999999999998,0.0,0.0319,0.03200000000000003
0.035,0.08999999999999998,0.0,0.0156,0.032194999999999974
0.04000000000000001,0.08999999999999998,0.0,0.0062,0.03239000000000003
0.045000000000000005,0.08999999999999998,0.0,0.0019,0.032584999999999975
0.05,0.08999999999999998,0.0,0.0008,0.03278000000000003
0.05500000000000001,0.08999999999999998,0.0,0.0004,0.03297499999999998
0.06000000000000001,0.08999999999999998,0.0,0.0002,0.03317000000000003
0.065,0.08999999999999998,0.0,0.0,0.03336499999999998
0.07,0.08999999999999998,0.0,0.0,0.033560000000000034
0.07500000000000001,0.08999999999999998,0.0,0.0,0.03375499999999998
0.08000000000000002,0.08999999999999998,0.0,0.0,0.033950000000000036
0.02,0.08999999999999998,0.005,0.1092,0.03161000000000003
0.025,0.08999999999999998,0.005,0.0645,0.03180499999999997
0.030000000000000002,0.08999999999999998,0.005,0.0319,0.03200000000000003
0.035,0.08999999999999998,0.005,0.0156,0.032194999999999974
0.04000000000000001,0.08999999999999998,0.005,0.0062,0.03239000000000003
0.045000000000000005,0.08999999999999998,0.005,0.0019,0.032584999999999975
0.05,0.08999999999999998,0.005,0.0008,0.03278000000000003
0.05500000000000001,0.08999999999999998,0.005,0.0004,0.03297499999999998
0.06000000000000001,0.08999999999999998,0.005,0.0002,0.03317000000000003
0.065,0.08999999999999998,0.005,0.0,0.03336499999999998
0.07,0.08999999999999998,0.005,0.0,0.033560000000000034
0.07500000000000001,0.08999999999999998,0.005,0.0,0.03375499999999998
0.08000000000000002,0.08999999999999998,0.005,0.0,0.033950000000000036
0.02,0.08999999999999998,0.01,0.1092,0.03161000000000003
0.025,0.08999999999999998,0.01,0.0645,0.03180499999999997
0.030000000000000002,0.08999999999999998,0.01,0.0319,0.03200000000000003
0.035,0.08999999999999998,0.01,0.0156,0.032194999999999974
0.04000000000000001,0.08999999999999998,0.01,0.0062,0.03239000000000003
0.045000000000000005,0.08999999999999998,0.01,0.0019,0.032584999999999975
0.05,0.08999999999999998,0.01,0.0008,0.03278000000000003
0.05500000000000001,0.08999999999999998,0.01,0.0004,0.03297499999999998
0.06000000000000001,0.08999999999999998,0.01,0.0002,0.03317000000000003
0.065,0.08999999999999998,0.01,0.0,0.03336499999999998
0.07,0.08999999999999998,0.01,0.0,0.033560000000000034
0.07500000000000001,0.08999999999999998,0.01,0.0,0.03375499999999998
0.08000000000000002,0.08999999999999998,0.01,0.0,0.033950000000000036
0.02,0.08999999999999998,0.015,0.1092,0.03161000000000003
0.025,0.08999999999999998,0.015,0.0645,0.03180499999999997
0.030000000000000002,0.08999999999999998,0.015,0.0319,0.03200000000000003
0.035,0.08999999999999998,0.015,0.0156,0.032194999999999974
0.04000000000000001,0.08999999999999998,0.015,0.0062,0.03239000000000003
0.045000000000000005,0.08999999999999998,0.015,0.0019,0.032584999999999975
0.05,0.08999999999999998,0.015,0.0008,0.03278000000000003
0.05500000000000001,0.08999999999999998,0.015,0.0004,0.03297499999999998
0.06000000000000001,0.08999999999999998,0.015,0.0002,0.03317000000000003
0.065,0.08999999999999998,0.015,0.0,0.03336499999999998
0.07,0.08999999999999998,0.015,0.0,0.033560000000000034
0.07500000000000001,0.08999999999999998,0.015,0.0,0.03375499999999998
0.08000000000000002,0.08999999999999998,0.015,0.0,0.033950000000000036
0.02,0.08999999999999998,0.02,0.0882,0.03161000000000003
0.025,0.08999999999999998,0.02,0.0516,0.03180499999999997
0.030000000000000002,0.08999999999999998,0.02,0.0255,0.03200000000000003
0.035,0.08999999999999998,0.02,0.0115,0.032194999999999974
0.04000000000000001,0.08999999999999998,0.02,0.0041,0.03239000000000003
0.045000000000000005,0.08999999999999998,0.02,0.0013,0.032584999999999975
0.05,0.08999999999999998,0.02,0.0003,0.03278000000000003
0.05500000000000001,0.08999999999999998,0.02,0.0001,0.03297499999999998
0.06000000000000001,0.08999999999999998,0.02,0.0,0.03317000000000003
0.065,0.08999999999999998,0.02,0.0,0.03336499999999998
0.07,0.08999999999999998,0.02,0.0,0.033560000000000034
0.07500000000000001,0.08999999999999998,0.02,0.0,0.03375499999999998
0.08000000000000002,0.08999999999999998,0.02,0.0,0.033950000000000036
0.02,0.08999999999999998,0.025,0.0882,0.03161000000000003
0.025,0.08999999999999998,0.025,0.0516,0.03180499999999997
0.030000000000000002,0.08999999999999998,0.025,0.0255,0.03200000000000003
0.035,0.08999999999999998,0.025,0.0115,0.032194999999999974
0.04000000000000001,0.08999999999999998,0.025,0.0041,0.03239000000000003
0.045000000000000005,0.08999999999999998,0.025,0.0013,0.032584999999999975
0.05,0.08999999999999998,0.025,0.0003,0.03278000000000003
0.05500000000000001,0.08999999999999998,0.025,0.0001,0.03297499999999998
0.06000000000000001,0.08999999999999998,0.025,0.0,0.03317000000000003
0.065,0.08999999999999998,0.025,0.0,0.03336499999999998
0.07,0.08999999999999998,0.025,0.0,0.033560000000000034
0.07500000000000001,0.08999999999999998,0.025,0.0,0.03375499999999998
0.08000000000000002,0.08999999999999998,0.025,0.0,0.033950000000000036
0.02,0.08999999999999998,0.03,0.0882,0.03161000000000003
0.025,0.08999999999999998,0.03,0.0516,0.03180499999999997
0.030000000000000002,0.08999999999999998,0.03,0.0255,0.03200000000000003
0.035,0.08999999999999998,0.03,0.0115,0.032194999999999974
0.04000000000000001,0.08999999999999998,0.03,0.0041,0.03239000000000003
0.045000000000000005,0.08999999999999998,0.03,0.0013,0.032584999999999975
0.05,0.08999999999999998,0.03,0.0003,0.03278000000000003
0.05500000000000001,0.08999999999999998,0.03,0.0001,0.03297499999999998
0.06000000000000001,0.08999999999999998,0.03,0.0,0.03317000000000003
0.065,0.08999999999999998,0.03,0.0,0.03336499999999998
0.07,0.08999999999999998,0.03,0.0,0.033560000000000034
0.07500000000000001,0.08999999999999998,0.03,0.0,0.03375499999999998
0.08000000000000002,0.08999999999999998,0.03,0.0,0.033950000000000036
0.02,0.08999999999999998,0.035,0.0882,0.03161000000000003
0.025,0.08999999999999998,0.035,0.0516,0.03180499999999997
0.030000000000000002,0.08999999999999998,0.035,0.0255,0.03200000000000003
0.035,0.08999999999999998,0.035,0.0115,0.032194999999999974
0.04000000000000001,0.08999999999999998,0.035,0.0041,0.03239000000000003
0.045000000000000005,0.08999999999999998,0.035,0.0013,0.032584999999999975
0.05,0.08999999999999998,0.035,0.0003,0.03278000000000003
0.05500000000000001,0.08999999999999998,0.035,0.0001,0.03297499999999998
0.06000000000000001,0.08999999999999998,0.035,0.0,0.03317000000000003
0.065,0.08999999999999998,0.035,0.0,0.03336499999999998
0.07,0.08999999999999998,0.035,0.0,0.033560000000000034
0.07500000000000001,0.08999999999999998,0.035,0.0,0.03375499999999998
0.08000000000000002,0.08999999999999998,0.035,0.0,0.033950000000000036
0.02,0.09499999999999997,-0.01,0.0899,0.03161000000000003
0.025,0.09499999999999997,-0.01,0.0496,0.03180499999999997
0.030000000000000002,0.09499999999999997,-0.01,0.0231,0.03200000000000003
0.035,0.09499999999999997,-0.01,0.0116,0.032194999999999974
0.04000000000000001,0.09499999999999997,-0.01,0.0039,0.03239000000000003
0.045000000000000005,0.09499999999999997,-0.01,0.0016,0.032584999999999975
0.05,0.09499999999999997,-0.01,0.0006,0.03278000000000003
0.05500000000000001,0.09499999999999997,-0.01,0.0004,0.03297499999999998
0.06000000000000001,0.09499999999999997,-0.01,0.0002,0.03317000000000003
0.065,0.09499999999999997,-0.01,0.0,0.03336499999999998
0.07,0.09499999999999997,-0.01,0.0,0.033560000000000034
0.07500000000000001,0.09499999999999997,-0.01,0.0,0.03375499999999998
0.08000000000000002,0.09499999999999997,-0.01,0.0,0.033950000000000036
0.02,0.09499999999999997,-0.005,0.0899,0.03161000000000003
0.025,0.09499999999999997,-0.005,0.0496,0.03180499999999997
0.030000000000000002,0.09499999999999997,-0.005,0.0231,0.03200000000000003
0.035,0.09499999999999997,-0.005,0.0116,0.032194999999999974
0.04000000000000001,0.09499999999999997,-0.005,0.0039,0.03239000000000003
0.045000000000000005,0.09499999999999997,-0.005,0.0016,0.032584999999999975
0.05,0.09499999999999997,-0.005,0.0006,0.03278000000000003
0.05500000000000001,0.09499999999999997,-0.005,0.0004,0.03297499999999998
0.06000000000000001,0.09499999999999997,-0.005,0.0002,0.03317000000000003
0.065,0.09499999999999997,-0.005,0.0,0.03336499999999998
0.07,0.09499999999999997,-0.005,0.0,0.033560000000000034
0.07500000000000001,0.09499999999999997,-0.005,0.0,0.03375499999999998
0.08000000000000002,0.09499999999999997,-0.005,0.0,0.033950000000000036
0.02,0.09499999999999997,0.0,0.0899,0.03161000000000003
0.025,0.09499999999999997,0.0,0.0496,0.03180499999999997
0.030000000000000002,0.09499999999999997,0.0,0.0231,0.03200000000000003
0.035,0.09499999999999997,0.0,0.0116,0.032194999999999974
0.04000000000000001,0.09499999999999997,0.0,0.0039,0.03239000000000003
0.045000000000000005,0.09499999999999997,0.0,0.0016,0.032584999999999975
0.05,0.09499999999999997,0.0,0.0006,0.03278000000000003
0.05500000000000001,0.09499999999999997,0.0,0.0004,0.03297499999999998
0.06000000000000001,0.09499999999999997,0.0,0.0002,0.03317000000000003
0.065,0.09499999999999997,0.0,0.0,0.03336499999999998
0.07,0.09499999999999997,0.0,0.0,0.033560000000000034
0.07500000000000001,0.09499999999999997,0.0,0.0,0.03375499999999998
0.08000000000000002,0.09499999999999997,0.0,0.0,0.033950000000000036
0.02,0.09499999999999997,0.005,0.0899,0.03161000000000003
0.025,0.09499999999999997,0.005,0.0496,0.03180499999999997
0.030000000000000002,0.09499999999999997,0.005,0.0231,0.03200000000000003
0.035,0.09499999999999997,0.005,0.0116,0.032194999999999974
0.04000000000000001,0.09499999999999997,0.005,0.0039,0.03239000000000003
0.045000000000000005,0.09499999999999997,0.005,0.0016,0.032584999999999975
0.05,0.09499999999999997,0.005,0.0006,0.03278000000000003
0.05500000000000001,0.09499999999999997,0.005,0.0004,0.03297499999999998
0.06000000000000001,0.09499999999999997,0.005,0.0002,0.03317000000000003
0.065,0.09499999999999997,0.005,0.0,0.03336499999999998
0.07,0.09499999999999997,0.005,0.0,0.033560000000000034
0.07500000000000001,0.09499999999999997,0.005,0.0,0.03375499999999998
0.08000000000000002,0.09499999999999997,0.005,0.0,0.033950000000000036
0.02,0.09499999999999997,0.01,0.0899,0.03161000000000003
0.025,0.09499999999999997,0.01,0.0496,0.03180499999999997
0.030000000000000002,0.09499999999999997,0.01,0.0231,0.03200000000000003
0.035,0.09499999999999997,0.01,0.0116,0.032194999999999974
0.04000000000000001,0.09499999999999997,0.01,0.0039,0.03239000000000003
0.045000000000000005,0.09499999999999997,0.01,0.0016,0.032584999999999975
0.05,0.09499999999999997,0.01,0.0006,0.03278000000000003
0.05500000000000001,0.09499999999999997,0.01,0.0004,0.03297499999999998
0.06000000000000001,0.09499999999999997,0.01,0.0002,0.03317000000000003
0.065,0.09499999999999997,0.01,0.0,0.03336499999999998
0.07,0.09499999999999997,0.01,0.0,0.033560000000000034
0.07500000000000001,0.09499999999999997,0.01,0.0,0.03375499999999998
0.08000000000000002,0.09499999999999997,0.01,0.0,0.033950000000000036
0.02,0.09499999999999997,0.015,0.0899,0.03161000000000003
0.025,0.09499999999999997,0.015,0.0496,0.03180499999999997
0.030000000000000002,0.09499999999999997,0.015,0.0231,0.03200000000000003
0.035,0.09499999999999997,0.015,0.0116,0.032194999999999974
0.04000000000000001,0.09499999999999997,0.015,0.0039,0.03239000000000003
0.045000000000000005,0.09499999999999997,0.015,0.0016,0.032584999999999975
0.05,0.09499999999999997,0.015,0.0006,0.03278000000000003
0.05500000000000001,0.09499999999999997,0.015,0.0004,0.03297499999999998
0.06000000000000001,0.09499999999999997,0.015,0.0002,0.03317000000000003
0.065,0.09499999999999997,0.015,0.0,0.03336499999999998
0.07,0.09499999999999997,0.015,0.0,0.033560000000000034
0.07500000000000001,0.09499999999999997,0.015,0.0,0.03375499999999998
0.08000000000000002,0.09499999999999997,0.015,0.0,0.033950000000000036
0.02,0.09499999999999997,0.02,0.0722,0.03161000000000003
0.025,0.09499999999999997,0.02,0.0394,0.03180499999999997
0.030000000000000002,0.09499999999999997,0.02,0.0182,0.03200000000000003
0.035,0.09499999999999997,0.02,0.0085,0.032194999999999974
0.04000000000000001,0.09499999999999997,0.02,0.0027,0.03239000000000003
0.045000000000000005,0.09499999999999997,0.02,0.0011,0.032584999999999975
0.05,0.09499999999999997,0.02,0.0002,0.03278000000000003
0.05500000000000001,0.09499999999999997,0.02,0.0001,0.03297499999999998
0.06000000000000001,0.09499999999999997,0.02,0.0,0.03317000000000003
0.065,0.09499999999999997,0.02,0.0,0.03336499999999998
0.07,0.09499999999999997,0.02,0.0,0.033560000000000034
0.07500000000000001,0.09499999999999997,0.02,0.0,0.03375499999999998
0.08000000000000002,0.09499999999999997,0.02,0.0,0.033950000000000036
0.02,0.09499999999999997,0.025,0.0722,0.03161000000000003
0.025,0.09499999999999997,0.025,0.0394,0.03180499999999997
0.030000000000000002,0.09499999999999997,0.025,0.0182,0.03200000000000003
0.035,0.09499999999999997,0.025,0.0085,0.032194999999999974
0.04000000000000001,0.09499999999999997,0.025,0.0027,0.03239000000000003
0.045000000000000005,0.09499999999999997,0.025,0.0011,0.032584999999999975
0.05,0.09499999999999997,0.025,0.0002,0.03278000000000003
0.05500000000000001,0.09499999999999997,0.025,0.0001,0.03297499999999998
0.06000000000000001,0.09499999999999997,0.025,0.0,0.03317000000000003
0.065,0.09499999999999997,0.025,0.0,0.03336499999999998
0.07,0.09499999999999997,0.025,0.0,0.033560000000000034
0.07500000000000001,0.09499999999999997,0.025,0.0,0.03375499999999998
0.08000000000000002,0.09499999999999997,0.025,0.0,0.033950000000000036
0.02,0.09499999999999997,0.03,0.0722,0.03161000000000003
0.025,0.09499999999999997,0.03,0.0394,0.03180499999999997
0.030000000000000002,0.09499999999999997,0.03,0.0182,0.03200000000000003
0.035,0.09499999999999997,0.03,0.0085,0.032194999999999974
0.04000000000000001,0.09499999999999997,0.03,0.0027,0.03239000000000003
0.045000000000000005,0.09499999999999997,0.03,0.0011,0.032584999999999975
0.05,0.09499999999999997,0.03,0.0002,0.03278000000000003
0.05500000000000001,0.09499999999999997,0.03,0.0001,0.03297499999999998
0.06000000000000001,0.09499999999999997,0.03,0.0,0.03317000000000003
0.065,0.09499999999999997,0.03,0.0,0.03336499999999998
0.07,0.09499999999999997,0.03,0.0,0.033560000000000034
0.07500000000000001,0.09499999999999997,0.03,0.0,0.03375499999999998
0.08000000000000002,0.09499999999999997,0.03,0.0,0.033950000000000036
0.02,0.09499999999999997,0.035,0.0722,0.03161000000000003
0.025,0.09499999999999997,0.035,0.0394,0.03180499999999997
0.030000000000000002,0.09499999999999997,0.035,0.0182,0.03200000000000003
0.035,0.09499999999999997,0.035,0.0085,0.032194999999999974
0.04000000000000001,0.09499999999999997,0.035,0.0027,0.03239000000000003
0.045000000000000005,0.09499999999999997,0.035,0.0011,0.032584999999999975
0.05,0.09499999999999997,0.035,0.0002,0.03278000000000003
0.05500000000000001,0.09499999999999997,0.035,0.0001,0.03297499999999998
0.06000000000000001,0.09499999999999997,0.035,0.0,0.03317000000000003
0.065,0.09499999999999997,0.035,0.0,0.03336499999999998
0.07,0.09499999999999997,0.035,0.0,0.033560000000000034
0.07500000000000001,0.09499999999999997,0.035,0.0,0.03375499999999998
0.08000000000000002,0.09499999999999997,0.035,0.0,0.033950000000000036
0.02,0.09999999999999998,-0.01,0.0728,0.03161000000000003
0.025,0.09999999999999998,-0.01,0.0373,0.03180499999999997
0.030000000000000002,0.09999999999999998,-0.01,0.0181,0.03200000000000003
0.035,0.09999999999999998,-0.01,0.0079,0.032194999999999974
0.04000000000000001,0.09999999999999998,-0.01,0.003,0.03239000000000003
0.045000000000000005,0.09999999999999998,-0.01,0.001,0.032584999999999975
0.05,0.09999999999999998,-0.01,0.0006,0.03278000000000003
0.05500000000000001,0.09999999999999998,-0.01,0.0003,0.03297499999999998
0.06000000000000001,0.09999999999999998,-0.01,0.0001,0.03317000000000003
0.065,0.09999999999999998,-0.01,0.0,0.03336499999999998
0.07,0.09999999999999998,-0.01,0.0,0.033560000000000034
0.07500000000000001,0.09999999999999998,-0.01,0.0,0.03375499999999998
0.08000000000000002,0.09999999999999998,-0.01,0.0,0.033950000000000036
0.02,0.09999999999999998,-0.005,0.0728,0.03161000000000003
0.025,0.09999999999999998,-0.005,0.0373,0.03180499999999997
0.030000000000000002,0.09999999999999998,-0.005,0.0181,0.03200000000000003
0.035,0.09999999999999998,-0.005,0.0079,0.032194999999999974
0.04000000000000001,0.09999999999999998,-0.005,0.003,0.03239000000000003
0.045000000000000005,0.09999999999999998,-0.005,0.001,0.032584999999999975
0.05,0.09999999999999998,-0.005,0.0006,0.03278000000000003
0.05500000000000001,0.09999999999999998,-0.005,0.0003,0.03297499999999998
0.06000000000000001,0.09999999999999998,-0.005,0.0001,0.03317000000000003
0.065,0.09999999999999998,-0.005,0.0,0.03336499999999998
0.07,0.09999999999999998,-0.005,0.0,0.033560000000000034
0.07500000000000001,0.09999999999999998,-0.005,0.0,0.03375499999999998
0.08000000000000002,0.09999999999999998,-0.005,0.0,0.033950000000000036
0.02,0.09999999999999998,0.0,0.0728,0.03161000000000003
0.025,0.09999999999999998,0.0,0.0373,0.03180499999999997
0.030000000000000002,0.09999999999999998,0.0,0.0181,0.03200000000000003
0.035,0.09999999999999998,0.0,0.0079,0.032194999999999974
0.04000000000000001,0.09999999999999998,0.0,0.003,0.03239000000000003
0.045000000000000005,0.09999999999999998,0.0,0.001,0.032584999999999975
0.05,0.09999999999999998,0.0,0.0006,0.03278000000000003
0.05500000000000001,0.09999999999999998,0.0,0.0003,0.03297499999999998
0.06000000000000001,0.09999999999999998,0.0,0.0001,0.03317000000000003
0.065,0.09999999999999998,0.0,0.0,0.03336499999999998
0.07,0.09999999999999998,0.0,0.0,0.033560000000000034
0.07500000000000001,0.09999999999999998,0.0,0.0,0.03375499999999998
0.08000000000000002,0.09999999999999998,0.0,0.0,0.033950000000000036
0.02,0.09999999999999998,0.005,0.0728,0.03161000000000003
0.025,0.09999999999999998,0.005,0.0373,0.03180499999999997
0.030000000000000002,0.09999999999999998,0.005,0.0181,0.03200000000000003
0.035,0.09999999999999998,0.005,0.0079,0.032194999999999974
0.04000000000000001,0.09999999999999998,0.005,0.003,0.03239000000000003
0.045000000000000005,0.09999999999999998,0.005,0.001,0.032584999999999975
0.05,0.09999999999999998,0.005,0.0006,0.03278000000000003
0.05500000000000001,0.09999999999999998,0.005,0.0003,0.03297499999999998
0.06000000000000001,0.09999999999999998,0.005,0.0001,0.03317000000000003
0.065,0.09999999999999998,0.005,0.0,0.03336499999999998
0.07,0.09999999999999998,0.005,0.0,0.033560000000000034
0.07500000000000001,0.09999999999999998,0.005,0.0,0.03375499999999998
0.08000000000000002,0.09999999999999998,0.005,0.0,0.033950000000000036
0.02,0.09999999999999998,0.01,0.0728,0.03161000000000003
0.025,0.09999999999999998,0.01,0.0373,0.03180499999999997
0.030000000000000002,0.09999999999999998,0.01,0.0181,0.03200000000000003
0.035,0.09999999999999998,0.01,0.0079,0.032194999999999974
0.04000000000000001,0.09999999999999998,0.01,0.003,0.03239000000000003
0.045000000000000005,0.09999999999999998,0.01,0.001,0.032584999999999975
0.05,0.09999999999999998,0.01,0.0006,0.03278000000000003
0.05500000000000001,0.09999999999999998,0.01,0.0003,0.03297499999999998
0.06000000000000001,0.09999999999999998,0.01,0.0001,0.03317000000000003
0.065,0.09999999999999998,0.01,0.0,0.03336499999999998
0.07,0.09999999999999998,0.01,0.0,0.033560000000000034
0.07500000000000001,0.09999999999999998,0.01,0.0,0.03375499999999998
0.08000000000000002,0.09999999999999998,0.01,0.0,0.033950000000000036
0.02,0.09999999999999998,0.015,0.0728,0.03161000000000003
0.025,0.09999999999999998,0.015,0.0373,0.03180499999999997
0.030000000000000002,0.09999999999999998,0.015,0.0181,0.03200000000000003
0.035,0.09999999999999998,0.015,0.0079,0.032194999999999974
0.04000000000000001,0.09999999999999998,0.015,0.003,0.03239000000000003
0.045000000000000005,0.09999999999999998,0.015,0.001,0.032584999999999975
0.05,0.09999999999999998,0.015,0.0006,0.03278000000000003
0.05500000000000001,0.09999999999999998,0.015,0.0003,0.03297499999999998
0.06000000000000001,0.09999999999999998,0.015,0.0001,0.03317000000000003
0.065,0.09999999999999998,0.015,0.0,0.03336499999999998
0.07,0.09999999999999998,0.015,0.0,0.033560000000000034
0.07500000000000001,0.09999999999999998,0.015,0.0,0.03375499999999998
0.08000000000000002,0.09999999999999998,0.015,0.0,0.033950000000000036
0.02,0.09999999999999998,0.02,0.0581,0.03161000000000003
0.025,0.09999999999999998,0.02,0.03,0.03180499999999997
0.030000000000000002,0.09999999999999998,0.02,0.0136,0.03200000000000003
0.035,0.09999999999999998,0.02,0.0055,0.032194999999999974
0.04000000000000001,0.09999999999999998,0.02,0.002,0.03239000000000003
0.045000000000000005,0.09999999999999998,0.02,0.0005,0.032584999999999975
0.05,0.09999999999999998,0.02,0.0002,0.03278000000000003
0.05500000000000001,0.09999999999999998,0.02,0.0001,0.03297499999999998
0.06000000000000001,0.09999999999999998,0.02,0.0,0.03317000000000003
0.065,0.09999999999999998,0.02,0.0,0.03336499999999998
0.07,0.09999999999999998,0.02,0.0,0.033560000000000034
0.07500000000000001,0.09999999999999998,0.02,0.0,0.03375499999999998
0.08000000000000002,0.09999999999999998,0.02,0.0,0.033950000000000036
0.02,0.09999999999999998,0.025,0.0581,0.03161000000000003
0.025,0.09999999999999998,0.025,0.03,0.03180499999999997
0.030000000000000002,0.09999999999999998,0.025,0.0136,0.03200000000000003
0.035,0.09999999999999998,0.025,0.0055,0.032194999999999974
0.04000000000000001,0.09999999999999998,0.025,0.002,0.03239000000000003
0.045000000000000005,0.09999999999999998,0.025,0.0005,0.032584999999999975
0.05,0.09999999999999998,0.025,0.0002,0.03278000000000003
0.05500000000000001,0.09999999999999998,0.025,0.0001,0.03297499999999998
0.06000000000000001,0.09999999999999998,0.025,0.0,0.03317000000000003
0.065,0.09999999999999998,0.025,0.0,0.03336499999999998
0.07,0.09999999999999998,0.025,0.0,0.033560000000000034
0.07500000000000001,0.09999999999999998,0.025,0.0,0.03375499999999998
0.08000000000000002,0.09999999999999998,0.025,0.0,0.033950000000000036
0.02,0.09999999999999998,0.03,0.0581,0.03161000000000003
0.025,0.09999999999999998,0.03,0.03,0.03180499999999997
0.030000000000000002,0.09999999999999998,0.03,0.0136,0.03200000000000003
0.035,0.09999999999999998,0.03,0.0055,0.032194999999999974
0.04000000000000001,0.09999999999999998,0.03,0.002,0.03239000000000003
0.045000000000000005,0.09999999999999998,0.03,0.0005,0.032584999999999975
0.05,0.09999999999999998,0.03,0.0002,0.03278000000000003
0.05500000000000001,0.09999999999999998,0.03,0.0001,0.03297499999999998
0.06000000000000001,0.09999999999999998,0.03,0.0,0.03317000000000003
0.065,0.09999999999999998,0.03,0.0,0.03336499999999998
0.07,0.09999999999999998,0.03,0.0,0.033560000000000034
0.07500000000000001,0.09999999999999998,0.03,0.0,0.03375499999999998
0.08000000000000002,0.09999999999999998,0.03,0.0,0.033950000000000036
0.02,0.09999999999999998,0.035,0.0581,0.03161000000000003
0.025,0.09999999999999998,0.035,0.03,0.03180499999999997
0.030000000000000002,0.09999999999999998,0.035,0.0136,0.03200000000000003
0.035,0.09999999999999998,0.035,0.0055,0.032194999999999974
0.04000000000000001,0.09999999999999998,0.035,0.002,0.03239000000000003
0.045000000000000005,0.09999999999999998,0.035,0.0005,0.032584999999999975
0.05,0.09999999999999998,0.035,0.0002,0.03278000000000003
0.05500000000000001,0.09999999999999998,0.035,0.0001,0.03297499999999998
0.06000000000000001,0.09999999999999998,0.035,0.0,0.03317000000000003
0.065,0.09999999999999998,0.035,0.0,0.03336499999999998
0.07,0.09999999999999998,0.035,0.0,0.033560000000000034
0.07500000000000001,0.09999999999999998,0.035,0.0,0.03375499999999998
0.08000000000000002,0.09999999999999998,0.035,0.0,0.033950000000000036
0.02,0.10499999999999998,-0.01,0.0566,0.03161000000000003
0.025,0.10499999999999998,-0.01,0.0289,0.03180499999999997
0.030000000000000002,0.10499999999999998,-0.01,0.014,0.03200000000000003
0.035,0.10499999999999998,-0.01,0.0058,0.032194999999999974
0.04000000000000001,0.10499999999999998,-0.01,0.0019,0.03239000000000003
0.045000000000000005,0.10499999999999998,-0.01,0.0008,0.032584999999999975
0.05,0.10499999999999998,-0.01,0.0004,0.03278000000000003
0.05500000000000001,0.10499999999999998,-0.01,0.0003,0.03297499999999998
0.06000000000000001,0.10499999999999998,-0.01,0.0001,0.03317000000000003
0.065,0.10499999999999998,-0.01,0.0,0.03336499999999998
0.07,0.10499999999999998,-0.01,0.0,0.033560000000000034
0.07500000000000001,0.10499999999999998,-0.01,0.0,0.03375499999999998
0.08000000000000002,0.10499999999999998,-0.01,0.0,0.033950000000000036
0.02,0.10499999999999998,-0.005,0.0566,0.03161000000000003
0.025,0.10499999999999998,-0.005,0.0289,0.03180499999999997
0.030000000000000002,0.10499999999999998,-0.005,0.014,0.03200000000000003
0.035,0.10499999999999998,-0.005,0.0058,0.032194999999999974
0.04000000000000001,0.10499999999999998,-0.005,0.0019,0.03239000000000003
0.045000000000000005,0.10499999999999998,-0.005,0.0008,0.032584999999999975
0.05,0.10499999999999998,-0.005,0.0004,0.03278000000000003
0.05500000000000001,0.10499999999999998,-0.005,0.0003,0.03297499999999998
0.06000000000000001,0.10499999999999998,-0.005,0.0001,0.03317000000000003
0.065,0.10499999999999998,-0.005,0.0,0.03336499999999998
0.07,0.10499999999999998,-0.005,0.0,0.033560000000000034
0.07500000000000001,0.10499999999999998,-0.005,0.0,0.03375499999999998
0.08000000000000002,0.10499999999999998,-0.005,0.0,0.033950000000000036
0.02,0.10499999999999998,0.0,0.0566,0.03161000000000003
0.025,0.10499999999999998,0.0,0.0289,0.03180499999999997
0.030000000000000002,0.10499999999999998,0.0,0.014,0.03200000000000003
0.035,0.10499999999999998,0.0,0.0058,0.032194999999999974
0.04000000000000001,0.10499999999999998,0.0,0.0019,0.03239000000000003
0.045000000000000005,0.10499999999999998,0.0,0.0008,0.032584999999999975
0.05,0.10499999999999998,0.0,0.0004,0.03278000000000003
0.05500000000000001,0.10499999999999998,0.0,0.0003,0.03297499999999998
0.06000000000000001,0.10499999999999998,0.0,0.0001,0.03317000000000003
0.065,0.10499999999999998,0.0,0.0,0.03336499999999998
0.07,0.10499999999999998,0.0,0.0,0.033560000000000034
0.07500000000000001,0.10499999999999998,0.0,0.0,0.03375499999999998
0.08000000000000002,0.10499999999999998,0.0,0.0,0.033950000000000036
0.02,0.10499999999999998,0.005,0.0566,0.03161000000000003
0.025,0.10499999999999998,0.005,0.0289,0.03180499999999997
0.030000000000000002,0.10499999999999998,0.005,0.014,0.03200000000000003
0.035,0.10499999999999998,0.005,0.0058,0.032194999999999974
0.04000000000000001,0.10499999999999998,0.005,0.0019,0.03239000000000003
0.045000000000000005,0.10499999999999998,0.005,0.0008,0.032584999999999975
0.05,0.10499999999999998,0.005,0.0004,0.03278000000000003
0.05500000000000001,0.10499999999999998,0.005,0.0003,0.03297499999999998
0.06000000000000001,0.10499999999999998,0.005,0.0001,0.03317000000000003
0.065,0.10499999999999998,0.005,0.0,0.03336499999999998
0.07,0.10499999999999998,0.005,0.0,0.033560000000000034
0.07500000000000001,0.10499999999999998,0.005,0.0,0.03375499999999998
0.08000000000000002,0.10499999999999998,0.005,0.0,0.033950000000000036
0.02,0.10499999999999998,0.01,0.0566,0.03161000000000003
0.025,0.10499999999999998,0.01,0.0289,0.03180499999999997
0.030000000000000002,0.10499999999999998,0.01,0.014,0.03200000000000003
0.035,0.10499999999999998,0.01,0.0058,0.032194999999999974
0.04000000000000001,0.10499999999999998,0.01,0.0019,0.03239000000000003
0.045000000000000005,0.10499999999999998,0.01,0.0008,0.032584999999999975
0.05,0.10499999999999998,0.01,0.0004,0.03278000000000003
0.05500000000000001,0.10499999999999998,0.01,0.0003,0.03297499999999998
0.06000000000000001,0.10499999999999998,0.01,0.0001,0.03317000000000003
0.065,0.10499999999999998,0.01,0.0,0.03336499999999998
0.07,0.10499999999999998,0.01,0.0,0.033560000000000034
0.07500000000000001,0.10499999999999998,0.01,0.0,0.03375499999999998
0.08000000000000002,0.10499999999999998,0.01,0.0,0.033950000000000036
0.02,0.10499999999999998,0.015,0.0566,0.03161000000000003
0.025,0.10499999999999998,0.015,0.0289,0.03180499999999997
0.030000000000000002,0.10499999999999998,0.015,0.014,0.03200000000000003
0.035,0.10499999999999998,0.015,0.0058,0.032194999999999974
0.04000000000000001,0.10499999999999998,0.015,0.0019,0.03239000000000003
0.045000000000000005,0.10499999999999998,0.015,0.0008,0.032584999999999975
0.05,0.10499999999999998,0.015,0.0004,0.03278000000000003
0.05500000000000001,0.10499999999999998,0.015,0.0003,0.03297499999999998
0.06000000000000001,0.10499999999999998,0.015,0.0001,0.03317000000000003
0.065,0.10499999999999998,0.015,0.0,0.03336499999999998
0.07,0.10499999999999998,0.015,0.0,0.033560000000000034
0.07500000000000001,0.10499999999999998,0.015,0.0,0.03375499999999998
0.08000000000000002,0.10499999999999998,0.015,0.0,0.033950000000000036
0.02,0.10499999999999998,0.02,0.0451,0.03161000000000003
0.025,0.10499999999999998,0.02,0.023,0.03180499999999997
0.030000000000000002,0.10499999999999998,0.02,0.0104,0.03200000000000003
0.035,0.10499999999999998,0.02,0.004,0.032194999999999974
0.04000000000000001,0.10499999999999998,0.02,0.0012,0.03239000000000003
0.045000000000000005,0.10499999999999998,0.02,0.0003,0.032584999999999975
0.05,0.10499999999999998,0.02,0.0001,0.03278000000000003
0.05500000000000001,0.10499999999999998,0.02,0.0001,0.03297499999999998
0.06000000000000001,0.10499999999999998,0.02,0.0,0.03317000000000003
0.065,0.10499999999999998,0.02,0.0,0.03336499999999998
0.07,0.10499999999999998,0.02,0.0,0.033560000000000034
0.07500000000000001,0.10499999999999998,0.02,0.0,0.03375499999999998
0.08000000000000002,0.10499999999999998,0.02,0.0,0.033950000000000036
0.02,0.10499999999999998,0.025,0.0451,0.03161000000000003
0.025,0.10499999999999998,0.025,0.023,0.03180499999999997
0.030000000000000002,0.10499999999999998,0.025,0.0104,0.03200000000000003
0.035,0.10499999999999998,0.025,0.004,0.032194999999999974
0.04000000000000001,0.10499999999999998,0.025,0.0012,0.03239000000000003
0.045000000000000005,0.10499999999999998,0.025,0.0003,0.032584999999999975
0.05,0.10499999999999998,0.025,0.0001,0.03278000000000003
0.05500000000000001,0.10499999999999998,0.025,0.0001,0.03297499999999998
0.06000000000000001,0.10499999999999998,0.025,0.0,0.03317000000000003
0.065,0.10499999999999998,0.025,0.0,0.03336499999999998
0.07,0.10499999999999998,0.025,0.0,0.033560000000000034
0.07500000000000001,0.10499999999999998,0.025,0.0,0.03375499999999998
0.08000000000000002,0.10499999999999998,0.025,0.0,0.033950000000000036
0.02,0.10499999999999998,0.03,0.0451,0.03161000000000003
0.025,0.10499999999999998,0.03,0.023,0.03180499999999997
0.030000000000000002,0.10499999999999998,0.03,0.0104,0.03200000000000003
0.035,0.10499999999999998,0.03,0.004,0.032194999999999974
0.04000000000000001,0.10499999999999998,0.03,0.0012,0.03239000000000003
0.045000000000000005,0.10499999999999998,0.03,0.0003,0.032584999999999975
0.05,0.10499999999999998,0.03,0.0001,0.03278000000000003
0.05500000000000001,0.10499999999999998,0.03,0.0001,0.03297499999999998
0.06000000000000001,0.10499999999999998,0.03,0.0,0.03317000000000003
0.065,0.10499999999999998,0.03,0.0,0.03336499999999998
0.07,0.10499999999999998,0.03,0.0,0.033560000000000034
0.07500000000000001,0.10499999999999998,0.03,0.0,0.03375499999999998
0.08000000000000002,0.10499999999999998,0.03,0.0,0.033950000000000036
0.02,0.10499999999999998,0.035,0.0451,0.03161000000000003
0.025,0.10499999999999998,0.035,0.023,0.03180499999999997
0.030000000000000002,0.10499999999999998,0.035,0.0104,0.03200000000000003
0.035,0.10499999999999998,0.035,0.004,0.032194999999999974
0.04000000000000001,0.10499999999999998,0.035,0.0012,0.03239000000000003
0.045000000000000005,0.10499999999999998,0.035,0.0003,0.032584999999999975
0.05,0.10499999999999998,0.035,0.0001,0.03278000000000003
0.05500000000000001,0.10499999999999998,0.035,0.0001,0.03297499999999998
0.06000000000000001,0.10499999999999998,0.035,0.0,0.03317000000000003
0.065,0.10499999999999998,0.035,0.0,0.03336499999999998
0.07,0.10499999999999998,0.035,0.0,0.033560000000000034
0.07500000000000001,0.10499999999999998,0.035,0.0,0.03375499999999998
0.08000000000000002,0.10499999999999998,0.035,0.0,0.033950000000000036
0.02,0.10999999999999997,-0.01,0.0444,0.03161000000000003
0.025,0.10999999999999997,-0.01,0.0221,0.03180499999999997
0.030000000000000002,0.10999999999999997,-0.01,0.0103,0.03200000000000003
0.035,0.10999999999999997,-0.01,0.0036,0.032194999999999974
0.04000000000000001,0.10999999999999997,-0.01,0.0016,0.03239000000000003
0.045000000000000005,0.10999999999999997,-0.01,0.0007,0.032584999999999975
0.05,0.10999999999999997,-0.01,0.0004,0.03278000000000003
0.05500000000000001,0.10999999999999997,-0.01,0.0003,0.03297499999999998
0.06000000000000001,0.10999999999999997,-0.01,0.0001,0.03317000000000003
0.065,0.10999999999999997,-0.01,0.0,0.03336499999999998
0.07,0.10999999999999997,-0.01,0.0,0.033560000000000034
0.07500000000000001,0.10999999999999997,-0.01,0.0,0.03375499999999998
0.08000000000000002,0.10999999999999997,-0.01,0.0,0.033950000000000036
0.02,0.10999999999999997,-0.005,0.0444,0.03161000000000003
0.025,0.10999999999999997,-0.005,0.0221,0.03180499999999997
0.030000000000000002,0.10999999999999997,-0.005,0.0103,0.03200000000000003
0.035,0.10999999999999997,-0.005,0.0036,0.032194999999999974
0.04000000000000001,0.10999999999999997,-0.005,0.0016,0.03239000000000003
0.045000000000000005,0.10999999999999997,-0.005,0.0007,0.032584999999999975
0.05,0.10999999999999997,-0.005,0.0004,0.03278000000000003
0.05500000000000001,0.10999999999999997,-0.005,0.0003,0.03297499999999998
0.06000000000000001,0.10999999999999997,-0.005,0.0001,0.03317000000000003
0.065,0.10999999999999997,-0.005,0.0,0.03336499999999998
0.07,0.10999999999999997,-0.005,0.0,0.033560000000000034
0.07500000000000001,0.10999999999999997,-0.005,0.0,0.03375499999999998
0.08000000000000002,0.10999999999999997,-0.005,0.0,0.033950000000000036
0.02,0.10999999999999997,0.0,0.0444,0.03161000000000003
0.025,0.10999999999999997,0.0,0.0221,0.03180499999999997
0.030000000000000002,0.10999999999999997,0.0,0.0103,0.03200000000000003
0.035,0.10999999999999997,0.0,0.0036,0.032194999999999974
0.04000000000000001,0.10999999999999997,0.0,0.0016,0.03239000000000003
0.045000000000000005,0.10999999999999997,0.0,0.0007,0.032584999999999975
0.05,0.10999999999999997,0.0,0.0004,0.03278000000000003
0.05500000000000001,0.10999999999999997,0.0,0.0003,0.03297499999999998
0.06000000000000001,0.10999999999999997,0.0,0.0001,0.03317000000000003
0.065,0.10999999999999997,0.0,0.0,0.03336499999999998
0.07,0.10999999999999997,0.0,0.0,0.033560000000000034
0.07500000000000001,0.10999999999999997,0.0,0.0,0.03375499999999998
0.08000000000000002,0.10999999999999997,0.0,0.0,0.033950000000000036
0.02,0.10999999999999997,0.005,0.0444,0.03161000000000003
0.025,0.10999999999999997,0.005,0.0221,0.03180499999999997
0.030000000000000002,0.10999999999999997,0.005,0.0103,0.03200000000000003
0.035,0.10999999999999997,0.005,0.0036,0.032194999999999974
0.04000000000000001,0.10999999999999997,0.005,0.0016,0.03239000000000003
0.045000000000000005,0.10999999999999997,0.005,0.0007,0.032584999999999975
0.05,0.10999999999999997,0.005,0.0004,0.03278000000000003
0.05500000000000001,0.10999999999999997,0.005,0.0003,0.03297499999999998
0.06000000000000001,0.10999999999999997,0.005,0.0001,0.03317000000000003
0.065,0.10999999999999997,0.005,0.0,0.03336499999999998
0.07,0.10999999999999997,0.005,0.0,0.033560000000000034
0.07500000000000001,0.10999999999999997,0.005,0.0,0.03375499999999998
0.08000000000000002,0.10999999999999997,0.005,0.0,0.033950000000000036
0.02,0.10999999999999997,0.01,0.0444,0.03161000000000003
0.025,0.10999999999999997,0.01,0.0221,0.03180499999999997
0.030000000000000002,0.10999999999999997,0.01,0.0103,0.03200000000000003
0.035,0.10999999999999997,0.01,0.0036,0.032194999999999974
0.04000000000000001,0.10999999999999997,0.01,0.0016,0.03239000000000003
0.045000000000000005,0.10999999999999997,0.01,0.0007,0.032584999999999975
0.05,0.10999999999999997,0.01,0.0004,0.03278000000000003
0.05500000000000001,0.10999999999999997,0.01,0.0003,0.03297499999999998
0.06000000000000001,0.10999999999999997,0.01,0.0001,0.03317000000000003
0.065,0.10999999999999997,0.01,0.0,0.03336499999999998
0.07,0.10999999999999997,0.01,0.0,0.033560000000000034
0.07500000000000001,0.10999999999999997,0.01,0.0,0.03375499999999998
0.08000000000000002,0.10999999999999997,0.01,0.0,0.033950000000000036
0.02,0.10999999999999997,0.015,0.0444,0.03161000000000003
0.025,0.10999999999999997,0.015,0.0221,0.03180499999999997
0.030000000000000002,0.10999999999999997,0.015,0.0103,0.03200000000000003
0.035,0.10999999999999997,0.015,0.0036,0.032194999999999974
0.04000000000000001,0.10999999999999997,0.015,0.0016,0.03239000000000003
0.045000000000000005,0.10999999999999997,0.015,0.0007,0.032584999999999975
0.05,0.10999999999999997,0.015,0.0004,0.03278000000000003
0.05500000000000001,0.10999999999999997,0.015,0.0003,0.03297499999999998
0.06000000000000001,0.10999999999999997,0.015,0.0001,0.03317000000000003
0.065,0.10999999999999997,0.015,0.0,0.03336499999999998
0.07,0.10999999999999997,0.015,0.0,0.033560000000000034
0.07500000000000001,0.10999999999999997,0.015,0.0,0.03375499999999998
0.08000000000000002,0.10999999999999997,0.015,0.0,0.033950000000000036
0.02,0.10999999999999997,0.02,0.0353,0.03161000000000003
0.025,0.10999999999999997,0.02,0.0171,0.03180499999999997
0.030000000000000002,0.10999999999999997,0.02,0.0073,0.03200000000000003
0.035,0.10999999999999997,0.02,0.0025,0.032194999999999974
0.04000000000000001,0.10999999999999997,0.02,0.0011,0.03239000000000003
0.045000000000000005,0.10999999999999997,0.02,0.0003,0.032584999999999975
0.05,0.10999999999999997,0.02,0.0001,0.03278000000000003
0.05500000000000001,0.10999999999999997,0.02,0.0001,0.03297499999999998
0.06000000000000001,0.10999999999999997,0.02,0.0,0.03317000000000003
0.065,0.10999999999999997,0.02,0.0,0.03336499999999998
0.07,0.10999999999999997,0.02,0.0,0.033560000000000034
0.07500000000000001,0.10999999999999997,0.02,0.0,0.03375499999999998
0.08000000000000002,0.10999999999999997,0.02,0.0,0.033950000000000036
0.02,0.10999999999999997,0.025,0.0353,0.03161000000000003
0.025,0.10999999999999997,0.025,0.0171,0.03180499999999997
0.030000000000000002,0.10999999999999997,0.025,0.0073,0.03200000000000003
0.035,0.10999999999999997,0.025,0.0025,0.032194999999999974
0.04000000000000001,0.10999999999999997,0.025,0.0011,0.03239000000000003
0.045000000000000005,0.10999999999999997,0.025,0.0003,0.032584999999999975
0.05,0.10999999999999997,0.025,0.0001,0.03278000000000003
0.05500000000000001,0.10999999999999997,0.025,0.0001,0.03297499999999998
0.06000000000000001,0.10999999999999997,0.025,0.0,0.03317000000000003
0.065,0.10999999999999997,0.025,0.0,0.03336499999999998
0.07,0.10999999999999997,0.025,0.0,0.033560000000000034
0.07500000000000001,0.10999999999999997,0.025,0.0,0.03375499999999998
0.08000000000000002,0.10999999999999997,0.025,0.0,0.033950000000000036
0.02,0.10999999999999997,0.03,0.0353,0.03161000000000003
0.025,0.10999999999999997,0.03,0.0171,0.03180499999999997
0.030000000000000002,0.10999999999999997,0.03,0.0073,0.03200000000000003
0.035,0.10999999999999997,0.03,0.0025,0.032194999999999974
0.04000000000000001,0.10999999999999997,0.03,0.0011,0.03239000000000003
0.045000000000000005,0.10999999999999997,0.03,0.0003,0.032584999999999975
0.05,0.10999999999999997,0.03,0.0001,0.03278000000000003
0.05500000000000001,0.10999999999999997,0.03,0.0001,0.03297499999999998
0.06000000000000001,0.10999999999999997,0.03,0.0,0.03317000000000003
0.065,0.10999999999999997,0.03,0.0,0.03336499999999998
0.07,0.10999999999999997,0.03,0.0,0.033560000000000034
0.07500000000000001,0.10999999999999997,0.03,0.0,0.03375499999999998
0.08000000000000002,0.10999999999999997,0.03,0.0,0.033950000000000036
0.02,0.10999999999999997,0.035,0.0353,0.03161000000000003
0.025,0.10999999999999997,0.035,0.0171,0.03180499999999997
0.030000000000000002,0.10999999999999997,0.035,0.0073,0.03200000000000003
0.035,0.10999999999999997,0.035,0.0025,0.032194999999999974
0.04000000000000001,0.10999999999999997,0.035,0.0011,0.03239000000000003
0.045000000000000005,0.10999999999999997,0.035,0.0003,0.032584999999999975
0.05,0.10999999999999997,0.035,0.0001,0.03278000000000003
0.05500000000000001,0.10999999999999997,0.035,0.0001,0.03297499999999998
0.06000000000000001,0.10999999999999997,0.035,0.0,0.03317000000000003
0.065,0.10999999999999997,0.035,0.0,0.03336499999999998
0.07,0.10999999999999997,0.035,0.0,0.033560000000000034
0.07500000000000001,0.10999999999999997,0.035,0.0,0.03375499999999998
0.08000000000000002,0.10999999999999997,0.035,0.0,0.033950000000000036
0.02,0.11499999999999996,-0.01,0.0357,0.03161000000000003
0.025,0.11499999999999996,-0.01,0.017,0.03180499999999997
0.030000000000000002,0.11499999999999996,-0.01,0.0076,0.03200000000000003
0.035,0.11499999999999996,-0.01,0.003,0.032194999999999974
0.04000000000000001,0.11499999999999996,-0.01,0.001,0.03239000000000003
0.045000000000000005,0.11499999999999996,-0.01,0.0004,0.032584999999999975
0.05,0.11499999999999996,-0.01,0.0003,0.03278000000000003
0.05500000000000001,0.11499999999999996,-0.01,0.0002,0.03297499999999998
0.06000000000000001,0.11499999999999996,-0.01,0.0001,0.03317000000000003
0.065,0.11499999999999996,-0.01,0.0,0.03336499999999998
0.07,0.11499999999999996,-0.01,0.0,0.033560000000000034
0.07500000000000001,0.11499999999999996,-0.01,0.0,0.03375499999999998
0.08000000000000002,0.11499999999999996,-0.01,0.0,0.033950000000000036
0.02,0.11499999999999996,-0.005,0.0357,0.03161000000000003
0.025,0.11499999999999996,-0.005,0.017,0.03180499999999997
0.030000000000000002,0.11499999999999996,-0.005,0.0076,0.03200000000000003
0.035,0.11499999999999996,-0.005,0.003,0.032194999999999974
0.04000000000000001,0.11499999999999996,-0.005,0.001,0.03239000000000003
0.045000000000000005,0.11499999999999996,-0.005,0.0004,0.032584999999999975
0.05,0.11499999999999996,-0.005,0.0003,0.03278000000000003
0.05500000000000001,0.11499999999999996,-0.005,0.0002,0.03297499999999998
0.06000000000000001,0.11499999999999996,-0.005,0.0001,0.03317000000000003
0.065,0.11499999999999996,-0.005,0.0,0.03336499999999998
0.07,0.11499999999999996,-0.005,0.0,0.033560000000000034
0.07500000000000001,0.11499999999999996,-0.005,0.0,0.03375499999999998
0.08000000000000002,0.11499999999999996,-0.005,0.0,0.033950000000000036
0.02,0.11499999999999996,0.0,0.0357,0.03161000000000003
0.025,0.11499999999999996,0.0,0.017,0.03180499999999997
0.030000000000000002,0.11499999999999996,0.0,0.0076,0.03200000000000003
0.035,0.11499999999999996,0.0,0.003,0.032194999999999974
0.04000000000000001,0.11499999999999996,0.0,0.001,0.03239000000000003
0.045000000000000005,0.11499999999999996,0.0,0.0004,0.032584999999999975
0.05,0.11499999999999996,0.0,0.0003,0.03278000000000003
0.05500000000000001,0.11499999999999996,0.0,0.0002,0.03297499999999998
0.06000000000000001,0.11499999999999996,0.0,0.0001,0.03317000000000003
0.065,0.11499999999999996,0.0,0.0,0.03336499999999998
0.07,0.11499999999999996,0.0,0.0,0.033560000000000034
0.07500000000000001,0.11499999999999996,0.0,0.0,0.03375499999999998
0.08000000000000002,0.11499999999999996,0.0,0.0,0.033950000000000036
0.02,0.11499999999999996,0.005,0.0357,0.03161000000000003
0.025,0.11499999999999996,0.005,0.017,0.03180499999999997
0.030000000000000002,0.11499999999999996,0.005,0.0076,0.03200000000000003
0.035,0.11499999999999996,0.005,0.003,0.032194999999999974
0.04000000000000001,0.11499999999999996,0.005,0.001,0.03239000000000003
0.045000000000000005,0.11499999999999996,0.005,0.0004,0.032584999999999975
0.05,0.11499999999999996,0.005,0.0003,0.03278000000000003
0.05500000000000001,0.11499999999999996,0.005,0.0002,0.03297499999999998
0.06000000000000001,0.11499999999999996,0.005,0.0001,0.03317000000000003
0.065,0.11499999999999996,0.005,0.0,0.03336499999999998
0.07,0.11499999999999996,0.005,0.0,0.033560000000000034
0.07500000000000001,0.11499999999999996,0.005,0.0,0.03375499999999998
0.08000000000000002,0.11499999999999996,0.005,0.0,0.033950000000000036
0.02,0.11499999999999996,0.01,0.0357,0.03161000000000003
0.025,0.11499999999999996,0.01,0.017,0.03180499999999997
0.030000000000000002,0.11499999999999996,0.01,0.0076,0.03200000000000003
0.035,0.11499999999999996,0.01,0.003,0.032194999999999974
0.04000000000000001,0.11499999999999996,0.01,0.001,0.03239000000000003
0.045000000000000005,0.11499999999999996,0.01,0.0004,0.032584999999999975
0.05,0.11499999999999996,0.01,0.0003,0.03278000000000003
0.05500000000000001,0.11499999999999996,0.01,0.0002,0.03297499999999998
0.06000000000000001,0.11499999999999996,0.01,0.0001,0.03317000000000003
0.065,0.11499999999999996,0.01,0.0,0.03336499999999998
0.07,0.11499999999999996,0.01,0.0,0.033560000000000034
0.07500000000000001,0.11499999999999996,0.01,0.0,0.03375499999999998
0.08000000000000002,0.11499999999999996,0.01,0.0,0.033950000000000036
0.02,0.11499999999999996,0.015,0.0357,0.03161000000000003
0.025,0.11499999999999996,0.015,0.017,0.03180499999999997
0.030000000000000002,0.11499999999999996,0.015,0.0076,0.03200000000000003
0.035,0.11499999999999996,0.015,0.003,0.032194999999999974
0.04000000000000001,0.11499999999999996,0.015,0.001,0.03239000000000003
0.045000000000000005,0.11499999999999996,0.015,0.0004,0.032584999999999975
0.05,0.11499999999999996,0.015,0.0003,0.03278000000000003
0.05500000000000001,0.11499999999999996,0.015,0.0002,0.03297499999999998
0.06000000000000001,0.11499999999999996,0.015,0.0001,0.03317000000000003
0.065,0.11499999999999996,0.015,0.0,0.03336499999999998
0.07,0.11499999999999996,0.015,0.0,0.033560000000000034
0.07500000000000001,0.11499999999999996,0.015,0.0,0.03375499999999998
0.08000000000000002,0.11499999999999996,0.015,0.0,0.033950000000000036
0.02,0.11499999999999996,0.02,0.0283,0.03161000000000003
0.025,0.11499999999999996,0.02,0.0131,0.03180499999999997
0.030000000000000002,0.11499999999999996,0.02,0.0056,0.03200000000000003
0.035,0.11499999999999996,0.02,0.002,0.032194999999999974
0.04000000000000001,0.11499999999999996,0.02,0.0005,0.03239000000000003
0.045000000000000005,0.11499999999999996,0.02,0.0001,0.032584999999999975
0.05,0.11499999999999996,0.02,0.0001,0.03278000000000003
0.05500000000000001,0.11499999999999996,0.02,0.0,0.03297499999999998
0.06000000000000001,0.11499999999999996,0.02,0.0,0.03317000000000003
0.065,0.11499999999999996,0.02,0.0,0.03336499999999998
0.07,0.11499999999999996,0.02,0.0,0.033560000000000034
0.07500000000000001,0.11499999999999996,0.02,0.0,0.03375499999999998
0.08000000000000002,0.11499999999999996,0.02,0.0,0.033950000000000036
0.02,0.11499999999999996,0.025,0.0283,0.03161000000000003
0.025,0.11499999999999996,0.025,0.0131,0.03180499999999997
0.030000000000000002,0.11499999999999996,0.025,0.0056,0.03200000000000003
0.035,0.11499999999999996,0.025,0.002,0.032194999999999974
0.04000000000000001,0.11499999999999996,0.025,0.0005,0.03239000000000003
0.045000000000000005,0.11499999999999996,0.025,0.0001,0.032584999999999975
0.05,0.11499999999999996,0.025,0.0001,0.03278000000000003
0.05500000000000001,0.11499999999999996,0.025,0.0,0.03297499999999998
0.06000000000000001,0.11499999999999996,0.025,0.0,0.03317000000000003
0.065,0.11499999999999996,0.025,0.0,0.03336499999999998
0.07,0.11499999999999996,0.025,0.0,0.033560000000000034
0.07500000000000001,0.11499999999999996,0.025,0.0,0.03375499999999998
0.08000000000000002,0.11499999999999996,0.025,0.0,0.033950000000000036
0.02,0.11499999999999996,0.03,0.0283,0.03161000000000003
0.025,0.11499999999999996,0.03,0.0131,0.03180499999999997
0.030000000000000002,0.11499999999999996,0.03,0.0056,0.03200000000000003
0.035,0.11499999999999996,0.03,0.002,0.032194999999999974
0.04000000000000001,0.11499999999999996,0.03,0.0005,0.03239000000000003
0.045000000000000005,0.11499999999999996,0.03,0.0001,0.032584999999999975
0.05,0.11499999999999996,0.03,0.0001,0.03278000000000003
0.05500000000000001,0.11499999999999996,0.03,0.0,0.03297499999999998
0.06000000000000001,0.11499999999999996,0.03,0.0,0.03317000000000003
0.065,0.11499999999999996,0.03,0.0,0.03336499999999998
0.07,0.11499999999999996,0.03,0.0,0.033560000000000034
0.07500000000000001,0.11499999999999996,0.03,0.0,0.03375499999999998
0.08000000000000002,0.11499999999999996,0.03,0.0,0.033950000000000036
0.02,0.11499999999999996,0.035,0.0283,0.03161000000000003
0.025,0.11499999999999996,0.035,0.0131,0.03180499999999997
0.030000000000000002,0.11499999999999996,0.035,0.0056,0.03200000000000003
0.035,0.11499999999999996,0.035,0.002,0.032194999999999974
0.04000000000000001,0.11499999999999996,0.035,0.0005,0.03239000000000003
0.045000000000000005,0.11499999999999996,0.035,0.0001,0.032584999999999975
0.05,0.11499999999999996,0.035,0.0001,0.03278000000000003
0.05500000000000001,0.11499999999999996,0.035,0.0,0.03297499999999998
0.06000000000000001,0.11499999999999996,0.035,0.0,0.03317000000000003
0.065,0.11499999999999996,0.035,0.0,0.03336499999999998
0.07,0.11499999999999996,0.035,0.0,0.033560000000000034
0.07500000000000001,0.11499999999999996,0.035,0.0,0.03375499999999998
0.08000000000000002,0.11499999999999996,0.035,0.0,0.033950000000000036
0.02,0.11999999999999997,-0.01,0.0288,0.03161000000000003
0.025,0.11999999999999997,-0.01,0.0131,0.03180499999999997
0.030000000000000002,0.11999999999999997,-0.01,0.0053,0.03200000000000003
0.035,0.11999999999999997,-0.01,0.0021,0.032194999999999974
0.04000000000000001,0.11999999999999997,-0.01,0.0008,0.03239000000000003
0.045000000000000005,0.11999999999999997,-0.01,0.0004,0.032584999999999975
0.05,0.11999999999999997,-0.01,0.0003,0.03278000000000003
0.05500000000000001,0.11999999999999997,-0.01,0.0002,0.03297499999999998
0.06000000000000001,0.11999999999999997,-0.01,0.0001,0.03317000000000003
0.065,0.11999999999999997,-0.01,0.0,0.03336499999999998
0.07,0.11999999999999997,-0.01,0.0,0.033560000000000034
0.07500000000000001,0.11999999999999997,-0.01,0.0,0.03375499999999998
0.08000000000000002,0.11999999999999997,-0.01,0.0,0.033950000000000036
0.02,0.11999999999999997,-0.005,0.0288,0.03161000000000003
0.025,0.11999999999999997,-0.005,0.0131,0.03180499999999997
0.030000000000000002,0.11999999999999997,-0.005,0.0053,0.03200000000000003
0.035,0.11999999999999997,-0.005,0.0021,0.032194999999999974
0.04000000000000001,0.11999999999999997,-0.005,0.0008,0.03239000000000003
0.045000000000000005,0.11999999999999997,-0.005,0.0004,0.032584999999999975
0.05,0.11999999999999997,-0.005,0.0003,0.03278000000000003
0.05500000000000001,0.11999999999999997,-0.005,0.0002,0.03297499999999998
0.06000000000000001,0.11999999999999997,-0.005,0.0001,0.03317000000000003
0.065,0.11999999999999997,-0.005,0.0,0.03336499999999998
0.07,0.11999999999999997,-0.005,0.0,0.033560000000000034
0.07500000000000001,0.11999999999999997,-0.005,0.0,0.03375499999999998
0.08000000000000002,0.11999999999999997,-0.005,0.0,0.033950000000000036
0.02,0.11999999999999997,0.0,0.0288,0.03161000000000003
0.025,0.11999999999999997,0.0,0.0131,0.03180499999999997
0.030000000000000002,0.11999999999999997,0.0,0.0053,0.03200000000000003
0.035,0.11999999999999997,0.0,0.0021,0.032194999999999974
0.04000000000000001,0.11999999999999997,0.0,0.0008,0.03239000000000003
0.045000000000000005,0.11999999999999997,0.0,0.0004,0.032584999999999975
0.05,0.11999999999999997,0.0,0.0003,0.03278000000000003
0.05500000000000001,0.11999999999999997,0.0,0.0002,0.03297499999999998
0.06000000000000001,0.11999999999999997,0.0,0.0001,0.03317000000000003
0.065,0.11999999999999997,0.0,0.0,0.03336499999999998
0.07,0.11999999999999997,0.0,0.0,0.033560000000000034
0.07500000000000001,0.11999999999999997,0.0,0.0,0.03375499999999998
0.08000000000000002,0.11999999999999997,0.0,0.0,0.033950000000000036
0.02,0.11999999999999997,0.005,0.0288,0.03161000000000003
0.025,0.11999999999999997,0.005,0.0131,0.03180499999999997
0.030000000000000002,0.11999999999999997,0.005,0.0053,0.03200000000000003
0.035,0.11999999999999997,0.005,0.0021,0.032194999999999974
0.04000000000000001,0.11999999999999997,0.005,0.0008,0.03239000000000003
0.045000000000000005,0.11999999999999997,0.005,0.0004,0.032584999999999975
0.05,0.11999999999999997,0.005,0.0003,0.03278000000000003
0.05500000000000001,0.11999999999999997,0.005,0.0002,0.03297499999999998
0.06000000000000001,0.11999999999999997,0.005,0.0001,0.03317000000000003
0.065,0.11999999999999997,0.005,0.0,0.03336499999999998
0.07,0.11999999999999997,0.005,0.0,0.033560000000000034
0.07500000000000001,0.11999999999999997,0.005,0.0,0.03375499999999998
0.08000000000000002,0.11999999999999997,0.005,0.0,0.033950000000000036
0.02,0.11999999999999997,0.01,0.0288,0.03161000000000003
0.025,0.11999999999999997,0.01,0.0131,0.03180499999999997
0.030000000000000002,0.11999999999999997,0.01,0.0053,0.03200000000000003
0.035,0.11999999999999997,0.01,0.0021,0.032194999999999974
0.04000000000000001,0.11999999999999997,0.01,0.0008,0.03239000000000003
0.045000000000000005,0.11999999999999997,0.01,0.0004,0.032584999999999975
0.05,0.11999999999999997,0.01,0.0003,0.03278000000000003
0.05500000000000001,0.11999999999999997,0.01,0.0002,0.03297499999999998
0.06000000000000001,0.11999999999999997,0.01,0.0001,0.03317000000000003
0.065,0.11999999999999997,0.01,0.0,0.03336499999999998
0.07,0.11999999999999997,0.01,0.0,0.033560000000000034
0.07500000000000001,0.11999999999999997,0.01,0.0,0.03375499999999998
0.08000000000000002,0.11999999999999997,0.01,0.0,0.033950000000000036
0.02,0.11999999999999997,0.015,0.0288,0.03161000000000003
0.025,0.11999999999999997,0.015,0.0131,0.03180499999999997
0.030000000000000002,0.11999999999999997,0.015,0.0053,0.03200000000000003
0.035,0.11999999999999997,0.015,0.0021,0.032194999999999974
0.04000000000000001,0.11999999999999997,0.015,0.0008,0.03239000000000003
0.045000000000000005,0.11999999999999997,0.015,0.0004,0.032584999999999975
0.05,0.11999999999999997,0.015,0.0003,0.03278000000000003
0.05500000000000001,0.11999999999999997,0.015,0.0002,0.03297499999999998
0.06000000000000001,0.11999999999999997,0.015,0.0001,0.03317000000000003
0.065,0.11999999999999997,0.015,0.0,0.03336499999999998
0.07,0.11999999999999997,0.015,0.0,0.033560000000000034
0.07500000000000001,0.11999999999999997,0.015,0.0,0.03375499999999998
0.08000000000000002,0.11999999999999997,0.015,0.0,0.033950000000000036
0.02,0.11999999999999997,0.02,0.0224,0.03161000000000003
0.025,0.11999999999999997,0.02,0.0097,0.03180499999999997
0.030000000000000002,0.11999999999999997,0.02,0.0037,0.03200000000000003
0.035,0.11999999999999997,0.02,0.0015,0.032194999999999974
0.04000000000000001,0.11999999999999997,0.02,0.0004,0.03239000000000003
0.045000000000000005,0.11999999999999997,0.02,0.0001,0.032584999999999975
0.05,0.11999999999999997,0.02,0.0001,0.03278000000000003
0.05500000000000001,0.11999999999999997,0.02,0.0,0.03297499999999998
0.06000000000000001,0.11999999999999997,0.02,0.0,0.03317000000000003
0.065,0.11999999999999997,0.02,0.0,0.03336499999999998
0.07,0.11999999999999997,0.02,0.0,0.033560000000000034
0.07500000000000001,0.11999999999999997,0.02,0.0,0.03375499999999998
0.08000000000000002,0.11999999999999997,0.02,0.0,0.033950000000000036
0.02,0.11999999999999997,0.025,0.0224,0.03161000000000003
0.025,0.11999999999999997,0.025,0.0097,0.03180499999999997
0.030000000000000002,0.11999999999999997,0.025,0.0037,0.03200000000000003
0.035,0.11999999999999997,0.025,0.0015,0.032194999999999974
0.04000000000000001,0.11999999999999997,0.025,0.0004,0.03239000000000003
0.045000000000000005,0.11999999999999997,0.025,0.0001,0.032584999999999975
0.05,0.11999999999999997,0.025,0.0001,0.03278000000000003
0.05500000000000001,0.11999999999999997,0.025,0.0,0.03297499999999998
0.06000000000000001,0.11999999999999997,0.025,0.0,0.03317000000000003
0.065,0.11999999999999997,0.025,0.0,0.03336499999999998
0.07,0.11999999999999997,0.025,0.0,0.033560000000000034
0.07500000000000001,0.11999999999999997,0.025,0.0,0.03375499999999998
0.08000000000000002,0.11999999999999997,0.025,0.0,0.033950000000000036
0.02,0.11999999999999997,0.03,0.0224,0.03161000000000003
0.025,0.11999999999999997,0.03,0.0097,0.03180499999999997
0.030000000000000002,0.11999999999999997,0.03,0.0037,0.03200000000000003
0.035,0.11999999999999997,0.03,0.0015,0.032194999999999974
0.04000000000000001,0.11999999999999997,0.03,0.0004,0.03239000000000003
0.045000000000000005,0.11999999999999997,0.03,0.0001,0.032584999999999975
0.05,0.11999999999999997,0.03,0.0001,0.03278000000000003
0.05500000000000001,0.11999999999999997,0.03,0.0,0.03297499999999998
0.06000000000000001,0.11999999999999997,0.03,0.0,0.03317000000000003
0.065,0.11999999999999997,0.03,0.0,0.03336499999999998
0.07,0.11999999999999997,0.03,0.0,0.033560000000000034
0.07500000000000001,0.11999999999999997,0.03,0.0,0.03375499999999998
0.08000000000000002,0.11999999999999997,0.03,0.0,0.033950000000000036
0.02,0.11999999999999997,0.035,0.0224,0.03161000000000003
0.025,0.11999999999999997,0.035,0.0097,0.03180499999999997
0.030000000000000002,0.11999999999999997,0.035,0.0037,0.03200000000000003
0.035,0.11999999999999997,0.035,0.0015,0.032194999999999974
0.04000000000000001,0.11999999999999997,0.035,0.0004,0.03239000000000003
0.045000000000000005,0.11999999999999997,0.035,0.0001,0.032584999999999975
0.05,0.11999999999999997,0.035,0.0001,0.03278000000000003
0.05500000000000001,0.11999999999999997,0.035,0.0,0.03297499999999998
0.06000000000000001,0.11999999999999997,0.035,0.0,0.03317000000000003
0.065,0.11999999999999997,0.035,0.0,0.03336499999999998
0.07,0.11999999999999997,0.035,0.0,0.033560000000000034
0.07500000000000001,0.11999999999999997,0.035,0.0,0.03375499999999998
0.08000000000000002,0.11999999999999997,0.035,0.0,0.033950000000000036
0.02,0.12499999999999997,-0.01,0.0241,0.03161000000000003
0.025,0.12499999999999997,-0.01,0.0115,0.03180499999999997
0.030000000000000002,0.12499999999999997,-0.01,0.004,0.03200000000000003
0.035,0.12499999999999997,-0.01,0.0017,0.032194999999999974
0.04000000000000001,0.12499999999999997,-0.01,0.0006,0.03239000000000003
0.045000000000000005,0.12499999999999997,-0.01,0.0004,0.032584999999999975
0.05,0.12499999999999997,-0.01,0.0003,0.03278000000000003
0.05500000000000001,0.12499999999999997,-0.01,0.0002,0.03297499999999998
0.06000000000000001,0.12499999999999997,-0.01,0.0001,0.03317000000000003
0.065,0.12499999999999997,-0.01,0.0,0.03336499999999998
0.07,0.12499999999999997,-0.01,0.0,0.033560000000000034
0.07500000000000001,0.12499999999999997,-0.01,0.0,0.03375499999999998
0.08000000000000002,0.12499999999999997,-0.01,0.0,0.033950000000000036
0.02,0.12499999999999997,-0.005,0.0241,0.03161000000000003
0.025,0.12499999999999997,-0.005,0.0115,0.03180499999999997
0.030000000000000002,0.12499999999999997,-0.005,0.004,0.03200000000000003
0.035,0.12499999999999997,-0.005,0.0017,0.032194999999999974
0.04000000000000001,0.12499999999999997,-0.005,0.0006,0.03239000000000003
0.045000000000000005,0.12499999999999997,-0.005,0.0004,0.032584999999999975
0.05,0.12499999999999997,-0.005,0.0003,0.03278000000000003
0.05500000000000001,0.12499999999999997,-0.005,0.0002,0.03297499999999998
0.06000000000000001,0.12499999999999997,-0.005,0.0001,0.03317000000000003
0.065,0.12499999999999997,-0.005,0.0,0.03336499999999998
0.07,0.12499999999999997,-0.005,0.0,0.033560000000000034
0.07500000000000001,0.12499999999999997,-0.005,0.0,0.03375499999999998
0.08000000000000002,0.12499999999999997,-0.005,0.0,0.033950000000000036
0.02,0.12499999999999997,0.0,0.0241,0.03161000000000003
0.025,0.12499999999999997,0.0,0.0115,0.03180499999999997
0.030000000000000002,0.12499999999999997,0.0,0.004,0.03200000000000003
0.035,0.12499999999999997,0.0,0.0017,0.032194999999999974
0.04000000000000001,0.12499999999999997,0.0,0.0006,0.03239000000000003
0.045000000000000005,0.12499999999999997,0.0,0.0004,0.032584999999999975
0.05,0.12499999999999997,0.0,0.0003,0.03278000000000003
0.05500000000000001,0.12499999999999997,0.0,0.0002,0.03297499999999998
0.06000000000000001,0.12499999999999997,0.0,0.0001,0.03317000000000003
0.065,0.12499999999999997,0.0,0.0,0.03336499999999998
0.07,0.12499999999999997,0.0,0.0,0.033560000000000034
0.07500000000000001,0.12499999999999997,0.0,0.0,0.03375499999999998
0.08000000000000002,0.12499999999999997,0.0,0.0,0.033950000000000036
0.02,0.12499999999999997,0.005,0.0241,0.03161000000000003
0.025,0.12499999999999997,0.005,0.0115,0.03180499999999997
0.030000000000000002,0.12499999999999997,0.005,0.004,0.03200000000000003
0.035,0.12499999999999997,0.005,0.0017,0.032194999999999974
0.04000000000000001,0.12499999999999997,0.005,0.0006,0.03239000000000003
0.045000000000000005,0.12499999999999997,0.005,0.0004,0.032584999999999975
0.05,0.12499999999999997,0.005,0.0003,0.03278000000000003
0.05500000000000001,0.12499999999999997,0.005,0.0002,0.03297499999999998
0.06000000000000001,0.12499999999999997,0.005,0.0001,0.03317000000000003
0.065,0.12499999999999997,0.005,0.0,0.03336499999999998
0.07,0.12499999999999997,0.005,0.0,0.033560000000000034
0.07500000000000001,0.12499999999999997,0.005,0.0,0.03375499999999998
0.08000000000000002,0.12499999999999997,0.005,0.0,0.033950000000000036
0.02,0.12499999999999997,0.01,0.0241,0.03161000000000003
0.025,0.12499999999999997,0.01,0.0115,0.03180499999999997
0.030000000000000002,0.12499999999999997,0.01,0.004,0.03200000000000003
0.035,0.12499999999999997,0.01,0.0017,0.032194999999999974
0.04000000000000001,0.12499999999999997,0.01,0.0006,0.03239000000000003
0.045000000000000005,0.12499999999999997,0.01,0.0004,0.032584999999999975
0.05,0.12499999999999997,0.01,0.0003,0.03278000000000003
0.05500000000000001,0.12499999999999997,0.01,0.0002,0.03297499999999998
0.06000000000000001,0.12499999999999997,0.01,0.0001,0.03317000000000003
0.065,0.12499999999999997,0.01,0.0,0.03336499999999998
0.07,0.12499999999999997,0.01,0.0,0.033560000000000034
0.07500000000000001,0.12499999999999997,0.01,0.0,0.03375499999999998
0.08000000000000002,0.12499999999999997,0.01,0.0,0.033950000000000036
0.02,0.12499999999999997,0.015,0.0241,0.03161000000000003
0.025,0.12499999999999997,0.015,0.0115,0.03180499999999997
0.030000000000000002,0.12499999999999997,0.015,0.004,0.03200000000000003
0.035,0.12499999999999997,0.015,0.0017,0.032194999999999974
0.04000000000000001,0.12499999999999997,0.015,0.0006,0.03239000000000003
0.045000000000000005,0.12499999999999997,0.015,0.0004,0.032584999999999975
0.05,0.12499999999999997,0.015,0.0003,0.03278000000000003
0.05500000000000001,0.12499999999999997,0.015,0.0002,0.03297499999999998
0.06000000000000001,0.12499999999999997,0.015,0.0001,0.03317000000000003
0.065,0.12499999999999997,0.015,0.0,0.03336499999999998
0.07,0.12499999999999997,0.015,0.0,0.033560000000000034
0.07500000000000001,0.12499999999999997,0.015,0.0,0.03375499999999998
0.08000000000000002,0.12499999999999997,0.015,0.0,0.033950000000000036
0.02,0.12499999999999997,0.02,0.0184,0.03161000000000003
0.025,0.12499999999999997,0.02,0.0084,0.03180499999999997
0.030000000000000002,0.12499999999999997,0.02,0.0028,0.03200000000000003
0.035,0.12499999999999997,0.02,0.0012,0.032194999999999974
0.04000000000000001,0.12499999999999997,0.02,0.0003,0.03239000000000003
0.045000000000000005,0.12499999999999997,0.02,0.0001,0.032584999999999975
0.05,0.12499999999999997,0.02,0.0001,0.03278000000000003
0.05500000000000001,0.12499999999999997,0.02,0.0,0.03297499999999998
0.06000000000000001,0.12499999999999997,0.02,0.0,0.03317000000000003
0.065,0.12499999999999997,0.02,0.0,0.03336499999999998
0.07,0.12499999999999997,0.02,0.0,0.033560000000000034
0.07500000000000001,0.12499999999999997,0.02,0.0,0.03375499999999998
0.08000000000000002,0.12499999999999997,0.02,0.0,0.033950000000000036
0.02,0.12499999999999997,0.025,0.0184,0.03161000000000003
0.025,0.12499999999999997,0.025,0.0084,0.03180499999999997
0.030000000000000002,0.12499999999999997,0.025,0.0028,0.03200000000000003
0.035,0.12499999999999997,0.025,0.0012,0.032194999999999974
0.04000000000000001,0.12499999999999997,0.025,0.0003,0.03239000000000003
0.045000000000000005,0.12499999999999997,0.025,0.0001,0.032584999999999975
0.05,0.12499999999999997,0.025,0.0001,0.03278000000000003
0.05500000000000001,0.12499999999999997,0.025,0.0,0.03297499999999998
0.06000000000000001,0.12499999999999997,0.025,0.0,0.03317000000000003
0.065,0.12499999999999997,0.025,0.0,0.03336499999999998
0.07,0.12499999999999997,0.025,0.0,0.033560000000000034
0.07500000000000001,0.12499999999999997,0.025,0.0,0.03375499999999998
0.08000000000000002,0.12499999999999997,0.025,0.0,0.033950000000000036
0.02,0.12499999999999997,0.03,0.0184,0.03161000000000003
0.025,0.12499999999999997,0.03,0.0084,0.03180499999999997
0.030000000000000002,0.12499999999999997,0.03,0.0028,0.03200000000000003
0.035,0.12499999999999997,0.03,0.0012,0.032194999999999974
0.04000000000000001,0.12499999999999997,0.03,0.0003,0.03239000000000003
0.045000000000000005,0.12499999999999997,0.03,0.0001,0.032584999999999975
0.05,0.12499999999999997,0.03,0.0001,0.03278000000000003
0.05500000000000001,0.12499999999999997,0.03,0.0,0.03297499999999998
0.06000000000000001,0.12499999999999997,0.03,0.0,0.03317000000000003
0.065,0.12499999999999997,0.03,0.0,0.03336499999999998
0.07,0.12499999999999997,0.03,0.0,0.033560000000000034
0.07500000000000001,0.12499999999999997,0.03,0.0,0.03375499999999998
0.08000000000000002,0.12499999999999997,0.03,0.0,0.033950000000000036
0.02,0.12499999999999997,0.035,0.0184,0.03161000000000003
0.025,0.12499999999999997,0.035,0.0084,0.03180499999999997
0.030000000000000002,0.12499999999999997,0.035,0.0028,0.03200000000000003
0.035,0.12499999999999997,0.035,0.0012,0.032194999999999974
0.04000000000000001,0.12499999999999997,0.035,0.0003,0.03239000000000003
0.045000000000000005,0.12499999999999997,0.035,0.0001,0.032584999999999975
0.05,0.12499999999999997,0.035,0.0001,0.03278000000000003
0.05500000000000001,0.12499999999999997,0.035,0.0,0.03297499999999998
0.06000000000000001,0.12499999999999997,0.035,0.0,0.03317000000000003
0.065,0.12499999999999997,0.035,0.0,0.03336499999999998
0.07,0.12499999999999997,0.035,0.0,0.033560000000000034
0.07500000000000001,0.12499999999999997,0.035,0.0,0.03375499999999998
0.08000000000000002,0.12499999999999997,0.035,0.0,0.033950000000000036
0.02,0.12999999999999995,-0.01,0.0204,0.03161000000000003
0.025,0.12999999999999995,-0.01,0.0098,0.03180499999999997
0.030000000000000002,0.12999999999999995,-0.01,0.0035,0.03200000000000003
0.035,0.12999999999999995,-0.01,0.0012,0.032194999999999974
0.04000000000000001,0.12999999999999995,-0.01,0.0005,0.03239000000000003
0.045000000000000005,0.12999999999999995,-0.01,0.0004,0.032584999999999975
0.05,0.12999999999999995,-0.01,0.0002,0.03278000000000003
0.05500000000000001,0.12999999999999995,-0.01,0.0002,0.03297499999999998
0.06000000000000001,0.12999999999999995,-0.01,0.0001,0.03317000000000003
0.065,0.12999999999999995,-0.01,0.0,0.03336499999999998
0.07,0.12999999999999995,-0.01,0.0,0.033560000000000034
0.07500000000000001,0.12999999999999995,-0.01,0.0,0.03375499999999998
0.08000000000000002,0.12999999999999995,-0.01,0.0,0.033950000000000036
0.02,0.12999999999999995,-0.005,0.0204,0.03161000000000003
0.025,0.12999999999999995,-0.005,0.0098,0.03180499999999997
0.030000000000000002,0.12999999999999995,-0.005,0.0035,0.03200000000000003
0.035,0.12999999999999995,-0.005,0.0012,0.032194999999999974
0.04000000000000001,0.12999999999999995,-0.005,0.0005,0.03239000000000003
0.045000000000000005,0.12999999999999995,-0.005,0.0004,0.032584999999999975
0.05,0.12999999999999995,-0.005,0.0002,0.03278000000000003
0.05500000000000001,0.12999999999999995,-0.005,0.0002,0.03297499999999998
0.06000000000000001,0.12999999999999995,-0.005,0.0001,0.03317000000000003
0.065,0.12999999999999995,-0.005,0.0,0.03336499999999998
0.07,0.12999999999999995,-0.005,0.0,0.033560000000000034
0.07500000000000001,0.12999999999999995,-0.005,0.0,0.03375499999999998
0.08000000000000002,0.12999999999999995,-0.005,0.0,0.033950000000000036
0.02,0.12999999999999995,0.0,0.0204,0.03161000000000003
0.025,0.12999999999999995,0.0,0.0098,0.03180499999999997
0.030000000000000002,0.12999999999999995,0.0,0.0035,0.03200000000000003
0.035,0.12999999999999995,0.0,0.0012,0.032194999999999974
0.04000000000000001,0.12999999999999995,0.0,0.0005,0.03239000000000003
0.045000000000000005,0.12999999999999995,0.0,0.0004,0.032584999999999975
0.05,0.12999999999999995,0.0,0.0002,0.03278000000000003
0.05500000000000001,0.12999999999999995,0.0,0.0002,0.03297499999999998
0.06000000000000001,0.12999999999999995,0.0,0.0001,0.03317000000000003
0.065,0.12999999999999995,0.0,0.0,0.03336499999999998
0.07,0.12999999999999995,0.0,0.0,0.033560000000000034
0.07500000000000001,0.12999999999999995,0.0,0.0,0.03375499999999998
0.08000000000000002,0.12999999999999995,0.0,0.0,0.033950000000000036
0.02,0.12999999999999995,0.005,0.0204,0.03161000000000003
0.025,0.12999999999999995,0.005,0.0098,0.03180499999999997
0.030000000000000002,0.12999999999999995,0.005,0.0035,0.03200000000000003
0.035,0.12999999999999995,0.005,0.0012,0.032194999999999974
0.04000000000000001,0.12999999999999995,0.005,0.0005,0.03239000000000003
0.045000000000000005,0.12999999999999995,0.005,0.0004,0.032584999999999975
0.05,0.12999999999999995,0.005,0.0002,0.03278000000000003
0.05500000000000001,0.12999999999999995,0.005,0.0002,0.03297499999999998
0.06000000000000001,0.12999999999999995,0.005,0.0001,0.03317000000000003
0.065,0.12999999999999995,0.005,0.0,0.03336499999999998
0.07,0.12999999999999995,0.005,0.0,0.033560000000000034
0.07500000000000001,0.12999999999999995,0.005,0.0,0.03375499999999998
0.08000000000000002,0.12999999999999995,0.005,0.0,0.033950000000000036
0.02,0.12999999999999995,0.01,0.0204,0.03161000000000003
0.025,0.12999999999999995,0.01,0.0098,0.03180499999999997
0.030000000000000002,0.12999999999999995,0.01,0.0035,0.03200000000000003
0.035,0.12999999999999995,0.01,0.0012,0.032194999999999974
0.04000000000000001,0.12999999999999995,0.01,0.0005,0.03239000000000003
0.045000000000000005,0.12999999999999995,0.01,0.0004,0.032584999999999975
0.05,0.12999999999999995,0.01,0.0002,0.03278000000000003
0.05500000000000001,0.12999999999999995,0.01,0.0002,0.03297499999999998
0.06000000000000001,0.12999999999999995,0.01,0.0001,0.03317000000000003
0.065,0.12999999999999995,0.01,0.0,0.03336499999999998
0.07,0.12999999999999995,0.01,0.0,0.033560000000000034
0.07500000000000001,0.12999999999999995,0.01,0.0,0.03375499999999998
0.08000000000000002,0.12999999999999995,0.01,0.0,0.033950000000000036
0.02,0.12999999999999995,0.015,0.0204,0.03161000000000003
0.025,0.12999999999999995,0.015,0.0098,0.03180499999999997
0.030000000000000002,0.12999999999999995,0.015,0.0035,0.03200000000000003
0.035,0.12999999999999995,0.015,0.0012,0.032194999999999974
0.04000000000000001,0.12999999999999995,0.015,0.0005,0.03239000000000003
0.045000000000000005,0.12999999999999995,0.015,0.0004,0.032584999999999975
0.05,0.12999999999999995,0.015,0.0002,0.03278000000000003
0.05500000000000001,0.12999999999999995,0.015,0.0002,0.03297499999999998
0.06000000000000001,0.12999999999999995,0.015,0.0001,0.03317000000000003
0.065,0.12999999999999995,0.015,0.0,0.03336499999999998
0.07,0.12999999999999995,0.015,0.0,0.033560000000000034
0.07500000000000001,0.12999999999999995,0.015,0.0,0.03375499999999998
0.08000000000000002,0.12999999999999995,0.015,0.0,0.033950000000000036
0.02,0.12999999999999995,0.02,0.0154,0.03161000000000003
0.025,0.12999999999999995,0.02,0.0072,0.03180499999999997
0.030000000000000002,0.12999999999999995,0.02,0.0024,0.03200000000000003
0.035,0.12999999999999995,0.02,0.0008,0.032194999999999974
0.04000000000000001,0.12999999999999995,0.02,0.0002,0.03239000000000003
0.045000000000000005,0.12999999999999995,0.02,0.0001,0.032584999999999975
0.05,0.12999999999999995,0.02,0.0,0.03278000000000003
0.05500000000000001,0.12999999999999995,0.02,0.0,0.03297499999999998
0.06000000000000001,0.12999999999999995,0.02,0.0,0.03317000000000003
0.065,0.12999999999999995,0.02,0.0,0.03336499999999998
0.07,0.12999999999999995,0.02,0.0,0.033560000000000034
0.07500000000000001,0.12999999999999995,0.02,0.0,0.03375499999999998
0.08000000000000002,0.12999999999999995,0.02,0.0,0.033950000000000036
0.02,0.12999999999999995,0.025,0.0154,0.03161000000000003
0.025,0.12999999999999995,0.025,0.0072,0.03180499999999997
0.030000000000000002,0.12999999999999995,0.025,0.0024,0.03200000000000003
0.035,0.12999999999999995,0.025,0.0008,0.032194999999999974
0.04000000000000001,0.12999999999999995,0.025,0.0002,0.03239000000000003
0.045000000000000005,0.12999999999999995,0.025,0.0001,0.032584999999999975
0.05,0.12999999999999995,0.025,0.0,0.03278000000000003
0.05500000000000001,0.12999999999999995,0.025,0.0,0.03297499999999998
0.06000000000000001,0.12999999999999995,0.025,0.0,0.03317000000000003
0.065,0.12999999999999995,0.025,0.0,0.03336499999999998
0.07,0.12999999999999995,0.025,0.0,0.033560000000000034
0.07500000000000001,0.12999999999999995,0.025,0.0,0.03375499999999998
0.08000000000000002,0.12999999999999995,0.025,0.0,0.033950000000000036
0.02,0.12999999999999995,0.03,0.0154,0.03161000000000003
0.025,0.12999999999999995,0.03,0.0072,0.03180499999999997
0.030000000000000002,0.12999999999999995,0.03,0.0024,0.03200000000000003
0.035,0.12999999999999995,0.03,0.0008,0.032194999999999974
0.04000000000000001,0.12999999999999995,0.03,0.0002,0.03239000000000003
0.045000000000000005,0.12999999999999995,0.03,0.0001,0.032584999999999975
0.05,0.12999999999999995,0.03,0.0,0.03278000000000003
0.05500000000000001,0.12999999999999995,0.03,0.0,0.03297499999999998
0.06000000000000001,0.12999999999999995,0.03,0.0,0.03317000000000003
0.065,0.12999999999999995,0.03,0.0,0.03336499999999998
0.07,0.12999999999999995,0.03,0.0,0.033560000000000034
0.07500000000000001,0.12999999999999995,0.03,0.0,0.03375499999999998
0.08000000000000002,0.12999999999999995,0.03,0.0,0.033950000000000036
0.02,0.12999999999999995,0.035,0.0154,0.03161000000000003
0.025,0.12999999999999995,0.035,0.0072,0.03180499999999997
0.030000000000000002,0.12999999999999995,0.035,0.0024,0.03200000000000003
0.035,0.12999999999999995,0.035,0.0008,0.032194999999999974
0.04000000000000001,0.12999999999999995,0.035,0.0002,0.03239000000000003
0.045000000000000005,0.12999999999999995,0.035,0.0001,0.032584999999999975
0.05,0.12999999999999995,0.035,0.0,0.03278000000000003
0.05500000000000001,0.12999999999999995,0.035,0.0,0.03297499999999998
0.06000000000000001,0.12999999999999995,0.035,0.0,0.03317000000000003
0.065,0.12999999999999995,0.035,0.0,0.03336499999999998
0.07,0.12999999999999995,0.035,0.0,0.033560000000000034
0.07500000000000001,0.12999999999999995,0.035,0.0,0.03375499999999998
0.08000000000000002,0.12999999999999995,0.035,0.0,0.033950000000000036
0.02,0.13499999999999995,-0.01,0.0191,0.03161000000000003
0.025,0.13499999999999995,-0.01,0.0085,0.03180499999999997
0.030000000000000002,0.13499999999999995,-0.01,0.0029,0.03200000000000003
0.035,0.13499999999999995,-0.01,0.0012,0.032194999999999974
0.04000000000000001,0.13499999999999995,-0.01,0.0005,0.03239000000000003
0.045000000000000005,0.13499999999999995,-0.01,0.0004,0.032584999999999975
0.05,0.13499999999999995,-0.01,0.0002,0.03278000000000003
0.05500000000000001,0.13499999999999995,-0.01,0.0002,0.03297499999999998
0.06000000000000001,0.13499999999999995,-0.01,0.0001,0.03317000000000003
0.065,0.13499999999999995,-0.01,0.0,0.03336499999999998
0.07,0.13499999999999995,-0.01,0.0,0.033560000000000034
0.07500000000000001,0.13499999999999995,-0.01,0.0,0.03375499999999998
0.08000000000000002,0.13499999999999995,-0.01,0.0,0.033950000000000036
0.02,0.13499999999999995,-0.005,0.0191,0.03161000000000003
0.025,0.13499999999999995,-0.005,0.0085,0.03180499999999997
0.030000000000000002,0.13499999999999995,-0.005,0.0029,0.03200000000000003
0.035,0.13499999999999995,-0.005,0.0012,0.032194999999999974
0.04000000000000001,0.13499999999999995,-0.005,0.0005,0.03239000000000003
0.045000000000000005,0.13499999999999995,-0.005,0.0004,0.032584999999999975
0.05,0.13499999999999995,-0.005,0.0002,0.03278000000000003
0.05500000000000001,0.13499999999999995,-0.005,0.0002,0.03297499999999998
0.06000000000000001,0.13499999999999995,-0.005,0.0001,0.03317000000000003
0.065,0.13499999999999995,-0.005,0.0,0.03336499999999998
0.07,0.13499999999999995,-0.005,0.0,0.033560000000000034
0.07500000000000001,0.13499999999999995,-0.005,0.0,0.03375499999999998
0.08000000000000002,0.13499999999999995,-0.005,0.0,0.033950000000000036
0.02,0.13499999999999995,0.0,0.0191,0.03161000000000003
0.025,0.13499999999999995,0.0,0.0085,0.03180499999999997
0.030000000000000002,0.13499999999999995,0.0,0.0029,0.03200000000000003
0.035,0.13499999999999995,0.0,0.0012,0.032194999999999974
0.04000000000000001,0.13499999999999995,0.0,0.0005,0.03239000000000003
0.045000000000000005,0.13499999999999995,0.0,0.0004,0.032584999999999975
0.05,0.13499999999999995,0.0,0.0002,0.03278000000000003
0.05500000000000001,0.13499999999999995,0.0,0.0002,0.03297499999999998
0.06000000000000001,0.13499999999999995,0.0,0.0001,0.03317000000000003
0.065,0.13499999999999995,0.0,0.0,0.03336499999999998
0.07,0.13499999999999995,0.0,0.0,0.033560000000000034
0.07500000000000001,0.13499999999999995,0.0,0.0,0.03375499999999998
0.08000000000000002,0.13499999999999995,0.0,0.0,0.033950000000000036
0.02,0.13499999999999995,0.005,0.0191,0.03161000000000003
0.025,0.13499999999999995,0.005,0.0085,0.03180499999999997
0.030000000000000002,0.13499999999999995,0.005,0.0029,0.03200000000000003
0.035,0.13499999999999995,0.005,0.0012,0.032194999999999974
0.04000000000000001,0.13499999999999995,0.005,0.0005,0.03239000000000003
0.045000000000000005,0.13499999999999995,0.005,0.0004,0.032584999999999975
0.05,0.13499999999999995,0.005,0.0002,0.03278000000000003
0.05500000000000001,0.13499999999999995,0.005,0.0002,0.03297499999999998
0.06000000000000001,0.13499999999999995,0.005,0.0001,0.03317000000000003
0.065,0.13499999999999995,0.005,0.0,0.03336499999999998
0.07,0.13499999999999995,0.005,0.0,0.033560000000000034
0.07500000000000001,0.13499999999999995,0.005,0.0,0.03375499999999998
0.08000000000000002,0.13499999999999995,0.005,0.0,0.033950000000000036
0.02,0.13499999999999995,0.01,0.0191,0.03161000000000003
0.025,0.13499999999999995,0.01,0.0085,0.03180499999999997
0.030000000000000002,0.13499999999999995,0.01,0.0029,0.03200000000000003
0.035,0.13499999999999995,0.01,0.0012,0.032194999999999974
0.04000000000000001,0.13499999999999995,0.01,0.0005,0.03239000000000003
0.045000000000000005,0.13499999999999995,0.01,0.0004,0.032584999999999975
0.05,0.13499999999999995,0.01,0.0002,0.03278000000000003
0.05500000000000001,0.13499999999999995,0.01,0.0002,0.03297499999999998
0.06000000000000001,0.13499999999999995,0.01,0.0001,0.03317000000000003
0.065,0.13499999999999995,0.01,0.0,0.03336499999999998
0.07,0.13499999999999995,0.01,0.0,0.033560000000000034
0.07500000000000001,0.13499999999999995,0.01,0.0,0.03375499999999998
0.08000000000000002,0.13499999999999995,0.01,0.0,0.033950000000000036
0.02,0.13499999999999995,0.015,0.0191,0.03161000000000003
0.025,0.13499999999999995,0.015,0.0085,0.03180499999999997
0.030000000000000002,0.13499999999999995,0.015,0.0029,0.03200000000000003
0.035,0.13499999999999995,0.015,0.0012,0.032194999999999974
0.04000000000000001,0.13499999999999995,0.015,0.0005,0.03239000000000003
0.045000000000000005,0.13499999999999995,0.015,0.0004,0.032584999999999975
0.05,0.13499999999999995,0.015,0.0002,0.03278000000000003
0.05500000000000001,0.13499999999999995,0.015,0.0002,0.03297499999999998
0.06000000000000001,0.13499999999999995,0.015,0.0001,0.03317000000000003
0.065,0.13499999999999995,0.015,0.0,0.03336499999999998
0.07,0.13499999999999995,0.015,0.0,0.033560000000000034
0.07500000000000001,0.13499999999999995,0.015,0.0,0.03375499999999998
0.08000000000000002,0.13499999999999995,0.015,0.0,0.033950000000000036
0.02,0.13499999999999995,0.02,0.0145,0.03161000000000003
0.025,0.13499999999999995,0.02,0.0062,0.03180499999999997
0.030000000000000002,0.13499999999999995,0.02,0.002,0.03200000000000003
0.035,0.13499999999999995,0.02,0.0008,0.032194999999999974
0.04000000000000001,0.13499999999999995,0.02,0.0002,0.03239000000000003
0.045000000000000005,0.13499999999999995,0.02,0.0001,0.032584999999999975
0.05,0.13499999999999995,0.02,0.0,0.03278000000000003
0.05500000000000001,0.13499999999999995,0.02,0.0,0.03297499999999998
0.06000000000000001,0.13499999999999995,0.02,0.0,0.03317000000000003
0.065,0.13499999999999995,0.02,0.0,0.03336499999999998
0.07,0.13499999999999995,0.02,0.0,0.033560000000000034
0.07500000000000001,0.13499999999999995,0.02,0.0,0.03375499999999998
0.08000000000000002,0.13499999999999995,0.02,0.0,0.033950000000000036
0.02,0.13499999999999995,0.025,0.0145,0.03161000000000003
0.025,0.13499999999999995,0.025,0.0062,0.03180499999999997
0.030000000000000002,0.13499999999999995,0.025,0.002,0.03200000000000003
0.035,0.13499999999999995,0.025,0.0008,0.032194999999999974
0.04000000000000001,0.13499999999999995,0.025,0.0002,0.03239000000000003
0.045000000000000005,0.13499999999999995,0.025,0.0001,0.032584999999999975
0.05,0.13499999999999995,0.025,0.0,0.03278000000000003
0.05500000000000001,0.13499999999999995,0.025,0.0,0.03297499999999998
0.06000000000000001,0.13499999999999995,0.025,0.0,0.03317000000000003
0.065,0.13499999999999995,0.025,0.0,0.03336499999999998
0.07,0.13499999999999995,0.025,0.0,0.033560000000000034
0.07500000000000001,0.13499999999999995,0.025,0.0,0.03375499999999998
0.08000000000000002,0.13499999999999995,0.025,0.0,0.033950000000000036
0.02,0.13499999999999995,0.03,0.0145,0.03161000000000003
0.025,0.13499999999999995,0.03,0.0062,0.03180499999999997
0.030000000000000002,0.13499999999999995,0.03,0.002,0.03200000000000003
0.035,0.13499999999999995,0.03,0.0008,0.032194999999999974
0.04000000000000001,0.13499999999999995,0.03,0.0002,0.03239000000000003
0.045000000000000005,0.13499999999999995,0.03,0.0001,0.032584999999999975
0.05,0.13499999999999995,0.03,0.0,0.03278000000000003
0.05500000000000001,0.13499999999999995,0.03,0.0,0.03297499999999998
0.06000000000000001,0.13499999999999995,0.03,0.0,0.03317000000000003
0.065,0.13499999999999995,0.03,0.0,0.03336499999999998
0.07,0.13499999999999995,0.03,0.0,0.033560000000000034
0.07500000000000001,0.13499999999999995,0.03,0.0,0.03375499999999998
0.08000000000000002,0.13499999999999995,0.03,0.0,0.033950000000000036
0.02,0.13499999999999995,0.035,0.0145,0.03161000000000003
0.025,0.13499999999999995,0.035,0.0062,0.03180499999999997
0.030000000000000002,0.13499999999999995,0.035,0.002,0.03200000000000003
0.035,0.13499999999999995,0.035,0.0008,0.032194999999999974
0.04000000000000001,0.13499999999999995,0.035,0.0002,0.03239000000000003
0.045000000000000005,0.13499999999999995,0.035,0.0001,0.032584999999999975
0.05,0.13499999999999995,0.035,0.0,0.03278000000000003
0.05500000000000001,0.13499999999999995,0.035,0.0,0.03297499999999998
0.06000000000000001,0.13499999999999995,0.035,0.0,0.03317000000000003
0.065,0.13499999999999995,0.035,0.0,0.03336499999999998
0.07,0.13499999999999995,0.035,0.0,0.033560000000000034
0.07500000000000001,0.13499999999999995,0.035,0.0,0.03375499999999998
0.08000000000000002,0.13499999999999995,0.035,0.0,0.033950000000000036
0.02,0.13999999999999996,-0.01,0.0179,0.03161000000000003
0.025,0.13999999999999996,-0.01,0.0077,0.03180499999999997
0.030000000000000002,0.13999999999999996,-0.01,0.0026,0.03200000000000003
0.035,0.13999999999999996,-0.01,0.0012,0.032194999999999974
0.04000000000000001,0.13999999999999996,-0.01,0.0005,0.03239000000000003
0.045000000000000005,0.13999999999999996,-0.01,0.0004,0.032584999999999975
0.05,0.13999999999999996,-0.01,0.0002,0.03278000000000003
0.05500000000000001,0.13999999999999996,-0.01,0.0002,0.03297499999999998
0.06000000000000001,0.13999999999999996,-0.01,0.0001,0.03317000000000003
0.065,0.13999999999999996,-0.01,0.0,0.03336499999999998
0.07,0.13999999999999996,-0.01,0.0,0.033560000000000034
0.07500000000000001,0.13999999999999996,-0.01,0.0,0.03375499999999998
0.08000000000000002,0.13999999999999996,-0.01,0.0,0.033950000000000036
0.02,0.13999999999999996,-0.005,0.0179,0.03161000000000003
0.025,0.13999999999999996,-0.005,0.0077,0.03180499999999997
0.030000000000000002,0.13999999999999996,-0.005,0.0026,0.03200000000000003
0.035,0.13999999999999996,-0.005,0.0012,0.032194999999999974
0.04000000000000001,0.13999999999999996,-0.005,0.0005,0.03239000000000003
0.045000000000000005,0.13999999999999996,-0.005,0.0004,0.032584999999999975
0.05,0.13999999999999996,-0.005,0.0002,0.03278000000000003
0.05500000000000001,0.13999999999999996,-0.005,0.0002,0.03297499999999998
0.06000000000000001,0.13999999999999996,-0.005,0.0001,0.03317000000000003
0.065,0.13999999999999996,-0.005,0.0,0.03336499999999998
0.07,0.13999999999999996,-0.005,0.0,0.033560000000000034
0.07500000000000001,0.13999999999999996,-0.005,0.0,0.03375499999999998
0.08000000000000002,0.13999999999999996,-0.005,0.0,0.033950000000000036
0.02,0.13999999999999996,0.0,0.0179,0.03161000000000003
0.025,0.13999999999999996,0.0,0.0077,0.03180499999999997
0.030000000000000002,0.13999999999999996,0.0,0.0026,0.03200000000000003
0.035,0.13999999999999996,0.0,0.0012,0.032194999999999974
0.04000000000000001,0.13999999999999996,0.0,0.0005,0.03239000000000003
0.045000000000000005,0.13999999999999996,0.0,0.0004,0.032584999999999975
0.05,0.13999999999999996,0.0,0.0002,0.03278000000000003
0.05500000000000001,0.13999999999999996,0.0,0.0002,0.03297499999999998
0.06000000000000001,0.13999999999999996,0.0,0.0001,0.03317000000000003
0.065,0.13999999999999996,0.0,0.0,0.03336499999999998
0.07,0.13999999999999996,0.0,0.0,0.033560000000000034
0.07500000000000001,0.13999999999999996,0.0,0.0,0.03375499999999998
0.08000000000000002,0.13999999999999996,0.0,0.0,0.033950000000000036
0.02,0.13999999999999996,0.005,0.0179,0.03161000000000003
0.025,0.13999999999999996,0.005,0.0077,0.03180499999999997
0.030000000000000002,0.13999999999999996,0.005,0.0026,0.03200000000000003
0.035,0.13999999999999996,0.005,0.0012,0.032194999999999974
0.04000000000000001,0.13999999999999996,0.005,0.0005,0.03239000000000003
0.045000000000000005,0.13999999999999996,0.005,0.0004,0.032584999999999975
0.05,0.13999999999999996,0.005,0.0002,0.03278000000000003
0.05500000000000001,0.13999999999999996,0.005,0.0002,0.03297499999999998
0.06000000000000001,0.13999999999999996,0.005,0.0001,0.03317000000000003
0.065,0.13999999999999996,0.005,0.0,0.03336499999999998
0.07,0.13999999999999996,0.005,0.0,0.033560000000000034
0.07500000000000001,0.13999999999999996,0.005,0.0,0.03375499999999998
0.08000000000000002,0.13999999999999996,0.005,0.0,0.033950000000000036
0.02,0.13999999999999996,0.01,0.0179,0.03161000000000003
0.025,0.13999999999999996,0.01,0.0077,0.03180499999999997
0.030000000000000002,0.13999999999999996,0.01,0.0026,0.03200000000000003
0.035,0.13999999999999996,0.01,0.0012,0.032194999999999974
0.04000000000000001,0.13999999999999996,0.01,0.0005,0.03239000000000003
0.045000000000000005,0.13999999999999996,0.01,0.0004,0.032584999999999975
0.05,0.13999999999999996,0.01,0.0002,0.03278000000000003
0.05500000000000001,0.13999999999999996,0.01,0.0002,0.03297499999999998
0.06000000000000001,0.13999999999999996,0.01,0.0001,0.03317000000000003
0.065,0.13999999999999996,0.01,0.0,0.03336499999999998
0.07,0.13999999999999996,0.01,0.0,0.033560000000000034
0.07500000000000001,0.13999999999999996,0.01,0.0,0.03375499999999998
0.08000000000000002,0.13999999999999996,0.01,0.0,0.033950000000000036
0.02,0.13999999999999996,0.015,0.0179,0.03161000000000003
0.025,0.13999999999999996,0.015,0.0077,0.03180499999999997
0.030000000000000002,0.13999999999999996,0.015,0.0026,0.03200000000000003
0.035,0.13999999999999996,0.015,0.0012,0.032194999999999974
0.04000000000000001,0.13999999999999996,0.015,0.0005,0.03239000000000003
0.045000000000000005,0.13999999999999996,0.015,0.0004,0.032584999999999975
0.05,0.13999999999999996,0.015,0.0002,0.03278000000000003
0.05500000000000001,0.13999999999999996,0.015,0.0002,0.03297499999999998
0.06000000000000001,0.13999999999999996,0.015,0.0001,0.03317000000000003
0.065,0.13999999999999996,0.015,0.0,0.03336499999999998
0.07,0.13999999999999996,0.015,0.0,0.033560000000000034
0.07500000000000001,0.13999999999999996,0.015,0.0,0.03375499999999998
0.08000000000000002,0.13999999999999996,0.015,0.0,0.033950000000000036
0.02,0.13999999999999996,0.02,0.0135,0.03161000000000003
0.025,0.13999999999999996,0.02,0.0058,0.03180499999999997
0.030000000000000002,0.13999999999999996,0.02,0.0017,0.03200000000000003
0.035,0.13999999999999996,0.02,0.0008,0.032194999999999974
0.04000000000000001,0.13999999999999996,0.02,0.0002,0.03239000000000003
0.045000000000000005,0.13999999999999996,0.02,0.0001,0.032584999999999975
0.05,0.13999999999999996,0.02,0.0,0.03278000000000003
0.05500000000000001,0.13999999999999996,0.02,0.0,0.03297499999999998
0.06000000000000001,0.13999999999999996,0.02,0.0,0.03317000000000003
0.065,0.13999999999999996,0.02,0.0,0.03336499999999998
0.07,0.13999999999999996,0.02,0.0,0.033560000000000034
0.07500000000000001,0.13999999999999996,0.02,0.0,0.03375499999999998
0.08000000000000002,0.13999999999999996,0.02,0.0,0.033950000000000036
0.02,0.13999999999999996,0.025,0.0135,0.03161000000000003
0.025,0.13999999999999996,0.025,0.0058,0.03180499999999997
0.030000000000000002,0.13999999999999996,0.025,0.0017,0.03200000000000003
0.035,0.13999999999999996,0.025,0.0008,0.032194999999999974
0.04000000000000001,0.13999999999999996,0.025,0.0002,0.03239000000000003
0.045000000000000005,0.13999999999999996,0.025,0.0001,0.032584999999999975
0.05,0.13999999999999996,0.025,0.0,0.03278000000000003
0.05500000000000001,0.13999999999999996,0.025,0.0,0.03297499999999998
0.06000000000000001,0.13999999999999996,0.025,0.0,0.03317000000000003
0.065,0.13999999999999996,0.025,0.0,0.03336499999999998
0.07,0.13999999999999996,0.025,0.0,0.033560000000000034
0.07500000000000001,0.13999999999999996,0.025,0.0,0.03375499999999998
0.08000000000000002,0.13999999999999996,0.025,0.0,0.033950000000000036
0.02,0.13999999999999996,0.03,0.0135,0.03161000000000003
0.025,0.13999999999999996,0.03,0.0058,0.03180499999999997
0.030000000000000002,0.13999999999999996,0.03,0.0017,0.03200000000000003
0.035,0.13999999999999996,0.03,0.0008,0.032194999999999974
0.04000000000000001,0.13999999999999996,0.03,0.0002,0.03239000000000003
0.045000000000000005,0.13999999999999996,0.03,0.0001,0.032584999999999975
0.05,0.13999999999999996,0.03,0.0,0.03278000000000003
0.05500000000000001,0.13999999999999996,0.03,0.0,0.03297499999999998
0.06000000000000001,0.13999999999999996,0.03,0.0,0.03317000000000003
0.065,0.13999999999999996,0.03,0.0,0.03336499999999998
0.07,0.13999999999999996,0.03,0.0,0.033560000000000034
0.07500000000000001,0.13999999999999996,0.03,0.0,0.03375499999999998
0.08000000000000002,0.13999999999999996,0.03,0.0,0.033950000000000036
0.02,0.13999999999999996,0.035,0.0135,0.03161000000000003
0.025,0.13999999999999996,0.035,0.0058,0.03180499999999997
0.030000000000000002,0.13999999999999996,0.035,0.0017,0.03200000000000003
0.035,0.13999999999999996,0.035,0.0008,0.032194999999999974
0.04000000000000001,0.13999999999999996,0.035,0.0002,0.03239000000000003
0.045000000000000005,0.13999999999999996,0.035,0.0001,0.032584999999999975
0.05,0.13999999999999996,0.035,0.0,0.03278000000000003
0.05500000000000001,0.13999999999999996,0.035,0.0,0.03297499999999998
0.06000000000000001,0.13999999999999996,0.035,0.0,0.03317000000000003
0.065,0.13999999999999996,0.035,0.0,0.03336499999999998
0.07,0.13999999999999996,0.035,0.0,0.033560000000000034
0.07500000000000001,0.13999999999999996,0.035,0.0,0.03375499999999998
0.08000000000000002,0.13999999999999996,0.035,0.0,0.033950000000000036
0.02,0.14499999999999996,-0.01,0.0173,0.03161000000000003
0.025,0.14499999999999996,-0.01,0.0076,0.03180499999999997
0.030000000000000002,0.14499999999999996,-0.01,0.0026,0.03200000000000003
0.035,0.14499999999999996,-0.01,0.0011,0.032194999999999974
0.04000000000000001,0.14499999999999996,-0.01,0.0005,0.03239000000000003
0.045000000000000005,0.14499999999999996,-0.01,0.0004,0.032584999999999975
0.05,0.14499999999999996,-0.01,0.0002,0.03278000000000003
0.05500000000000001,0.14499999999999996,-0.01,0.0002,0.03297499999999998
0.06000000000000001,0.14499999999999996,-0.01,0.0001,0.03317000000000003
0.065,0.14499999999999996,-0.01,0.0,0.03336499999999998
0.07,0.14499999999999996,-0.01,0.0,0.033560000000000034
0.07500000000000001,0.14499999999999996,-0.01,0.0,0.03375499999999998
0.08000000000000002,0.14499999999999996,-0.01,0.0,0.033950000000000036
0.02,0.14499999999999996,-0.005,0.0173,0.03161000000000003
0.025,0.14499999999999996,-0.005,0.0076,0.03180499999999997
0.030000000000000002,0.14499999999999996,-0.005,0.0026,0.03200000000000003
0.035,0.14499999999999996,-0.005,0.0011,0.032194999999999974
0.04000000000000001,0.14499999999999996,-0.005,0.0005,0.03239000000000003
0.045000000000000005,0.14499999999999996,-0.005,0.0004,0.032584999999999975
0.05,0.14499999999999996,-0.005,0.0002,0.03278000000000003
0.05500000000000001,0.14499999999999996,-0.005,0.0002,0.03297499999999998
0.06000000000000001,0.14499999999999996,-0.005,0.0001,0.03317000000000003
0.065,0.14499999999999996,-0.005,0.0,0.03336499999999998
0.07,0.14499999999999996,-0.005,0.0,0.033560000000000034
0.07500000000000001,0.14499999999999996,-0.005,0.0,0.03375499999999998
0.08000000000000002,0.14499999999999996,-0.005,0.0,0.033950000000000036
0.02,0.14499999999999996,0.0,0.0173,0.03161000000000003
0.025,0.14499999999999996,0.0,0.0076,0.03180499999999997
0.030000000000000002,0.14499999999999996,0.0,0.0026,0.03200000000000003
0.035,0.14499999999999996,0.0,0.0011,0.032194999999999974
0.04000000000000001,0.14499999999999996,0.0,0.0005,0.03239000000000003
0.045000000000000005,0.14499999999999996,0.0,0.0004,0.032584999999999975
0.05,0.14499999999999996,0.0,0.0002,0.03278000000000003
0.05500000000000001,0.14499999999999996,0.0,0.0002,0.03297499999999998
0.06000000000000001,0.14499999999999996,0.0,0.0001,0.03317000000000003
0.065,0.14499999999999996,0.0,0.0,0.03336499999999998
0.07,0.14499999999999996,0.0,0.0,0.033560000000000034
0.07500000000000001,0.14499999999999996,0.0,0.0,0.03375499999999998
0.08000000000000002,0.14499999999999996,0.0,0.0,0.033950000000000036
0.02,0.14499999999999996,0.005,0.0173,0.03161000000000003
0.025,0.14499999999999996,0.005,0.0076,0.03180499999999997
0.030000000000000002,0.14499999999999996,0.005,0.0026,0.03200000000000003
0.035,0.14499999999999996,0.005,0.0011,0.032194999999999974
0.04000000000000001,0.14499999999999996,0.005,0.0005,0.03239000000000003
0.045000000000000005,0.14499999999999996,0.005,0.0004,0.032584999999999975
0.05,0.14499999999999996,0.005,0.0002,0.03278000000000003
0.05500000000000001,0.14499999999999996,0.005,0.0002,0.03297499999999998
0.06000000000000001,0.14499999999999996,0.005,0.0001,0.03317000000000003
0.065,0.14499999999999996,0.005,0.0,0.03336499999999998
0.07,0.14499999999999996,0.005,0.0,0.033560000000000034
0.07500000000000001,0.14499999999999996,0.005,0.0,0.03375499999999998
0.08000000000000002,0.14499999999999996,0.005,0.0,0.033950000000000036
0.02,0.14499999999999996,0.01,0.0173,0.03161000000000003
0.025,0.14499999999999996,0.01,0.0076,0.03180499999999997
0.030000000000000002,0.14499999999999996,0.01,0.0026,0.03200000000000003
0.035,0.14499999999999996,0.01,0.0011,0.032194999999999974
0.04000000000000001,0.14499999999999996,0.01,0.0005,0.03239000000000003
0.045000000000000005,0.14499999999999996,0.01,0.0004,0.032584999999999975
0.05,0.14499999999999996,0.01,0.0002,0.03278000000000003
0.05500000000000001,0.14499999999999996,0.01,0.0002,0.03297499999999998
0.06000000000000001,0.14499999999999996,0.01,0.0001,0.03317000000000003
0.065,0.14499999999999996,0.01,0.0,0.03336499999999998
0.07,0.14499999999999996,0.01,0.0,0.033560000000000034
0.07500000000000001,0.14499999999999996,0.01,0.0,0.03375499999999998
0.08000000000000002,0.14499999999999996,0.01,0.0,0.033950000000000036
0.02,0.14499999999999996,0.015,0.0173,0.03161000000000003
0.025,0.14499999999999996,0.015,0.0076,0.03180499999999997
0.030000000000000002,0.14499999999999996,0.015,0.0026,0.03200000000000003
0.035,0.14499999999999996,0.015,0.0011,0.032194999999999974
0.04000000000000001,0.14499999999999996,0.015,0.0005,0.03239000000000003
0.045000000000000005,0.14499999999999996,0.015,0.0004,0.032584999999999975
0.05,0.14499999999999996,0.015,0.0002,0.03278000000000003
0.05500000000000001,0.14499999999999996,0.015,0.0002,0.03297499999999998
0.06000000000000001,0.14499999999999996,0.015,0.0001,0.03317000000000003
0.065,0.14499999999999996,0.015,0.0,0.03336499999999998
0.07,0.14499999999999996,0.015,0.0,0.033560000000000034
0.07500000000000001,0.14499999999999996,0.015,0.0,0.03375499999999998
0.08000000000000002,0.14499999999999996,0.015,0.0,0.033950000000000036
0.02,0.14499999999999996,0.02,0.0131,0.03161000000000003
0.025,0.14499999999999996,0.02,0.0057,0.03180499999999997
0.030000000000000002,0.14499999999999996,0.02,0.0017,0.03200000000000003
0.035,0.14499999999999996,0.02,0.0007,0.032194999999999974
0.04000000000000001,0.14499999999999996,0.02,0.0002,0.03239000000000003
0.045000000000000005,0.14499999999999996,0.02,0.0001,0.032584999999999975
0.05,0.14499999999999996,0.02,0.0,0.03278000000000003
0.05500000000000001,0.14499999999999996,0.02,0.0,0.03297499999999998
0.06000000000000001,0.14499999999999996,0.02,0.0,0.03317000000000003
0.065,0.14499999999999996,0.02,0.0,0.03336499999999998
0.07,0.14499999999999996,0.02,0.0,0.033560000000000034
0.07500000000000001,0.14499999999999996,0.02,0.0,0.03375499999999998
0.08000000000000002,0.14499999999999996,0.02,0.0,0.033950000000000036
0.02,0.14499999999999996,0.025,0.0131,0.03161000000000003
0.025,0.14499999999999996,0.025,0.0057,0.03180499999999997
0.030000000000000002,0.14499999999999996,0.025,0.0017,0.03200000000000003
0.035,0.14499999999999996,0.025,0.0007,0.032194999999999974
0.04000000000000001,0.14499999999999996,0.025,0.0002,0.03239000000000003
0.045000000000000005,0.14499999999999996,0.025,0.0001,0.032584999999999975
0.05,0.14499999999999996,0.025,0.0,0.03278000000000003
0.05500000000000001,0.14499999999999996,0.025,0.0,0.03297499999999998
0.06000000000000001,0.14499999999999996,0.025,0.0,0.03317000000000003
0.065,0.14499999999999996,0.025,0.0,0.03336499999999998
0.07,0.14499999999999996,0.025,0.0,0.033560000000000034
0.07500000000000001,0.14499999999999996,0.025,0.0,0.03375499999999998
0.08000000000000002,0.14499999999999996,0.025,0.0,0.033950000000000036
0.02,0.14499999999999996,0.03,0.0131,0.03161000000000003
0.025,0.14499999999999996,0.03,0.0057,0.03180499999999997
0.030000000000000002,0.14499999999999996,0.03,0.0017,0.03200000000000003
0.035,0.14499999999999996,0.03,0.0007,0.032194999999999974
0.04000000000000001,0.14499999999999996,0.03,0.0002,0.03239000000000003
0.045000000000000005,0.14499999999999996,0.03,0.0001,0.032584999999999975
0.05,0.14499999999999996,0.03,0.0,0.03278000000000003
0.05500000000000001,0.14499999999999996,0.03,0.0,0.03297499999999998
0.06000000000000001,0.14499999999999996,0.03,0.0,0.03317000000000003
0.065,0.14499999999999996,0.03,0.0,0.03336499999999998
0.07,0.14499999999999996,0.03,0.0,0.033560000000000034
0.07500000000000001,0.14499999999999996,0.03,0.0,0.03375499999999998
0.08000000000000002,0.14499999999999996,0.03,0.0,0.033950000000000036
0.02,0.14499999999999996,0.035,0.0131,0.03161000000000003
0.025,0.14499999999999996,0.035,0.0057,0.03180499999999997
0.030000000000000002,0.14499999999999996,0.035,0.0017,0.03200000000000003
0.035,0.14499999999999996,0.035,0.0007,0.032194999999999974
0.04000000000000001,0.14499999999999996,0.035,0.0002,0.03239000000000003
0.045000000000000005,0.14499999999999996,0.035,0.0001,0.032584999999999975
0.05,0.14499999999999996,0.035,0.0,0.03278000000000003
0.05500000000000001,0.14499999999999996,0.035,0.0,0.03297499999999998
0.06000000000000001,0.14499999999999996,0.035,0.0,0.03317000000000003
0.065,0.14499999999999996,0.035,0.0,0.03336499999999998
0.07,0.14499999999999996,0.035,0.0,0.033560000000000034
0.07500000000000001,0.14499999999999996,0.035,0.0,0.03375499999999998
0.08000000000000002,0.14499999999999996,0.035,0.0,0.033950000000000036
0.02,0.14999999999999997,-0.01,0.0169,0.03161000000000003
0.025,0.14999999999999997,-0.01,0.0075,0.03180499999999997
0.030000000000000002,0.14999999999999997,-0.01,0.0026,0.03200000000000003
0.035,0.14999999999999997,-0.01,0.0011,0.032194999999999974
0.04000000000000001,0.14999999999999997,-0.01,0.0005,0.03239000000000003
0.045000000000000005,0.14999999999999997,-0.01,0.0004,0.032584999999999975
0.05,0.14999999999999997,-0.01,0.0002,0.03278000000000003
0.05500000000000001,0.14999999999999997,-0.01,0.0002,0.03297499999999998
0.06000000000000001,0.14999999999999997,-0.01,0.0001,0.03317000000000003
0.065,0.14999999999999997,-0.01,0.0,0.03336499999999998
0.07,0.14999999999999997,-0.01,0.0,0.033560000000000034
0.07500000000000001,0.14999999999999997,-0.01,0.0,0.03375499999999998
0.08000000000000002,0.14999999999999997,-0.01,0.0,0.033950000000000036
0.02,0.14999999999999997,-0.005,0.0169,0.03161000000000003
0.025,0.14999999999999997,-0.005,0.0075,0.03180499999999997
0.030000000000000002,0.14999999999999997,-0.005,0.0026,0.03200000000000003
0.035,0.14999999999999997,-0.005,0.0011,0.032194999999999974
0.04000000000000001,0.14999999999999997,-0.005,0.0005,0.03239000000000003
0.045000000000000005,0.14999999999999997,-0.005,0.0004,0.032584999999999975
0.05,0.14999999999999997,-0.005,0.0002,0.03278000000000003
0.05500000000000001,0.14999999999999997,-0.005,0.0002,0.03297499999999998
0.06000000000000001,0.14999999999999997,-0.005,0.0001,0.03317000000000003
0.065,0.14999999999999997,-0.005,0.0,0.03336499999999998
0.07,0.14999999999999997,-0.005,0.0,0.033560000000000034
0.07500000000000001,0.14999999999999997,-0.005,0.0,0.03375499999999998
0.08000000000000002,0.14999999999999997,-0.005,0.0,0.033950000000000036
0.02,0.14999999999999997,0.0,0.0169,0.03161000000000003
0.025,0.14999999999999997,0.0,0.0075,0.03180499999999997
0.030000000000000002,0.14999999999999997,0.0,0.0026,0.03200000000000003
0.035,0.14999999999999997,0.0,0.0011,0.032194999999999974
0.04000000000000001,0.14999999999999997,0.0,0.0005,0.03239000000000003
0.045000000000000005,0.14999999999999997,0.0,0.0004,0.032584999999999975
0.05,0.14999999999999997,0.0,0.0002,0.03278000000000003
0.05500000000000001,0.14999999999999997,0.0,0.0002,0.03297499999999998
0.06000000000000001,0.14999999999999997,0.0,0.0001,0.03317000000000003
0.065,0.14999999999999997,0.0,0.0,0.03336499999999998
0.07,0.14999999999999997,0.0,0.0,0.033560000000000034
0.07500000000000001,0.14999999999999997,0.0,0.0,0.03375499999999998
0.08000000000000002,0.14999999999999997,0.0,0.0,0.033950000000000036
0.02,0.14999999999999997,0.005,0.0169,0.03161000000000003
0.025,0.14999999999999997,0.005,0.0075,0.03180499999999997
0.030000000000000002,0.14999999999999997,0.005,0.0026,0.03200000000000003
0.035,0.14999999999999997,0.005,0.0011,0.032194999999999974
0.04000000000000001,0.14999999999999997,0.005,0.0005,0.03239000000000003
0.045000000000000005,0.14999999999999997,0.005,0.0004,0.032584999999999975
0.05,0.14999999999999997,0.005,0.0002,0.03278000000000003
0.05500000000000001,0.14999999999999997,0.005,0.0002,0.03297499999999998
0.06000000000000001,0.14999999999999997,0.005,0.0001,0.03317000000000003
0.065,0.14999999999999997,0.005,0.0,0.03336499999999998
0.07,0.14999999999999997,0.005,0.0,0.033560000000000034
0.07500000000000001,0.14999999999999997,0.005,0.0,0.03375499999999998
0.08000000000000002,0.14999999999999997,0.005,0.0,0.033950000000000036
0.02,0.14999999999999997,0.01,0.0169,0.03161000000000003
0.025,0.14999999999999997,0.01,0.0075,0.03180499999999997
0.030000000000000002,0.14999999999999997,0.01,0.0026,0.03200000000000003
0.035,0.14999999999999997,0.01,0.0011,0.032194999999999974
0.04000000000000001,0.14999999999999997,0.01,0.0005,0.03239000000000003
0.045000000000000005,0.14999999999999997,0.01,0.0004,0.032584999999999975
0.05,0.14999999999999997,0.01,0.0002,0.03278000000000003
0.05500000000000001,0.14999999999999997,0.01,0.0002,0.03297499999999998
0.06000000000000001,0.14999999999999997,0.01,0.0001,0.03317000000000003
0.065,0.14999999999999997,0.01,0.0,0.03336499999999998
0.07,0.14999999999999997,0.01,0.0,0.033560000000000034
0.07500000000000001,0.14999999999999997,0.01,0.0,0.03375499999999998
0.08000000000000002,0.14999999999999997,0.01,0.0,0.033950000000000036
0.02,0.14999999999999997,0.015,0.0169,0.03161000000000003
0.025,0.14999999999999997,0.015,0.0075,0.03180499999999997
0.030000000000000002,0.14999999999999997,0.015,0.0026,0.03200000000000003
0.035,0.14999999999999997,0.015,0.0011,0.032194999999999974
0.04000000000000001,0.14999999999999997,0.015,0.0005,0.03239000000000003
0.045000000000000005,0.14999999999999997,0.015,0.0004,0.032584999999999975
0.05,0.14999999999999997,0.015,0.0002,0.03278000000000003
0.05500000000000001,0.14999999999999997,0.015,0.0002,0.03297499999999998
0.06000000000000001,0.14999999999999997,0.015,0.0001,0.03317000000000003
0.065,0.14999999999999997,0.015,0.0,0.03336499999999998
0.07,0.14999999999999997,0.015,0.0,0.033560000000000034
0.07500000000000001,0.14999999999999997,0.015,0.0,0.03375499999999998
0.08000000000000002,0.14999999999999997,0.015,0.0,0.033950000000000036
0.02,0.14999999999999997,0.02,0.013,0.03161000000000003
0.025,0.14999999999999997,0.02,0.0057,0.03180499999999997
0.030000000000000002,0.14999999999999997,0.02,0.0017,0.03200000000000003
0.035,0.14999999999999997,0.02,0.0007,0.032194999999999974
0.04000000000000001,0.14999999999999997,0.02,0.0002,0.03239000000000003
0.045000000000000005,0.14999999999999997,0.02,0.0001,0.032584999999999975
0.05,0.14999999999999997,0.02,0.0,0.03278000000000003
0.05500000000000001,0.14999999999999997,0.02,0.0,0.03297499999999998
0.06000000000000001,0.14999999999999997,0.02,0.0,0.03317000000000003
0.065,0.14999999999999997,0.02,0.0,0.03336499999999998
0.07,0.14999999999999997,0.02,0.0,0.033560000000000034
0.07500000000000001,0.14999999999999997,0.02,0.0,0.03375499999999998
0.08000000000000002,0.14999999999999997,0.02,0.0,0.033950000000000036
0.02,0.14999999999999997,0.025,0.013,0.03161000000000003
0.025,0.14999999999999997,0.025,0.0057,0.03180499999999997
0.030000000000000002,0.14999999999999997,0.025,0.0017,0.03200000000000003
0.035,0.14999999999999997,0.025,0.0007,0.032194999999999974
0.04000000000000001,0.14999999999999997,0.025,0.0002,0.03239000000000003
0.045000000000000005,0.14999999999999997,0.025,0.0001,0.032584999999999975
0.05,0.14999999999999997,0.025,0.0,0.03278000000000003
0.05500000000000001,0.14999999999999997,0.025,0.0,0.03297499999999998
0.06000000000000001,0.14999999999999997,0.025,0.0,0.03317000000000003
0.065,0.14999999999999997,0.025,0.0,0.03336499999999998
0.07,0.14999999999999997,0.025,0.0,0.033560000000000034
0.07500000000000001,0.14999999999999997,0.025,0.0,0.03375499999999998
0.08000000000000002,0.14999999999999997,0.025,0.0,0.033950000000000036
0.02,0.14999999999999997,0.03,0.013,0.03161000000000003
0.025,0.14999999999999997,0.03,0.0057,0.03180499999999997
0.030000000000000002,0.14999999999999997,0.03,0.0017,0.03200000000000003
0.035,0.14999999999999997,0.03,0.0007,0.032194999999999974
0.04000000000000001,0.14999999999999997,0.03,0.0002,0.03239000000000003
0.045000000000000005,0.14999999999999997,0.03,0.0001,0.032584999999999975
0.05,0.14999999999999997,0.03,0.0,0.03278000000000003
0.05500000000000001,0.14999999999999997,0.03,0.0,0.03297499999999998
0.06000000000000001,0.14999999999999997,0.03,0.0,0.03317000000000003
0.065,0.14999999999999997,0.03,0.0,0.03336499999999998
0.07,0.14999999999999997,0.03,0.0,0.033560000000000034
0.07500000000000001,0.14999999999999997,0.03,0.0,0.03375499999999998
0.08000000000000002,0.14999999999999997,0.03,0.0,0.033950000000000036
0.02,0.14999999999999997,0.035,0.013,0.03161000000000003
0.025,0.14999999999999997,0.035,0.0057,0.03180499999999997
0.030000000000000002,0.14999999999999997,0.035,0.0017,0.03200000000000003
0.035,0.14999999999999997,0.035,0.0007,0.032194999999999974
0.04000000000000001,0.14999999999999997,0.035,0.0002,0.03239000000000003
0.045000000000000005,0.14999999999999997,0.035,0.0001,0.032584999999999975
0.05,0.14999999999999997,0.035,0.0,0.03278000000000003
0.05500000000000001,0.14999999999999997,0.035,0.0,0.03297499999999998
0.06000000000000001,0.14999999999999997,0.035,0.0,0.03317000000000003
0.065,0.14999999999999997,0.035,0.0,0.03336499999999998
0.07,0.14999999999999997,0.035,0.0,0.033560000000000034
0.07500000000000001,0.14999999999999997,0.035,0.0,0.03375499999999998
0.08000000000000002,0.14999999999999997,0.035,0.0,0.033950000000000036
0.02,0.15499999999999994,-0.01,0.0169,0.03161000000000003
0.025,0.15499999999999994,-0.01,0.0075,0.03180499999999997
0.030000000000000002,0.15499999999999994,-0.01,0.0026,0.03200000000000003
0.035,0.15499999999999994,-0.01,0.0011,0.032194999999999974
0.04000000000000001,0.15499999999999994,-0.01,0.0005,0.03239000000000003
0.045000000000000005,0.15499999999999994,-0.01,0.0004,0.032584999999999975
0.05,0.15499999999999994,-0.01,0.0002,0.03278000000000003
0.05500000000000001,0.15499999999999994,-0.01,0.0002,0.03297499999999998
0.06000000000000001,0.15499999999999994,-0.01,0.0001,0.03317000000000003
0.065,0.15499999999999994,-0.01,0.0,0.03336499999999998
0.07,0.15499999999999994,-0.01,0.0,0.033560000000000034
0.07500000000000001,0.15499999999999994,-0.01,0.0,0.03375499999999998
0.08000000000000002,0.15499999999999994,-0.01,0.0,0.033950000000000036
0.02,0.15499999999999994,-0.005,0.0169,0.03161000000000003
0.025,0.15499999999999994,-0.005,0.0075,0.03180499999999997
0.030000000000000002,0.15499999999999994,-0.005,0.0026,0.03200000000000003
0.035,0.15499999999999994,-0.005,0.0011,0.032194999999999974
0.04000000000000001,0.15499999999999994,-0.005,0.0005,0.03239000000000003
0.045000000000000005,0.15499999999999994,-0.005,0.0004,0.032584999999999975
0.05,0.15499999999999994,-0.005,0.0002,0.03278000000000003
0.05500000000000001,0.15499999999999994,-0.005,0.0002,0.03297499999999998
0.06000000000000001,0.15499999999999994,-0.005,0.0001,0.03317000000000003
0.065,0.15499999999999994,-0.005,0.0,0.03336499999999998
0.07,0.15499999999999994,-0.005,0.0,0.033560000000000034
0.07500000000000001,0.15499999999999994,-0.005,0.0,0.03375499999999998
0.08000000000000002,0.15499999999999994,-0.005,0.0,0.033950000000000036
0.02,0.15499999999999994,0.0,0.0169,0.03161000000000003
0.025,0.15499999999999994,0.0,0.0075,0.03180499999999997
0.030000000000000002,0.15499999999999994,0.0,0.0026,0.03200000000000003
0.035,0.15499999999999994,0.0,0.0011,0.032194999999999974
0.04000000000000001,0.15499999999999994,0.0,0.0005,0.03239000000000003
0.045000000000000005,0.15499999999999994,0.0,0.0004,0.032584999999999975
0.05,0.15499999999999994,0.0,0.0002,0.03278000000000003
0.05500000000000001,0.15499999999999994,0.0,0.0002,0.03297499999999998
0.06000000000000001,0.15499999999999994,0.0,0.0001,0.03317000000000003
0.065,0.15499999999999994,0.0,0.0,0.03336499999999998
0.07,0.15499999999999994,0.0,0.0,0.033560000000000034
0.07500000000000001,0.15499999999999994,0.0,0.0,0.03375499999999998
0.08000000000000002,0.15499999999999994,0.0,0.0,0.033950000000000036
0.02,0.15499999999999994,0.005,0.0169,0.03161000000000003
0.025,0.15499999999999994,0.005,0.0075,0.03180499999999997
0.030000000000000002,0.15499999999999994,0.005,0.0026,0.03200000000000003
0.035,0.15499999999999994,0.005,0.0011,0.032194999999999974
0.04000000000000001,0.15499999999999994,0.005,0.0005,0.03239000000000003
0.045000000000000005,0.15499999999999994,0.005,0.0004,0.032584999999999975
0.05,0.15499999999999994,0.005,0.0002,0.03278000000000003
0.05500000000000001,0.15499999999999994,0.005,0.0002,0.03297499999999998
0.06000000000000001,0.15499999999999994,0.005,0.0001,0.03317000000000003
0.065,0.15499999999999994,0.005,0.0,0.03336499999999998
0.07,0.15499999999999994,0.005,0.0,0.033560000000000034
0.07500000000000001,0.15499999999999994,0.005,0.0,0.03375499999999998
0.08000000000000002,0.15499999999999994,0.005,0.0,0.033950000000000036
0.02,0.15499999999999994,0.01,0.0169,0.03161000000000003
0.025,0.15499999999999994,0.01,0.0075,0.03180499999999997
0.030000000000000002,0.15499999999999994,0.01,0.0026,0.03200000000000003
0.035,0.15499999999999994,0.01,0.0011,0.032194999999999974
0.04000000000000001,0.15499999999999994,0.01,0.0005,0.03239000000000003
0.045000000000000005,0.15499999999999994,0.01,0.0004,0.032584999999999975
0.05,0.15499999999999994,0.01,0.0002,0.03278000000000003
0.05500000000000001,0.15499999999999994,0.01,0.0002,0.03297499999999998
0.06000000000000001,0.15499999999999994,0.01,0.0001,0.03317000000000003
0.065,0.15499999999999994,0.01,0.0,0.03336499999999998
0.07,0.15499999999999994,0.01,0.0,0.033560000000000034
0.07500000000000001,0.15499999999999994,0.01,0.0,0.03375499999999998
0.08000000000000002,0.15499999999999994,0.01,0.0,0.033950000000000036
0.02,0.15499999999999994,0.015,0.0169,0.03161000000000003
0.025,0.15499999999999994,0.015,0.0075,0.03180499999999997
0.030000000000000002,0.15499999999999994,0.015,0.0026,0.03200000000000003
0.035,0.15499999999999994,0.015,0.0011,0.032194999999999974
0.04000000000000001,0.15499999999999994,0.015,0.0005,0.03239000000000003
0.045000000000000005,0.15499999999999994,0.015,0.0004,0.032584999999999975
0.05,0.15499999999999994,0.015,0.0002,0.03278000000000003
0.05500000000000001,0.15499999999999994,0.015,0.0002,0.03297499999999998
0.06000000000000001,0.15499999999999994,0.015,0.0001,0.03317000000000003
0.065,0.15499999999999994,0.015,0.0,0.03336499999999998
0.07,0.15499999999999994,0.015,0.0,0.033560000000000034
0.07500000000000001,0.15499999999999994,0.015,0.0,0.03375499999999998
0.08000000000000002,0.15499999999999994,0.015,0.0,0.033950000000000036
0.02,0.15499999999999994,0.02,0.013,0.03161000000000003
0.025,0.15499999999999994,0.02,0.0057,0.03180499999999997
0.030000000000000002,0.15499999999999994,0.02,0.0017,0.03200000000000003
0.035,0.15499999999999994,0.02,0.0007,0.032194999999999974
0.04000000000000001,0.15499999999999994,0.02,0.0002,0.03239000000000003
0.045000000000000005,0.15499999999999994,0.02,0.0001,0.032584999999999975
0.05,0.15499999999999994,0.02,0.0,0.03278000000000003
0.05500000000000001,0.15499999999999994,0.02,0.0,0.03297499999999998
0.06000000000000001,0.15499999999999994,0.02,0.0,0.03317000000000003
0.065,0.15499999999999994,0.02,0.0,0.03336499999999998
0.07,0.15499999999999994,0.02,0.0,0.033560000000000034
0.07500000000000001,0.15499999999999994,0.02,0.0,0.03375499999999998
0.08000000000000002,0.15499999999999994,0.02,0.0,0.033950000000000036
0.02,0.15499999999999994,0.025,0.013,0.03161000000000003
0.025,0.15499999999999994,0.025,0.0057,0.03180499999999997
0.030000000000000002,0.15499999999999994,0.025,0.0017,0.03200000000000003
0.035,0.15499999999999994,0.025,0.0007,0.032194999999999974
0.04000000000000001,0.15499999999999994,0.025,0.0002,0.03239000000000003
0.045000000000000005,0.15499999999999994,0.025,0.0001,0.032584999999999975
0.05,0.15499999999999994,0.025,0.0,0.03278000000000003
0.05500000000000001,0.15499999999999994,0.025,0.0,0.03297499999999998
0.06000000000000001,0.15499999999999994,0.025,0.0,0.03317000000000003
0.065,0.15499999999999994,0.025,0.0,0.03336499999999998
0.07,0.15499999999999994,0.025,0.0,0.033560000000000034
0.07500000000000001,0.15499999999999994,0.025,0.0,0.03375499999999998
0.08000000000000002,0.15499999999999994,0.025,0.0,0.033950000000000036
0.02,0.15499999999999994,0.03,0.013,0.03161000000000003
0.025,0.15499999999999994,0.03,0.0057,0.03180499999999997
0.030000000000000002,0.15499999999999994,0.03,0.0017,0.03200000000000003
0.035,0.15499999999999994,0.03,0.0007,0.032194999999999974
0.04000000000000001,0.15499999999999994,0.03,0.0002,0.03239000000000003
0.045000000000000005,0.15499999999999994,0.03,0.0001,0.032584999999999975
0.05,0.15499999999999994,0.03,0.0,0.03278000000000003
0.05500000000000001,0.15499999999999994,0.03,0.0,0.03297499999999998
0.06000000000000001,0.15499999999999994,0.03,0.0,0.03317000000000003
0.065,0.15499999999999994,0.03,0.0,0.03336499999999998
0.07,0.15499999999999994,0.03,0.0,0.033560000000000034
0.07500000000000001,0.15499999999999994,0.03,0.0,0.03375499999999998
0.08000000000000002,0.15499999999999994,0.03,0.0,0.033950000000000036
0.02,0.15499999999999994,0.035,0.013,0.03161000000000003
0.025,0.15499999999999994,0.035,0.0057,0.03180499999999997
0.030000000000000002,0.15499999999999994,0.035,0.0017,0.03200000000000003
0.035,0.15499999999999994,0.035,0.0007,0.032194999999999974
0.04000000000000001,0.15499999999999994,0.035,0.0002,0.03239000000000003
0.045000000000000005,0.15499999999999994,0.035,0.0001,0.032584999999999975
0.05,0.15499999999999994,0.035,0.0,0.03278000000000003
0.05500000000000001,0.15499999999999994,0.035,0.0,0.03297499999999998
0.06000000000000001,0.15499999999999994,0.035,0.0,0.03317000000000003
0.065,0.15499999999999994,0.035,0.0,0.03336499999999998
0.07,0.15499999999999994,0.035,0.0,0.033560000000000034
0.07500000000000001,0.15499999999999994,0.035,0.0,0.03375499999999998
0.08000000000000002,0.15499999999999994,0.035,0.0,0.033950000000000036
0.02,0.15999999999999995,-0.01,0.0169,0.03161000000000003
0.025,0.15999999999999995,-0.01,0.0075,0.03180499999999997
0.030000000000000002,0.15999999999999995,-0.01,0.0026,0.03200000000000003
0.035,0.15999999999999995,-0.01,0.0011,0.032194999999999974
0.04000000000000001,0.15999999999999995,-0.01,0.0005,0.03239000000000003
0.045000000000000005,0.15999999999999995,-0.01,0.0004,0.032584999999999975
0.05,0.15999999999999995,-0.01,0.0002,0.03278000000000003
0.05500000000000001,0.15999999999999995,-0.01,0.0002,0.03297499999999998
0.06000000000000001,0.15999999999999995,-0.01,0.0001,0.03317000000000003
0.065,0.15999999999999995,-0.01,0.0,0.03336499999999998
0.07,0.15999999999999995,-0.01,0.0,0.033560000000000034
0.07500000000000001,0.15999999999999995,-0.01,0.0,0.03375499999999998
0.08000000000000002,0.15999999999999995,-0.01,0.0,0.033950000000000036
0.02,0.15999999999999995,-0.005,0.0169,0.03161000000000003
0.025,0.15999999999999995,-0.005,0.0075,0.03180499999999997
0.030000000000000002,0.15999999999999995,-0.005,0.0026,0.03200000000000003
0.035,0.15999999999999995,-0.005,0.0011,0.032194999999999974
0.04000000000000001,0.15999999999999995,-0.005,0.0005,0.03239000000000003
0.045000000000000005,0.15999999999999995,-0.005,0.0004,0.032584999999999975
0.05,0.15999999999999995,-0.005,0.0002,0.03278000000000003
0.05500000000000001,0.15999999999999995,-0.005,0.0002,0.03297499999999998
0.06000000000000001,0.15999999999999995,-0.005,0.0001,0.03317000000000003
0.065,0.15999999999999995,-0.005,0.0,0.03336499999999998
0.07,0.15999999999999995,-0.005,0.0,0.033560000000000034
0.07500000000000001,0.15999999999999995,-0.005,0.0,0.03375499999999998
0.08000000000000002,0.15999999999999995,-0.005,0.0,0.033950000000000036
0.02,0.15999999999999995,0.0,0.0169,0.03161000000000003
0.025,0.15999999999999995,0.0,0.0075,0.03180499999999997
0.030000000000000002,0.15999999999999995,0.0,0.0026,0.03200000000000003
0.035,0.15999999999999995,0.0,0.0011,0.032194999999999974
0.04000000000000001,0.15999999999999995,0.0,0.0005,0.03239000000000003
0.045000000000000005,0.15999999999999995,0.0,0.0004,0.032584999999999975
0.05,0.15999999999999995,0.0,0.0002,0.03278000000000003
0.05500000000000001,0.15999999999999995,0.0,0.0002,0.03297499999999998
0.06000000000000001,0.15999999999999995,0.0,0.0001,0.03317000000000003
0.065,0.15999999999999995,0.0,0.0,0.03336499999999998
0.07,0.15999999999999995,0.0,0.0,0.033560000000000034
0.07500000000000001,0.15999999999999995,0.0,0.0,0.03375499999999998
0.08000000000000002,0.15999999999999995,0.0,0.0,0.033950000000000036
0.02,0.15999999999999995,0.005,0.0169,0.03161000000000003
0.025,0.15999999999999995,0.005,0.0075,0.03180499999999997
0.030000000000000002,0.15999999999999995,0.005,0.0026,0.03200000000000003
0.035,0.15999999999999995,0.005,0.0011,0.032194999999999974
0.04000000000000001,0.15999999999999995,0.005,0.0005,0.03239000000000003
0.045000000000000005,0.15999999999999995,0.005,0.0004,0.032584999999999975
0.05,0.15999999999999995,0.005,0.0002,0.03278000000000003
0.05500000000000001,0.15999999999999995,0.005,0.0002,0.03297499999999998
0.06000000000000001,0.15999999999999995,0.005,0.0001,0.03317000000000003
0.065,0.15999999999999995,0.005,0.0,0.03336499999999998
0.07,0.15999999999999995,0.005,0.0,0.033560000000000034
0.07500000000000001,0.15999999999999995,0.005,0.0,0.03375499999999998
0.08000000000000002,0.15999999999999995,0.005,0.0,0.033950000000000036
0.02,0.15999999999999995,0.01,0.0169,0.03161000000000003
0.025,0.15999999999999995,0.01,0.0075,0.03180499999999997
0.030000000000000002,0.15999999999999995,0.01,0.0026,0.03200000000000003
0.035,0.15999999999999995,0.01,0.0011,0.032194999999999974
0.04000000000000001,0.15999999999999995,0.01,0.0005,0.03239000000000003
0.045000000000000005,0.15999999999999995,0.01,0.0004,0.032584999999999975
0.05,0.15999999999999995,0.01,0.0002,0.03278000000000003
0.05500000000000001,0.15999999999999995,0.01,0.0002,0.03297499999999998
0.06000000000000001,0.15999999999999995,0.01,0.0001,0.03317000000000003
0.065,0.15999999999999995,0.01,0.0,0.03336499999999998
0.07,0.15999999999999995,0.01,0.0,0.033560000000000034
0.07500000000000001,0.15999999999999995,0.01,0.0,0.03375499999999998
0.08000000000000002,0.15999999999999995,0.01,0.0,0.033950000000000036
0.02,0.15999999999999995,0.015,0.0169,0.03161000000000003
0.025,0.15999999999999995,0.015,0.0075,0.03180499999999997
0.030000000000000002,0.15999999999999995,0.015,0.0026,0.03200000000000003
0.035,0.15999999999999995,0.015,0.0011,0.032194999999999974
0.04000000000000001,0.15999999999999995,0.015,0.0005,0.03239000000000003
0.045000000000000005,0.15999999999999995,0.015,0.0004,0.032584999999999975
0.05,0.15999999999999995,0.015,0.0002,0.03278000000000003
0.05500000000000001,0.15999999999999995,0.015,0.0002,0.03297499999999998
0.06000000000000001,0.15999999999999995,0.015,0.0001,0.03317000000000003
0.065,0.15999999999999995,0.015,0.0,0.03336499999999998
0.07,0.15999999999999995,0.015,0.0,0.033560000000000034
0.07500000000000001,0.15999999999999995,0.015,0.0,0.03375499999999998
0.08000000000000002,0.15999999999999995,0.015,0.0,0.033950000000000036
0.02,0.15999999999999995,0.02,0.013,0.03161000000000003
0.025,0.15999999999999995,0.02,0.0057,0.03180499999999997
0.030000000000000002,0.15999999999999995,0.02,0.0017,0.03200000000000003
0.035,0.15999999999999995,0.02,0.0007,0.032194999999999974
0.04000000000000001,0.15999999999999995,0.02,0.0002,0.03239000000000003
0.045000000000000005,0.15999999999999995,0.02,0.0001,0.032584999999999975
0.05,0.15999999999999995,0.02,0.0,0.03278000000000003
0.05500000000000001,0.15999999999999995,0.02,0.0,0.03297499999999998
0.06000000000000001,0.15999999999999995,0.02,0.0,0.03317000000000003
0.065,0.15999999999999995,0.02,0.0,0.03336499999999998
0.07,0.15999999999999995,0.02,0.0,0.033560000000000034
0.07500000000000001,0.15999999999999995,0.02,0.0,0.03375499999999998
0.08000000000000002,0.15999999999999995,0.02,0.0,0.033950000000000036
0.02,0.15999999999999995,0.025,0.013,0.03161000000000003
0.025,0.15999999999999995,0.025,0.0057,0.03180499999999997
0.030000000000000002,0.15999999999999995,0.025,0.0017,0.03200000000000003
0.035,0.15999999999999995,0.025,0.0007,0.032194999999999974
0.04000000000000001,0.15999999999999995,0.025,0.0002,0.03239000000000003
0.045000000000000005,0.15999999999999995,0.025,0.0001,0.032584999999999975
0.05,0.15999999999999995,0.025,0.0,0.03278000000000003
0.05500000000000001,0.15999999999999995,0.025,0.0,0.03297499999999998
0.06000000000000001,0.15999999999999995,0.025,0.0,0.03317000000000003
0.065,0.15999999999999995,0.025,0.0,0.03336499999999998
0.07,0.15999999999999995,0.025,0.0,0.033560000000000034
0.07500000000000001,0.15999999999999995,0.025,0.0,0.03375499999999998
0.08000000000000002,0.15999999999999995,0.025,0.0,0.033950000000000036
0.02,0.15999999999999995,0.03,0.013,0.03161000000000003
0.025,0.15999999999999995,0.03,0.0057,0.03180499999999997
0.030000000000000002,0.15999999999999995,0.03,0.0017,0.03200000000000003
0.035,0.15999999999999995,0.03,0.0007,0.032194999999999974
0.04000000000000001,0.15999999999999995,0.03,0.0002,0.03239000000000003
0.045000000000000005,0.15999999999999995,0.03,0.0001,0.032584999999999975
0.05,0.15999999999999995,0.03,0.0,0.03278000000000003
0.05500000000000001,0.15999999999999995,0.03,0.0,0.03297499999999998
0.06000000000000001,0.15999999999999995,0.03,0.0,0.03317000000000003
0.065,0.15999999999999995,0.03,0.0,0.03336499999999998
0.07,0.15999999999999995,0.03,0.0,0.033560000000000034
0.07500000000000001,0.15999999999999995,0.03,0.0,0.03375499999999998
0.08000000000000002,0.15999999999999995,0.03,0.0,0.033950000000000036
0.02,0.15999999999999995,0.035,0.013,0.03161000000000003
0.025,0.15999999999999995,0.035,0.0057,0.03180499999999997
0.030000000000000002,0.15999999999999995,0.035,0.0017,0.03200000000000003
0.035,0.15999999999999995,0.035,0.0007,0.032194999999999974
0.04000000000000001,0.15999999999999995,0.035,0.0002,0.03239000000000003
0.045000000000000005,0.15999999999999995,0.035,0.0001,0.032584999999999975
0.05,0.15999999999999995,0.035,0.0,0.03278000000000003
0.05500000000000001,0.15999999999999995,0.035,0.0,0.03297499999999998
0.06000000000000001,0.15999999999999995,0.035,0.0,0.03317000000000003
0.065,0.15999999999999995,0.035,0.0,0.03336499999999998
0.07,0.15999999999999995,0.035,0.0,0.033560000000000034
0.07500000000000001,0.15999999999999995,0.035,0.0,0.03375499999999998
0.08000000000000002,0.15999999999999995,0.035,0.0,0.033950000000000036
0.02,0.16499999999999995,-0.01,0.0169,0.03161000000000003
0.025,0.16499999999999995,-0.01,0.0075,0.03180499999999997
0.030000000000000002,0.16499999999999995,-0.01,0.0026,0.03200000000000003
0.035,0.16499999999999995,-0.01,0.0011,0.032194999999999974
0.04000000000000001,0.16499999999999995,-0.01,0.0005,0.03239000000000003
0.045000000000000005,0.16499999999999995,-0.01,0.0004,0.032584999999999975
0.05,0.16499999999999995,-0.01,0.0002,0.03278000000000003
0.05500000000000001,0.16499999999999995,-0.01,0.0002,0.03297499999999998
0.06000000000000001,0.16499999999999995,-0.01,0.0001,0.03317000000000003
0.065,0.16499999999999995,-0.01,0.0,0.03336499999999998
0.07,0.16499999999999995,-0.01,0.0,0.033560000000000034
0.07500000000000001,0.16499999999999995,-0.01,0.0,0.03375499999999998
0.08000000000000002,0.16499999999999995,-0.01,0.0,0.033950000000000036
0.02,0.16499999999999995,-0.005,0.0169,0.03161000000000003
0.025,0.16499999999999995,-0.005,0.0075,0.03180499999999997
0.030000000000000002,0.16499999999999995,-0.005,0.0026,0.03200000000000003
0.035,0.16499999999999995,-0.005,0.0011,0.032194999999999974
0.04000000000000001,0.16499999999999995,-0.005,0.0005,0.03239000000000003
0.045000000000000005,0.16499999999999995,-0.005,0.0004,0.032584999999999975
0.05,0.16499999999999995,-0.005,0.0002,0.03278000000000003
0.05500000000000001,0.16499999999999995,-0.005,0.0002,0.03297499999999998
0.06000000000000001,0.16499999999999995,-0.005,0.0001,0.03317000000000003
0.065,0.16499999999999995,-0.005,0.0,0.03336499999999998
0.07,0.16499999999999995,-0.005,0.0,0.033560000000000034
0.07500000000000001,0.16499999999999995,-0.005,0.0,0.03375499999999998
0.08000000000000002,0.16499999999999995,-0.005,0.0,0.033950000000000036
0.02,0.16499999999999995,0.0,0.0169,0.03161000000000003
0.025,0.16499999999999995,0.0,0.0075,0.03180499999999997
0.030000000000000002,0.16499999999999995,0.0,0.0026,0.03200000000000003
0.035,0.16499999999999995,0.0,0.0011,0.032194999999999974
0.04000000000000001,0.16499999999999995,0.0,0.0005,0.03239000000000003
0.045000000000000005,0.16499999999999995,0.0,0.0004,0.032584999999999975
0.05,0.16499999999999995,0.0,0.0002,0.03278000000000003
0.05500000000000001,0.16499999999999995,0.0,0.0002,0.03297499999999998
0.06000000000000001,0.16499999999999995,0.0,0.0001,0.03317000000000003
0.065,0.16499999999999995,0.0,0.0,0.03336499999999998
0.07,0.16499999999999995,0.0,0.0,0.033560000000000034
0.07500000000000001,0.16499999999999995,0.0,0.0,0.03375499999999998
0.08000000000000002,0.16499999999999995,0.0,0.0,0.033950000000000036
0.02,0.16499999999999995,0.005,0.0169,0.03161000000000003
0.025,0.16499999999999995,0.005,0.0075,0.03180499999999997
0.030000000000000002,0.16499999999999995,0.005,0.0026,0.03200000000000003
0.035,0.16499999999999995,0.005,0.0011,0.032194999999999974
0.04000000000000001,0.16499999999999995,0.005,0.0005,0.03239000000000003
0.045000000000000005,0.16499999999999995,0.005,0.0004,0.032584999999999975
0.05,0.16499999999999995,0.005,0.0002,0.03278000000000003
0.05500000000000001,0.16499999999999995,0.005,0.0002,0.03297499999999998
0.06000000000000001,0.16499999999999995,0.005,0.0001,0.03317000000000003
0.065,0.16499999999999995,0.005,0.0,0.03336499999999998
0.07,0.16499999999999995,0.005,0.0,0.033560000000000034
0.07500000000000001,0.16499999999999995,0.005,0.0,0.03375499999999998
0.08000000000000002,0.16499999999999995,0.005,0.0,0.033950000000000036
0.02,0.16499999999999995,0.01,0.0169,0.03161000000000003
0.025,0.16499999999999995,0.01,0.0075,0.03180499999999997
0.030000000000000002,0.16499999999999995,0.01,0.0026,0.03200000000000003
0.035,0.16499999999999995,0.01,0.0011,0.032194999999999974
0.04000000000000001,0.16499999999999995,0.01,0.0005,0.03239000000000003
0.045000000000000005,0.16499999999999995,0.01,0.0004,0.032584999999999975
0.05,0.16499999999999995,0.01,0.0002,0.03278000000000003
0.05500000000000001,0.16499999999999995,0.01,0.0002,0.03297499999999998
0.06000000000000001,0.16499999999999995,0.01,0.0001,0.03317000000000003
0.065,0.16499999999999995,0.01,0.0,0.03336499999999998
0.07,0.16499999999999995,0.01,0.0,0.033560000000000034
0.07500000000000001,0.16499999999999995,0.01,0.0,0.03375499999999998
0.08000000000000002,0.16499999999999995,0.01,0.0,0.033950000000000036
0.02,0.16499999999999995,0.015,0.0169,0.03161000000000003
0.025,0.16499999999999995,0.015,0.0075,0.03180499999999997
0.030000000000000002,0.16499999999999995,0.015,0.0026,0.03200000000000003
0.035,0.16499999999999995,0.015,0.0011,0.032194999999999974
0.04000000000000001,0.16499999999999995,0.015,0.0005,0.03239000000000003
0.045000000000000005,0.16499999999999995,0.015,0.0004,0.032584999999999975
0.05,0.16499999999999995,0.015,0.0002,0.03278000000000003
0.05500000000000001,0.16499999999999995,0.015,0.0002,0.03297499999999998
0.06000000000000001,0.16499999999999995,0.015,0.0001,0.03317000000000003
0.065,0.16499999999999995,0.015,0.0,0.03336499999999998
0.07,0.16499999999999995,0.015,0.0,0.033560000000000034
0.07500000000000001,0.16499999999999995,0.015,0.0,0.03375499999999998
0.08000000000000002,0.16499999999999995,0.015,0.0,0.033950000000000036
0.02,0.16499999999999995,0.02,0.013,0.03161000000000003
0.025,0.16499999999999995,0.02,0.0057,0.03180499999999997
0.030000000000000002,0.16499999999999995,0.02,0.0017,0.03200000000000003
0.035,0.16499999999999995,0.02,0.0007,0.032194999999999974
0.04000000000000001,0.16499999999999995,0.02,0.0002,0.03239000000000003
0.045000000000000005,0.16499999999999995,0.02,0.0001,0.032584999999999975
0.05,0.16499999999999995,0.02,0.0,0.03278000000000003
0.05500000000000001,0.16499999999999995,0.02,0.0,0.03297499999999998
0.06000000000000001,0.16499999999999995,0.02,0.0,0.03317000000000003
0.065,0.16499999999999995,0.02,0.0,0.03336499999999998
0.07,0.16499999999999995,0.02,0.0,0.033560000000000034
0.07500000000000001,0.16499999999999995,0.02,0.0,0.03375499999999998
0.08000000000000002,0.16499999999999995,0.02,0.0,0.033950000000000036
0.02,0.16499999999999995,0.025,0.013,0.03161000000000003
0.025,0.16499999999999995,0.025,0.0057,0.03180499999999997
0.030000000000000002,0.16499999999999995,0.025,0.0017,0.03200000000000003
0.035,0.16499999999999995,0.025,0.0007,0.032194999999999974
0.04000000000000001,0.16499999999999995,0.025,0.0002,0.03239000000000003
0.045000000000000005,0.16499999999999995,0.025,0.0001,0.032584999999999975
0.05,0.16499999999999995,0.025,0.0,0.03278000000000003
0.05500000000000001,0.16499999999999995,0.025,0.0,0.03297499999999998
0.06000000000000001,0.16499999999999995,0.025,0.0,0.03317000000000003
0.065,0.16499999999999995,0.025,0.0,0.03336499999999998
0.07,0.16499999999999995,0.025,0.0,0.033560000000000034
0.07500000000000001,0.16499999999999995,0.025,0.0,0.03375499999999998
0.08000000000000002,0.16499999999999995,0.025,0.0,0.033950000000000036
0.02,0.16499999999999995,0.03,0.013,0.03161000000000003
0.025,0.16499999999999995,0.03,0.0057,0.03180499999999997
0.030000000000000002,0.16499999999999995,0.03,0.0017,0.03200000000000003
0.035,0.16499999999999995,0.03,0.0007,0.032194999999999974
0.04000000000000001,0.16499999999999995,0.03,0.0002,0.03239000000000003
0.045000000000000005,0.16499999999999995,0.03,0.0001,0.032584999999999975
0.05,0.16499999999999995,0.03,0.0,0.03278000000000003
0.05500000000000001,0.16499999999999995,0.03,0.0,0.03297499999999998
0.06000000000000001,0.16499999999999995,0.03,0.0,0.03317000000000003
0.065,0.16499999999999995,0.03,0.0,0.03336499999999998
0.07,0.16499999999999995,0.03,0.0,0.033560000000000034
0.07500000000000001,0.16499999999999995,0.03,0.0,0.03375499999999998
0.08000000000000002,0.16499999999999995,0.03,0.0,0.033950000000000036
0.02,0.16499999999999995,0.035,0.013,0.03161000000000003
0.025,0.16499999999999995,0.035,0.0057,0.03180499999999997
0.030000000000000002,0.16499999999999995,0.035,0.0017,0.03200000000000003
0.035,0.16499999999999995,0.035,0.0007,0.032194999999999974
0.04000000000000001,0.16499999999999995,0.035,0.0002,0.03239000000000003
0.045000000000000005,0.16499999999999995,0.035,0.0001,0.032584999999999975
0.05,0.16499999999999995,0.035,0.0,0.03278000000000003
0.05500000000000001,0.16499999999999995,0.035,0.0,0.03297499999999998
0.06000000000000001,0.16499999999999995,0.035,0.0,0.03317000000000003
0.065,0.16499999999999995,0.035,0.0,0.03336499999999998
0.07,0.16499999999999995,0.035,0.0,0.033560000000000034
0.07500000000000001,0.16499999999999995,0.035,0.0,0.03375499999999998
0.08000000000000002,0.16499999999999995,0.035,0.0,0.033950000000000036
0.02,0.16999999999999993,-0.01,0.0169,0.03161000000000003
0.025,0.16999999999999993,-0.01,0.0075,0.03180499999999997
0.030000000000000002,0.16999999999999993,-0.01,0.0026,0.03200000000000003
0.035,0.16999999999999993,-0.01,0.0011,0.032194999999999974
0.04000000000000001,0.16999999999999993,-0.01,0.0005,0.03239000000000003
0.045000000000000005,0.16999999999999993,-0.01,0.0004,0.032584999999999975
0.05,0.16999999999999993,-0.01,0.0002,0.03278000000000003
0.05500000000000001,0.16999999999999993,-0.01,0.0002,0.03297499999999998
0.06000000000000001,0.16999999999999993,-0.01,0.0001,0.03317000000000003
0.065,0.16999999999999993,-0.01,0.0,0.03336499999999998
0.07,0.16999999999999993,-0.01,0.0,0.033560000000000034
0.07500000000000001,0.16999999999999993,-0.01,0.0,0.03375499999999998
0.08000000000000002,0.16999999999999993,-0.01,0.0,0.033950000000000036
0.02,0.16999999999999993,-0.005,0.0169,0.03161000000000003
0.025,0.16999999999999993,-0.005,0.0075,0.03180499999999997
0.030000000000000002,0.16999999999999993,-0.005,0.0026,0.03200000000000003
0.035,0.16999999999999993,-0.005,0.0011,0.032194999999999974
0.04000000000000001,0.16999999999999993,-0.005,0.0005,0.03239000000000003
0.045000000000000005,0.16999999999999993,-0.005,0.0004,0.032584999999999975
0.05,0.16999999999999993,-0.005,0.0002,0.03278000000000003
0.05500000000000001,0.16999999999999993,-0.005,0.0002,0.03297499999999998
0.06000000000000001,0.16999999999999993,-0.005,0.0001,0.03317000000000003
0.065,0.16999999999999993,-0.005,0.0,0.03336499999999998
0.07,0.16999999999999993,-0.005,0.0,0.033560000000000034
0.07500000000000001,0.16999999999999993,-0.005,0.0,0.03375499999999998
0.08000000000000002,0.16999999999999993,-0.005,0.0,0.033950000000000036
0.02,0.16999999999999993,0.0,0.0169,0.03161000000000003
0.025,0.16999999999999993,0.0,0.0075,0.03180499999999997
0.030000000000000002,0.16999999999999993,0.0,0.0026,0.03200000000000003
0.035,0.16999999999999993,0.0,0.0011,0.032194999999999974
0.04000000000000001,0.16999999999999993,0.0,0.0005,0.03239000000000003
0.045000000000000005,0.16999999999999993,0.0,0.0004,0.032584999999999975
0.05,0.16999999999999993,0.0,0.0002,0.03278000000000003
0.05500000000000001,0.16999999999999993,0.0,0.0002,0.03297499999999998
0.06000000000000001,0.16999999999999993,0.0,0.0001,0.03317000000000003
0.065,0.16999999999999993,0.0,0.0,0.03336499999999998
0.07,0.16999999999999993,0.0,0.0,0.033560000000000034
0.07500000000000001,0.16999999999999993,0.0,0.0,0.03375499999999998
0.08000000000000002,0.16999999999999993,0.0,0.0,0.033950000000000036
0.02,0.16999999999999993,0.005,0.0169,0.03161000000000003
0.025,0.16999999999999993,0.005,0.0075,0.03180499999999997
0.030000000000000002,0.16999999999999993,0.005,0.0026,0.03200000000000003
0.035,0.16999999999999993,0.005,0.0011,0.032194999999999974
0.04000000000000001,0.16999999999999993,0.005,0.0005,0.03239000000000003
0.045000000000000005,0.16999999999999993,0.005,0.0004,0.032584999999999975
0.05,0.16999999999999993,0.005,0.0002,0.03278000000000003
0.05500000000000001,0.16999999999999993,0.005,0.0002,0.03297499999999998
0.06000000000000001,0.16999999999999993,0.005,0.0001,0.03317000000000003
0.065,0.16999999999999993,0.005,0.0,0.03336499999999998
0.07,0.16999999999999993,0.005,0.0,0.033560000000000034
0.07500000000000001,0.16999999999999993,0.005,0.0,0.03375499999999998
0.08000000000000002,0.16999999999999993,0.005,0.0,0.033950000000000036
0.02,0.16999999999999993,0.01,0.0169,0.03161000000000003
0.025,0.16999999999999993,0.01,0.0075,0.03180499999999997
0.030000000000000002,0.16999999999999993,0.01,0.0026,0.03200000000000003
0.035,0.16999999999999993,0.01,0.0011,0.032194999999999974
0.04000000000000001,0.16999999999999993,0.01,0.0005,0.03239000000000003
0.045000000000000005,0.16999999999999993,0.01,0.0004,0.032584999999999975
0.05,0.16999999999999993,0.01,0.0002,0.03278000000000003
0.05500000000000001,0.16999999999999993,0.01,0.0002,0.03297499999999998
0.06000000000000001,0.16999999999999993,0.01,0.0001,0.03317000000000003
0.065,0.16999999999999993,0.01,0.0,0.03336499999999998
0.07,0.16999999999999993,0.01,0.0,0.033560000000000034
0.07500000000000001,0.16999999999999993,0.01,0.0,0.03375499999999998
0.08000000000000002,0.16999999999999993,0.01,0.0,0.033950000000000036
0.02,0.16999999999999993,0.015,0.0169,0.03161000000000003
0.025,0.16999999999999993,0.015,0.0075,0.03180499999999997
0.030000000000000002,0.16999999999999993,0.015,0.0026,0.03200000000000003
0.035,0.16999999999999993,0.015,0.0011,0.032194999999999974
0.04000000000000001,0.16999999999999993,0.015,0.0005,0.03239000000000003
0.045000000000000005,0.16999999999999993,0.015,0.0004,0.032584999999999975
0.05,0.16999999999999993,0.015,0.0002,0.03278000000000003
0.05500000000000001,0.16999999999999993,0.015,0.0002,0.03297499999999998
0.06000000000000001,0.16999999999999993,0.015,0.0001,0.03317000000000003
0.065,0.16999999999999993,0.015,0.0,0.03336499999999998
0.07,0.16999999999999993,0.015,0.0,0.033560000000000034
0.07500000000000001,0.16999999999999993,0.015,0.0,0.03375499999999998
0.08000000000000002,0.16999999999999993,0.015,0.0,0.033950000000000036
0.02,0.16999999999999993,0.02,0.013,0.03161000000000003
0.025,0.16999999999999993,0.02,0.0057,0.03180499999999997
0.030000000000000002,0.16999999999999993,0.02,0.0017,0.03200000000000003
0.035,0.16999999999999993,0.02,0.0007,0.032194999999999974
0.04000000000000001,0.16999999999999993,0.02,0.0002,0.03239000000000003
0.045000000000000005,0.16999999999999993,0.02,0.0001,0.032584999999999975
0.05,0.16999999999999993,0.02,0.0,0.03278000000000003
0.05500000000000001,0.16999999999999993,0.02,0.0,0.03297499999999998
0.06000000000000001,0.16999999999999993,0.02,0.0,0.03317000000000003
0.065,0.16999999999999993,0.02,0.0,0.03336499999999998
0.07,0.16999999999999993,0.02,0.0,0.033560000000000034
0.07500000000000001,0.16999999999999993,0.02,0.0,0.03375499999999998
0.08000000000000002,0.16999999999999993,0.02,0.0,0.033950000000000036
0.02,0.16999999999999993,0.025,0.013,0.03161000000000003
0.025,0.16999999999999993,0.025,0.0057,0.03180499999999997
0.030000000000000002,0.16999999999999993,0.025,0.0017,0.03200000000000003
0.035,0.16999999999999993,0.025,0.0007,0.032194999999999974
0.04000000000000001,0.16999999999999993,0.025,0.0002,0.03239000000000003
0.045000000000000005,0.16999999999999993,0.025,0.0001,0.032584999999999975
0.05,0.16999999999999993,0.025,0.0,0.03278000000000003
0.05500000000000001,0.16999999999999993,0.025,0.0,0.03297499999999998
0.06000000000000001,0.16999999999999993,0.025,0.0,0.03317000000000003
0.065,0.16999999999999993,0.025,0.0,0.03336499999999998
0.07,0.16999999999999993,0.025,0.0,0.033560000000000034
0.07500000000000001,0.16999999999999993,0.025,0.0,0.03375499999999998
0.08000000000000002,0.16999999999999993,0.025,0.0,0.033950000000000036
0.02,0.16999999999999993,0.03,0.013,0.03161000000000003
0.025,0.16999999999999993,0.03,0.0057,0.03180499999999997
0.030000000000000002,0.16999999999999993,0.03,0.0017,0.03200000000000003
0.035,0.16999999999999993,0.03,0.0007,0.032194999999999974
0.04000000000000001,0.16999999999999993,0.03,0.0002,0.03239000000000003
0.045000000000000005,0.16999999999999993,0.03,0.0001,0.032584999999999975
0.05,0.16999999999999993,0.03,0.0,0.03278000000000003
0.05500000000000001,0.16999999999999993,0.03,0.0,0.03297499999999998
0.06000000000000001,0.16999999999999993,0.03,0.0,0.03317000000000003
0.065,0.16999999999999993,0.03,0.0,0.03336499999999998
0.07,0.16999999999999993,0.03,0.0,0.033560000000000034
0.07500000000000001,0.16999999999999993,0.03,0.0,0.03375499999999998
0.08000000000000002,0.16999999999999993,0.03,0.0,0.033950000000000036
0.02,0.16999999999999993,0.035,0.013,0.03161000000000003
0.025,0.16999999999999993,0.035,0.0057,0.03180499999999997
0.030000000000000002,0.16999999999999993,0.035,0.0017,0.03200000000000003
0.035,0.16999999999999993,0.035,0.0007,0.032194999999999974
0.04000000000000001,0.16999999999999993,0.035,0.0002,0.03239000000000003
0.045000000000000005,0.16999999999999993,0.035,0.0001,0.032584999999999975
0.05,0.16999999999999993,0.035,0.0,0.03278000000000003
0.05500000000000001,0.16999999999999993,0.035,0.0,0.03297499999999998
0.06000000000000001,0.16999999999999993,0.035,0.0,0.03317000000000003
0.065,0.16999999999999993,0.035,0.0,0.03336499999999998
0.07,0.16999999999999993,0.035,0.0,0.033560000000000034
0.07500000000000001,0.16999999999999993,0.035,0.0,0.03375499999999998
0.08000000000000002,0.16999999999999993,0.035,0.0,0.033950000000000036
0.02,0.17499999999999993,-0.01,0.0169,0.03161000000000003
0.025,0.17499999999999993,-0.01,0.0075,0.03180499999999997
0.030000000000000002,0.17499999999999993,-0.01,0.0026,0.03200000000000003
0.035,0.17499999999999993,-0.01,0.0011,0.032194999999999974
0.04000000000000001,0.17499999999999993,-0.01,0.0005,0.03239000000000003
0.045000000000000005,0.17499999999999993,-0.01,0.0004,0.032584999999999975
0.05,0.17499999999999993,-0.01,0.0002,0.03278000000000003
0.05500000000000001,0.17499999999999993,-0.01,0.0002,0.03297499999999998
0.06000000000000001,0.17499999999999993,-0.01,0.0001,0.03317000000000003
0.065,0.17499999999999993,-0.01,0.0,0.03336499999999998
0.07,0.17499999999999993,-0.01,0.0,0.033560000000000034
0.07500000000000001,0.17499999999999993,-0.01,0.0,0.03375499999999998
0.08000000000000002,0.17499999999999993,-0.01,0.0,0.033950000000000036
0.02,0.17499999999999993,-0.005,0.0169,0.03161000000000003
0.025,0.17499999999999993,-0.005,0.0075,0.03180499999999997
0.030000000000000002,0.17499999999999993,-0.005,0.0026,0.03200000000000003
0.035,0.17499999999999993,-0.005,0.0011,0.032194999999999974
0.04000000000000001,0.17499999999999993,-0.005,0.0005,0.03239000000000003
0.045000000000000005,0.17499999999999993,-0.005,0.0004,0.032584999999999975
0.05,0.17499999999999993,-0.005,0.0002,0.03278000000000003
0.05500000000000001,0.17499999999999993,-0.005,0.0002,0.03297499999999998
0.06000000000000001,0.17499999999999993,-0.005,0.0001,0.03317000000000003
0.065,0.17499999999999993,-0.005,0.0,0.03336499999999998
0.07,0.17499999999999993,-0.005,0.0,0.033560000000000034
0.07500000000000001,0.17499999999999993,-0.005,0.0,0.03375499999999998
0.08000000000000002,0.17499999999999993,-0.005,0.0,0.033950000000000036
0.02,0.17499999999999993,0.0,0.0169,0.03161000000000003
0.025,0.17499999999999993,0.0,0.0075,0.03180499999999997
0.030000000000000002,0.17499999999999993,0.0,0.0026,0.03200000000000003
0.035,0.17499999999999993,0.0,0.0011,0.032194999999999974
0.04000000000000001,0.17499999999999993,0.0,0.0005,0.03239000000000003
0.045000000000000005,0.17499999999999993,0.0,0.0004,0.032584999999999975
0.05,0.17499999999999993,0.0,0.0002,0.03278000000000003
0.05500000000000001,0.17499999999999993,0.0,0.0002,0.03297499999999998
0.06000000000000001,0.17499999999999993,0.0,0.0001,0.03317000000000003
0.065,0.17499999999999993,0.0,0.0,0.03336499999999998
0.07,0.17499999999999993,0.0,0.0,0.033560000000000034
0.07500000000000001,0.17499999999999993,0.0,0.0,0.03375499999999998
0.08000000000000002,0.17499999999999993,0.0,0.0,0.033950000000000036
0.02,0.17499999999999993,0.005,0.0169,0.03161000000000003
0.025,0.17499999999999993,0.005,0.0075,0.03180499999999997
0.030000000000000002,0.17499999999999993,0.005,0.0026,0.03200000000000003
0.035,0.17499999999999993,0.005,0.0011,0.032194999999999974
0.04000000000000001,0.17499999999999993,0.005,0.0005,0.03239000000000003
0.045000000000000005,0.17499999999999993,0.005,0.0004,0.032584999999999975
0.05,0.17499999999999993,0.005,0.0002,0.03278000000000003
0.05500000000000001,0.17499999999999993,0.005,0.0002,0.03297499999999998
0.06000000000000001,0.17499999999999993,0.005,0.0001,0.03317000000000003
0.065,0.17499999999999993,0.005,0.0,0.03336499999999998
0.07,0.17499999999999993,0.005,0.0,0.033560000000000034
0.07500000000000001,0.17499999999999993,0.005,0.0,0.03375499999999998
0.08000000000000002,0.17499999999999993,0.005,0.0,0.033950000000000036
0.02,0.17499999999999993,0.01,0.0169,0.03161000000000003
0.025,0.17499999999999993,0.01,0.0075,0.03180499999999997
0.030000000000000002,0.17499999999999993,0.01,0.0026,0.03200000000000003
0.035,0.17499999999999993,0.01,0.0011,0.032194999999999974
0.04000000000000001,0.17499999999999993,0.01,0.0005,0.03239000000000003
0.045000000000000005,0.17499999999999993,0.01,0.0004,0.032584999999999975
0.05,0.17499999999999993,0.01,0.0002,0.03278000000000003
0.05500000000000001,0.17499999999999993,0.01,0.0002,0.03297499999999998
0.06000000000000001,0.17499999999999993,0.01,0.0001,0.03317000000000003
0.065,0.17499999999999993,0.01,0.0,0.03336499999999998
0.07,0.17499999999999993,0.01,0.0,0.033560000000000034
0.07500000000000001,0.17499999999999993,0.01,0.0,0.03375499999999998
0.08000000000000002,0.17499999999999993,0.01,0.0,0.033950000000000036
0.02,0.17499999999999993,0.015,0.0169,0.03161000000000003
0.025,0.17499999999999993,0.015,0.0075,0.03180499999999997
0.030000000000000002,0.17499999999999993,0.015,0.0026,0.03200000000000003
0.035,0.17499999999999993,0.015,0.0011,0.032194999999999974
0.04000000000000001,0.17499999999999993,0.015,0.0005,0.03239000000000003
0.045000000000000005,0.17499999999999993,0.015,0.0004,0.032584999999999975
0.05,0.17499999999999993,0.015,0.0002,0.03278000000000003
0.05500000000000001,0.17499999999999993,0.015,0.0002,0.03297499999999998
0.06000000000000001,0.17499999999999993,0.015,0.0001,0.03317000000000003
0.065,0.17499999999999993,0.015,0.0,0.03336499999999998
0.07,0.17499999999999993,0.015,0.0,0.033560000000000034
0.07500000000000001,0.17499999999999993,0.015,0.0,0.03375499999999998
0.08000000000000002,0.17499999999999993,0.015,0.0,0.033950000000000036
0.02,0.17499999999999993,0.02,0.013,0.03161000000000003
0.025,0.17499999999999993,0.02,0.0057,0.03180499999999997
0.030000000000000002,0.17499999999999993,0.02,0.0017,0.03200000000000003
0.035,0.17499999999999993,0.02,0.0007,0.032194999999999974
0.04000000000000001,0.17499999999999993,0.02,0.0002,0.03239000000000003
0.045000000000000005,0.17499999999999993,0.02,0.0001,0.032584999999999975
0.05,0.17499999999999993,0.02,0.0,0.03278000000000003
0.05500000000000001,0.17499999999999993,0.02,0.0,0.03297499999999998
0.06000000000000001,0.17499999999999993,0.02,0.0,0.03317000000000003
0.065,0.17499999999999993,0.02,0.0,0.03336499999999998
0.07,0.17499999999999993,0.02,0.0,0.033560000000000034
0.07500000000000001,0.17499999999999993,0.02,0.0,0.03375499999999998
0.08000000000000002,0.17499999999999993,0.02,0.0,0.033950000000000036
0.02,0.17499999999999993,0.025,0.013,0.03161000000000003
0.025,0.17499999999999993,0.025,0.0057,0.03180499999999997
0.030000000000000002,0.17499999999999993,0.025,0.0017,0.03200000000000003
0.035,0.17499999999999993,0.025,0.0007,0.032194999999999974
0.04000000000000001,0.17499999999999993,0.025,0.0002,0.03239000000000003
0.045000000000000005,0.17499999999999993,0.025,0.0001,0.032584999999999975
0.05,0.17499999999999993,0.025,0.0,0.03278000000000003
0.05500000000000001,0.17499999999999993,0.025,0.0,0.03297499999999998
0.06000000000000001,0.17499999999999993,0.025,0.0,0.03317000000000003
0.065,0.17499999999999993,0.025,0.0,0.03336499999999998
0.07,0.17499999999999993,0.025,0.0,0.033560000000000034
0.07500000000000001,0.17499999999999993,0.025,0.0,0.03375499999999998
0.08000000000000002,0.17499999999999993,0.025,0.0,0.033950000000000036
0.02,0.17499999999999993,0.03,0.013,0.03161000000000003
0.025,0.17499999999999993,0.03,0.0057,0.03180499999999997
0.030000000000000002,0.17499999999999993,0.03,0.0017,0.03200000000000003
0.035,0.17499999999999993,0.03,0.0007,0.032194999999999974
0.04000000000000001,0.17499999999999993,0.03,0.0002,0.03239000000000003
0.045000000000000005,0.17499999999999993,0.03,0.0001,0.032584999999999975
0.05,0.17499999999999993,0.03,0.0,0.03278000000000003
0.05500000000000001,0.17499999999999993,0.03,0.0,0.03297499999999998
0.06000000000000001,0.17499999999999993,0.03,0.0,0.03317000000000003
0.065,0.17499999999999993,0.03,0.0,0.03336499999999998
0.07,0.17499999999999993,0.03,0.0,0.033560000000000034
0.07500000000000001,0.17499999999999993,0.03,0.0,0.03375499999999998
0.08000000000000002,0.17499999999999993,0.03,0.0,0.033950000000000036
0.02,0.17499999999999993,0.035,0.013,0.03161000000000003
0.025,0.17499999999999993,0.035,0.0057,0.03180499999999997
0.030000000000000002,0.17499999999999993,0.035,0.0017,0.03200000000000003
0.035,0.17499999999999993,0.035,0.0007,0.032194999999999974
0.04000000000000001,0.17499999999999993,0.035,0.0002,0.03239000000000003
0.045000000000000005,0.17499999999999993,0.035,0.0001,0.032584999999999975
0.05,0.17499999999999993,0.035,0.0,0.03278000000000003
0.05500000000000001,0.17499999999999993,0.035,0.0,0.03297499999999998
0.06000000000000001,0.17499999999999993,0.035,0.0,0.03317000000000003
0.065,0.17499999999999993,0.035,0.0,0.03336499999999998
0.07,0.17499999999999993,0.035,0.0,0.033560000000000034
0.07500000000000001,0.17499999999999993,0.035,0.0,0.03375499999999998
0.08000000000000002,0.17499999999999993,0.035,0.0,0.033950000000000036
