Market_Rate,Friction,Rate_Velocity,CPR_US,CPR_Danish
0.02,0.05,-0.01,0.7846,0.7846
0.025,0.05,-0.01,0.7148,0.7173
0.030000000000000002,0.05,-0.01,0.6401,0.6594
0.035,0.05,-0.01,0.5376,0.6198
0.04000000000000001,0.05,-0.01,0.4389,0.5942
0.045000000000000005,0.05,-0.01,0.3502,0.5778
0.05,0.05,-0.01,0.2768,0.5687
0.05500000000000001,0.05,-0.01,0.2136,0.5637
0.06000000000000001,0.05,-0.01,0.1652,0.5609
0.065,0.05,-0.01,0.1265,0.5581
0.07,0.05,-0.01,0.0932,0.5551
0.07500000000000001,0.05,-0.01,0.0703,0.5531
0.08000000000000002,0.05,-0.01,0.0544,0.5513
0.02,0.05,-0.005,0.7846,0.7846
0.025,0.05,-0.005,0.7148,0.7173
0.030000000000000002,0.05,-0.005,0.6401,0.6594
0.035,0.05,-0.005,0.5376,0.6198
0.04000000000000001,0.05,-0.005,0.4389,0.5942
0.045000000000000005,0.05,-0.005,0.3502,0.5778
0.05,0.05,-0.005,0.2768,0.5687
0.05500000000000001,0.05,-0.005,0.2136,0.5637
0.06000000000000001,0.05,-0.005,0.1652,0.5609
0.065,0.05,-0.005,0.1265,0.5581
0.07,0.05,-0.005,0.0932,0.5551
0.07500000000000001,0.05,-0.005,0.0703,0.5531
0.08000000000000002,0.05,-0.005,0.0544,0.5513
0.02,0.05,0.0,0.7846,0.7846
0.025,0.05,0.0,0.7148,0.7173
0.030000000000000002,0.05,0.0,0.6401,0.6594
0.035,0.05,0.0,0.5376,0.6198
0.04000000000000001,0.05,0.0,0.4389,0.5942
0.045000000000000005,0.05,0.0,0.3502,0.5778
0.05,0.05,0.0,0.2768,0.5687
0.05500000000000001,0.05,0.0,0.2136,0.5637
0.06000000000000001,0.05,0.0,0.1652,0.5609
0.065,0.05,0.0,0.1265,0.5581
0.07,0.05,0.0,0.0932,0.5551
0.07500000000000001,0.05,0.0,0.0703,0.5531
0.08000000000000002,0.05,0.0,0.0544,0.5513
0.02,0.05,0.005,0.7846,0.7846
0.025,0.05,0.005,0.7148,0.7173
0.030000000000000002,0.05,0.005,0.6401,0.6594
0.035,0.05,0.005,0.5376,0.6198
0.04000000000000001,0.05,0.005,0.4389,0.5942
0.045000000000000005,0.05,0.005,0.3502,0.5778
0.05,0.05,0.005,0.2768,0.5687
0.05500000000000001,0.05,0.005,0.2136,0.5637
0.06000000000000001,0.05,0.005,0.1652,0.5609
0.065,0.05,0.005,0.1265,0.5581
0.07,0.05,0.005,0.0932,0.5551
0.07500000000000001,0.05,0.005,0.0703,0.5531
0.08000000000000002,0.05,0.005,0.0544,0.5513
0.02,0.05,0.01,0.7846,0.7846
0.025,0.05,0.01,0.7148,0.7173
0.030000000000000002,0.05,0.01,0.6401,0.6594
0.035,0.05,0.01,0.5376,0.6198
0.04000000000000001,0.05,0.01,0.4389,0.5942
0.045000000000000005,0.05,0.01,0.3502,0.5778
0.05,0.05,0.01,0.2768,0.5687
0.05500000000000001,0.05,0.01,0.2136,0.5637
0.06000000000000001,0.05,0.01,0.1652,0.5609
0.065,0.05,0.01,0.1265,0.5581
0.07,0.05,0.01,0.0932,0.5551
0.07500000000000001,0.05,0.01,0.0703,0.5531
0.08000000000000002,0.05,0.01,0.0544,0.5513
0.02,0.05,0.015,0.7846,0.7846
0.025,0.05,0.015,0.7148,0.7173
0.030000000000000002,0.05,0.015,0.6401,0.6594
0.035,0.05,0.015,0.5376,0.6198
0.04000000000000001,0.05,0.015,0.4389,0.5942
0.045000000000000005,0.05,0.015,0.3502,0.5778
0.05,0.05,0.015,0.2768,0.5687
0.05500000000000001,0.05,0.015,0.2136,0.5637
0.06000000000000001,0.05,0.015,0.1652,0.5609
0.065,0.05,0.015,0.1265,0.5581
0.07,0.05,0.015,0.0932,0.5551
0.07500000000000001,0.05,0.015,0.0703,0.5531
0.08000000000000002,0.05,0.015,0.0544,0.5513
0.02,0.05,0.02,0.6252,0.6252
0.025,0.05,0.02,0.5687,0.5709
0.030000000000000002,0.05,0.02,0.5071,0.5236
0.035,0.05,0.02,0.4268,0.492
0.04000000000000001,0.05,0.02,0.3467,0.4713
0.045000000000000005,0.05,0.02,0.2763,0.459
0.05,0.05,0.02,0.2181,0.452
0.05500000000000001,0.05,0.02,0.1678,0.4477
0.06000000000000001,0.05,0.02,0.1309,0.4456
0.065,0.05,0.02,0.0995,0.4432
0.07,0.05,0.02,0.074,0.4408
0.07500000000000001,0.05,0.02,0.0557,0.4391
0.08000000000000002,0.05,0.02,0.0437,0.4376
0.02,0.05,0.025,0.6252,0.6252
0.025,0.05,0.025,0.5687,0.5709
0.030000000000000002,0.05,0.025,0.5071,0.5236
0.035,0.05,0.025,0.4268,0.492
0.04000000000000001,0.05,0.025,0.3467,0.4713
0.045000000000000005,0.05,0.025,0.2763,0.459
0.05,0.05,0.025,0.2181,0.452
0.05500000000000001,0.05,0.025,0.1678,0.4477
0.06000000000000001,0.05,0.025,0.1309,0.4456
0.065,0.05,0.025,0.0995,0.4432
0.07,0.05,0.025,0.074,0.4408
0.07500000000000001,0.05,0.025,0.0557,0.4391
0.08000000000000002,0.05,0.025,0.0437,0.4376
0.02,0.05,0.03,0.6252,0.6252
0.025,0.05,0.03,0.5687,0.5709
0.030000000000000002,0.05,0.03,0.5071,0.5236
0.035,0.05,0.03,0.4268,0.492
0.04000000000000001,0.05,0.03,0.3467,0.4713
0.045000000000000005,0.05,0.03,0.2763,0.459
0.05,0.05,0.03,0.2181,0.452
0.05500000000000001,0.05,0.03,0.1678,0.4477
0.06000000000000001,0.05,0.03,0.1309,0.4456
0.065,0.05,0.03,0.0995,0.4432
0.07,0.05,0.03,0.074,0.4408
0.07500000000000001,0.05,0.03,0.0557,0.4391
0.08000000000000002,0.05,0.03,0.0437,0.4376
0.02,0.05,0.035,0.6252,0.6252
0.025,0.05,0.035,0.5687,0.5709
0.030000000000000002,0.05,0.035,0.5071,0.5236
0.035,0.05,0.035,0.4268,0.492
0.04000000000000001,0.05,0.035,0.3467,0.4713
0.045000000000000005,0.05,0.035,0.2763,0.459
0.05,0.05,0.035,0.2181,0.452
0.05500000000000001,0.05,0.035,0.1678,0.4477
0.06000000000000001,0.05,0.035,0.1309,0.4456
0.065,0.05,0.035,0.0995,0.4432
0.07,0.05,0.035,0.074,0.4408
0.07500000000000001,0.05,0.035,0.0557,0.4391
0.08000000000000002,0.05,0.035,0.0437,0.4376
0.02,0.055,-0.01,0.7557,0.7557
0.025,0.055,-0.01,0.6897,0.6916
0.030000000000000002,0.055,-0.01,0.6125,0.6334
0.035,0.055,-0.01,0.5111,0.5909
0.04000000000000001,0.055,-0.01,0.4157,0.5657
0.045000000000000005,0.055,-0.01,0.3324,0.549
0.05,0.055,-0.01,0.2641,0.5385
0.05500000000000001,0.055,-0.01,0.2041,0.535
0.06000000000000001,0.055,-0.01,0.1574,0.5321
0.065,0.055,-0.01,0.1199,0.5294
0.07,0.055,-0.01,0.0887,0.5266
0.07500000000000001,0.055,-0.01,0.0682,0.5249
0.08000000000000002,0.055,-0.01,0.0522,0.5223
0.02,0.055,-0.005,0.7557,0.7557
0.025,0.055,-0.005,0.6897,0.6916
0.030000000000000002,0.055,-0.005,0.6125,0.6334
0.035,0.055,-0.005,0.5111,0.5909
0.04000000000000001,0.055,-0.005,0.4157,0.5657
0.045000000000000005,0.055,-0.005,0.3324,0.549
0.05,0.055,-0.005,0.2641,0.5385
0.05500000000000001,0.055,-0.005,0.2041,0.535
0.06000000000000001,0.055,-0.005,0.1574,0.5321
0.065,0.055,-0.005,0.1199,0.5294
0.07,0.055,-0.005,0.0887,0.5266
0.07500000000000001,0.055,-0.005,0.0682,0.5249
0.08000000000000002,0.055,-0.005,0.0522,0.5223
0.02,0.055,0.0,0.7557,0.7557
0.025,0.055,0.0,0.6897,0.6916
0.030000000000000002,0.055,0.0,0.6125,0.6334
0.035,0.055,0.0,0.5111,0.5909
0.04000000000000001,0.055,0.0,0.4157,0.5657
0.045000000000000005,0.055,0.0,0.3324,0.549
0.05,0.055,0.0,0.2641,0.5385
0.05500000000000001,0.055,0.0,0.2041,0.535
0.06000000000000001,0.055,0.0,0.1574,0.5321
0.065,0.055,0.0,0.1199,0.5294
0.07,0.055,0.0,0.0887,0.5266
0.07500000000000001,0.055,0.0,0.0682,0.5249
0.08000000000000002,0.055,0.0,0.0522,0.5223
0.02,0.055,0.005,0.7557,0.7557
0.025,0.055,0.005,0.6897,0.6916
0.030000000000000002,0.055,0.005,0.6125,0.6334
0.035,0.055,0.005,0.5111,0.5909
0.04000000000000001,0.055,0.005,0.4157,0.5657
0.045000000000000005,0.055,0.005,0.3324,0.549
0.05,0.055,0.005,0.2641,0.5385
0.05500000000000001,0.055,0.005,0.2041,0.535
0.06000000000000001,0.055,0.005,0.1574,0.5321
0.065,0.055,0.005,0.1199,0.5294
0.07,0.055,0.005,0.0887,0.5266
0.07500000000000001,0.055,0.005,0.0682,0.5249
0.08000000000000002,0.055,0.005,0.0522,0.5223
0.02,0.055,0.01,0.7557,0.7557
0.025,0.055,0.01,0.6897,0.6916
0.030000000000000002,0.055,0.01,0.6125,0.6334
0.035,0.055,0.01,0.5111,0.5909
0.04000000000000001,0.055,0.01,0.4157,0.5657
0.045000000000000005,0.055,0.01,0.3324,0.549
0.05,0.055,0.01,0.2641,0.5385
0.05500000000000001,0.055,0.01,0.2041,0.535
0.06000000000000001,0.055,0.01,0.1574,0.5321
0.065,0.055,0.01,0.1199,0.5294
0.07,0.055,0.01,0.0887,0.5266
0.07500000000000001,0.055,0.01,0.0682,0.5249
0.08000000000000002,0.055,0.01,0.0522,0.5223
0.02,0.055,0.015,0.7557,0.7557
0.025,0.055,0.015,0.6897,0.6916
0.030000000000000002,0.055,0.015,0.6125,0.6334
0.035,0.055,0.015,0.5111,0.5909
0.04000000000000001,0.055,0.015,0.4157,0.5657
0.045000000000000005,0.055,0.015,0.3324,0.549
0.05,0.055,0.015,0.2641,0.5385
0.05500000000000001,0.055,0.015,0.2041,0.535
0.06000000000000001,0.055,0.015,0.1574,0.5321
0.065,0.055,0.015,0.1199,0.5294
0.07,0.055,0.015,0.0887,0.5266
0.07500000000000001,0.055,0.015,0.0682,0.5249
0.08000000000000002,0.055,0.015,0.0522,0.5223
0.02,0.055,0.02,0.601,0.601
0.025,0.055,0.02,0.5481,0.5499
0.030000000000000002,0.055,0.02,0.4862,0.5027
0.035,0.055,0.02,0.4062,0.4692
0.04000000000000001,0.055,0.02,0.3273,0.4484
0.045000000000000005,0.055,0.02,0.2634,0.436
0.05,0.055,0.02,0.2076,0.4274
0.05500000000000001,0.055,0.02,0.1602,0.4244
0.06000000000000001,0.055,0.02,0.1253,0.4221
0.065,0.055,0.02,0.0949,0.4198
0.07,0.055,0.02,0.0708,0.4178
0.07500000000000001,0.055,0.02,0.0539,0.4165
0.08000000000000002,0.055,0.02,0.0424,0.4144
0.02,0.055,0.025,0.601,0.601
0.025,0.055,0.025,0.5481,0.5499
0.030000000000000002,0.055,0.025,0.4862,0.5027
0.035,0.055,0.025,0.4062,0.4692
0.04000000000000001,0.055,0.025,0.3273,0.4484
0.045000000000000005,0.055,0.025,0.2634,0.436
0.05,0.055,0.025,0.2076,0.4274
0.05500000000000001,0.055,0.025,0.1602,0.4244
0.06000000000000001,0.055,0.025,0.1253,0.4221
0.065,0.055,0.025,0.0949,0.4198
0.07,0.055,0.025,0.0708,0.4178
0.07500000000000001,0.055,0.025,0.0539,0.4165
0.08000000000000002,0.055,0.025,0.0424,0.4144
0.02,0.055,0.03,0.601,0.601
0.025,0.055,0.03,0.5481,0.5499
0.030000000000000002,0.055,0.03,0.4862,0.5027
0.035,0.055,0.03,0.4062,0.4692
0.04000000000000001,0.055,0.03,0.3273,0.4484
0.045000000000000005,0.055,0.03,0.2634,0.436
0.05,0.055,0.03,0.2076,0.4274
0.05500000000000001,0.055,0.03,0.1602,0.4244
0.06000000000000001,0.055,0.03,0.1253,0.4221
0.065,0.055,0.03,0.0949,0.4198
0.07,0.055,0.03,0.0708,0.4178
0.07500000000000001,0.055,0.03,0.0539,0.4165
0.08000000000000002,0.055,0.03,0.0424,0.4144
0.02,0.055,0.035,0.601,0.601
0.025,0.055,0.035,0.5481,0.5499
0.030000000000000002,0.055,0.035,0.4862,0.5027
0.035,0.055,0.035,0.4062,0.4692
0.04000000000000001,0.055,0.035,0.3273,0.4484
0.045000000000000005,0.055,0.035,0.2634,0.436
0.05,0.055,0.035,0.2076,0.4274
0.05500000000000001,0.055,0.035,0.1602,0.4244
0.06000000000000001,0.055,0.035,0.1253,0.4221
0.065,0.055,0.035,0.0949,0.4198
0.07,0.055,0.035,0.0708,0.4178
0.07500000000000001,0.055,0.035,0.0539,0.4165
0.08000000000000002,0.055,0.035,0.0424,0.4144
0.02,0.06,-0.01,0.7264,0.7266
0.025,0.06,-0.01,0.6586,0.6612
0.030000000000000002,0.06,-0.01,0.5804,0.6005
0.035,0.06,-0.01,0.487,0.5598
0.04000000000000001,0.06,-0.01,0.397,0.5343
0.045000000000000005,0.06,-0.01,0.3166,0.518
0.05,0.06,-0.01,0.2516,0.51
0.05500000000000001,0.06,-0.01,0.1962,0.5053
0.06000000000000001,0.06,-0.01,0.1501,0.5026
0.065,0.06,-0.01,0.1132,0.4996
0.07,0.06,-0.01,0.0844,0.4978
0.07500000000000001,0.06,-0.01,0.0657,0.4956
0.08000000000000002,0.06,-0.01,0.0496,0.4936
0.02,0.06,-0.005,0.7264,0.7266
0.025,0.06,-0.005,0.6586,0.6612
0.030000000000000002,0.06,-0.005,0.5804,0.6005
0.035,0.06,-0.005,0.487,0.5598
0.04000000000000001,0.06,-0.005,0.397,0.5343
0.045000000000000005,0.06,-0.005,0.3166,0.518
0.05,0.06,-0.005,0.2516,0.51
0.05500000000000001,0.06,-0.005,0.1962,0.5053
0.06000000000000001,0.06,-0.005,0.1501,0.5026
0.065,0.06,-0.005,0.1132,0.4996
0.07,0.06,-0.005,0.0844,0.4978
0.07500000000000001,0.06,-0.005,0.0657,0.4956
0.08000000000000002,0.06,-0.005,0.0496,0.4936
0.02,0.06,0.0,0.7264,0.7266
0.025,0.06,0.0,0.6586,0.6612
0.030000000000000002,0.06,0.0,0.5804,0.6005
0.035,0.06,0.0,0.487,0.5598
0.04000000000000001,0.06,0.0,0.397,0.5343
0.045000000000000005,0.06,0.0,0.3166,0.518
0.05,0.06,0.0,0.2516,0.51
0.05500000000000001,0.06,0.0,0.1962,0.5053
0.06000000000000001,0.06,0.0,0.1501,0.5026
0.065,0.06,0.0,0.1132,0.4996
0.07,0.06,0.0,0.0844,0.4978
0.07500000000000001,0.06,0.0,0.0657,0.4956
0.08000000000000002,0.06,0.0,0.0496,0.4936
0.02,0.06,0.005,0.7264,0.7266
0.025,0.06,0.005,0.6586,0.6612
0.030000000000000002,0.06,0.005,0.5804,0.6005
0.035,0.06,0.005,0.487,0.5598
0.04000000000000001,0.06,0.005,0.397,0.5343
0.045000000000000005,0.06,0.005,0.3166,0.518
0.05,0.06,0.005,0.2516,0.51
0.05500000000000001,0.06,0.005,0.1962,0.5053
0.06000000000000001,0.06,0.005,0.1501,0.5026
0.065,0.06,0.005,0.1132,0.4996
0.07,0.06,0.005,0.0844,0.4978
0.07500000000000001,0.06,0.005,0.0657,0.4956
0.08000000000000002,0.06,0.005,0.0496,0.4936
0.02,0.06,0.01,0.7264,0.7266
0.025,0.06,0.01,0.6586,0.6612
0.030000000000000002,0.06,0.01,0.5804,0.6005
0.035,0.06,0.01,0.487,0.5598
0.04000000000000001,0.06,0.01,0.397,0.5343
0.045000000000000005,0.06,0.01,0.3166,0.518
0.05,0.06,0.01,0.2516,0.51
0.05500000000000001,0.06,0.01,0.1962,0.5053
0.06000000000000001,0.06,0.01,0.1501,0.5026
0.065,0.06,0.01,0.1132,0.4996
0.07,0.06,0.01,0.0844,0.4978
0.07500000000000001,0.06,0.01,0.0657,0.4956
0.08000000000000002,0.06,0.01,0.0496,0.4936
0.02,0.06,0.015,0.7264,0.7266
0.025,0.06,0.015,0.6586,0.6612
0.030000000000000002,0.06,0.015,0.5804,0.6005
0.035,0.06,0.015,0.487,0.5598
0.04000000000000001,0.06,0.015,0.397,0.5343
0.045000000000000005,0.06,0.015,0.3166,0.518
0.05,0.06,0.015,0.2516,0.51
0.05500000000000001,0.06,0.015,0.1962,0.5053
0.06000000000000001,0.06,0.015,0.1501,0.5026
0.065,0.06,0.015,0.1132,0.4996
0.07,0.06,0.015,0.0844,0.4978
0.07500000000000001,0.06,0.015,0.0657,0.4956
0.08000000000000002,0.06,0.015,0.0496,0.4936
0.02,0.06,0.02,0.5773,0.5775
0.025,0.06,0.02,0.522,0.5242
0.030000000000000002,0.06,0.02,0.4613,0.4765
0.035,0.06,0.02,0.3869,0.4444
0.04000000000000001,0.06,0.02,0.3125,0.4241
0.045000000000000005,0.06,0.02,0.2509,0.4118
0.05,0.06,0.02,0.1978,0.4054
0.05500000000000001,0.06,0.02,0.1538,0.4018
0.06000000000000001,0.06,0.02,0.1193,0.3997
0.065,0.06,0.02,0.0898,0.3971
0.07,0.06,0.02,0.0669,0.3958
0.07500000000000001,0.06,0.02,0.0519,0.3941
0.08000000000000002,0.06,0.02,0.0402,0.3922
0.02,0.06,0.025,0.5773,0.5775
0.025,0.06,0.025,0.522,0.5242
0.030000000000000002,0.06,0.025,0.4613,0.4765
0.035,0.06,0.025,0.3869,0.4444
0.04000000000000001,0.06,0.025,0.3125,0.4241
0.045000000000000005,0.06,0.025,0.2509,0.4118
0.05,0.06,0.025,0.1978,0.4054
0.05500000000000001,0.06,0.025,0.1538,0.4018
0.06000000000000001,0.06,0.025,0.1193,0.3997
0.065,0.06,0.025,0.0898,0.3971
0.07,0.06,0.025,0.0669,0.3958
0.07500000000000001,0.06,0.025,0.0519,0.3941
0.08000000000000002,0.06,0.025,0.0402,0.3922
0.02,0.06,0.03,0.5773,0.5775
0.025,0.06,0.03,0.522,0.5242
0.030000000000000002,0.06,0.03,0.4613,0.4765
0.035,0.06,0.03,0.3869,0.4444
0.04000000000000001,0.06,0.03,0.3125,0.4241
0.045000000000000005,0.06,0.03,0.2509,0.4118
0.05,0.06,0.03,0.1978,0.4054
0.05500000000000001,0.06,0.03,0.1538,0.4018
0.06000000000000001,0.06,0.03,0.1193,0.3997
0.065,0.06,0.03,0.0898,0.3971
0.07,0.06,0.03,0.0669,0.3958
0.07500000000000001,0.06,0.03,0.0519,0.3941
0.08000000000000002,0.06,0.03,0.0402,0.3922
0.02,0.06,0.035,0.5773,0.5775
0.025,0.06,0.035,0.522,0.5242
0.030000000000000002,0.06,0.035,0.4613,0.4765
0.035,0.06,0.035,0.3869,0.4444
0.04000000000000001,0.06,0.035,0.3125,0.4241
0.045000000000000005,0.06,0.035,0.2509,0.4118
0.05,0.06,0.035,0.1978,0.4054
0.05500000000000001,0.06,0.035,0.1538,0.4018
0.06000000000000001,0.06,0.035,0.1193,0.3997
0.065,0.06,0.035,0.0898,0.3971
0.07,0.06,0.035,0.0669,0.3958
0.07500000000000001,0.06,0.035,0.0519,0.3941
0.08000000000000002,0.06,0.035,0.0402,0.3922
0.02,0.065,-0.01,0.6995,0.6996
0.025,0.065,-0.01,0.6323,0.6339
0.030000000000000002,0.065,-0.01,0.5512,0.5676
0.035,0.065,-0.01,0.4633,0.5305
0.04000000000000001,0.065,-0.01,0.3761,0.5054
0.045000000000000005,0.065,-0.01,0.3014,0.4899
0.05,0.065,-0.01,0.2394,0.4833
0.05500000000000001,0.065,-0.01,0.186,0.4794
0.06000000000000001,0.065,-0.01,0.1423,0.4766
0.065,0.065,-0.01,0.1079,0.4746
0.07,0.065,-0.01,0.08,0.4724
0.07500000000000001,0.065,-0.01,0.0628,0.4701
0.08000000000000002,0.065,-0.01,0.0478,0.4683
0.02,0.065,-0.005,0.6995,0.6996
0.025,0.065,-0.005,0.6323,0.6339
0.030000000000000002,0.065,-0.005,0.5512,0.5676
0.035,0.065,-0.005,0.4633,0.5305
0.04000000000000001,0.065,-0.005,0.3761,0.5054
0.045000000000000005,0.065,-0.005,0.3014,0.4899
0.05,0.065,-0.005,0.2394,0.4833
0.05500000000000001,0.065,-0.005,0.186,0.4794
0.06000000000000001,0.065,-0.005,0.1423,0.4766
0.065,0.065,-0.005,0.1079,0.4746
0.07,0.065,-0.005,0.08,0.4724
0.07500000000000001,0.065,-0.005,0.0628,0.4701
0.08000000000000002,0.065,-0.005,0.0478,0.4683
0.02,0.065,0.0,0.6995,0.6996
0.025,0.065,0.0,0.6323,0.6339
0.030000000000000002,0.065,0.0,0.5512,0.5676
0.035,0.065,0.0,0.4633,0.5305
0.04000000000000001,0.065,0.0,0.3761,0.5054
0.045000000000000005,0.065,0.0,0.3014,0.4899
0.05,0.065,0.0,0.2394,0.4833
0.05500000000000001,0.065,0.0,0.186,0.4794
0.06000000000000001,0.065,0.0,0.1423,0.4766
0.065,0.065,0.0,0.1079,0.4746
0.07,0.065,0.0,0.08,0.4724
0.07500000000000001,0.065,0.0,0.0628,0.4701
0.08000000000000002,0.065,0.0,0.0478,0.4683
0.02,0.065,0.005,0.6995,0.6996
0.025,0.065,0.005,0.6323,0.6339
0.030000000000000002,0.065,0.005,0.5512,0.5676
0.035,0.065,0.005,0.4633,0.5305
0.04000000000000001,0.065,0.005,0.3761,0.5054
0.045000000000000005,0.065,0.005,0.3014,0.4899
0.05,0.065,0.005,0.2394,0.4833
0.05500000000000001,0.065,0.005,0.186,0.4794
0.06000000000000001,0.065,0.005,0.1423,0.4766
0.065,0.065,0.005,0.1079,0.4746
0.07,0.065,0.005,0.08,0.4724
0.07500000000000001,0.065,0.005,0.0628,0.4701
0.08000000000000002,0.065,0.005,0.0478,0.4683
0.02,0.065,0.01,0.6995,0.6996
0.025,0.065,0.01,0.6323,0.6339
0.030000000000000002,0.065,0.01,0.5512,0.5676
0.035,0.065,0.01,0.4633,0.5305
0.04000000000000001,0.065,0.01,0.3761,0.5054
0.045000000000000005,0.065,0.01,0.3014,0.4899
0.05,0.065,0.01,0.2394,0.4833
0.05500000000000001,0.065,0.01,0.186,0.4794
0.06000000000000001,0.065,0.01,0.1423,0.4766
0.065,0.065,0.01,0.1079,0.4746
0.07,0.065,0.01,0.08,0.4724
0.07500000000000001,0.065,0.01,0.0628,0.4701
0.08000000000000002,0.065,0.01,0.0478,0.4683
0.02,0.065,0.015,0.6995,0.6996
0.025,0.065,0.015,0.6323,0.6339
0.030000000000000002,0.065,0.015,0.5512,0.5676
0.035,0.065,0.015,0.4633,0.5305
0.04000000000000001,0.065,0.015,0.3761,0.5054
0.045000000000000005,0.065,0.015,0.3014,0.4899
0.05,0.065,0.015,0.2394,0.4833
0.05500000000000001,0.065,0.015,0.186,0.4794
0.06000000000000001,0.065,0.015,0.1423,0.4766
0.065,0.065,0.015,0.1079,0.4746
0.07,0.065,0.015,0.08,0.4724
0.07500000000000001,0.065,0.015,0.0628,0.4701
0.08000000000000002,0.065,0.015,0.0478,0.4683
0.02,0.065,0.02,0.5552,0.5553
0.025,0.065,0.02,0.5016,0.5026
0.030000000000000002,0.065,0.02,0.4381,0.4509
0.035,0.065,0.02,0.367,0.4214
0.04000000000000001,0.065,0.02,0.2962,0.4016
0.045000000000000005,0.065,0.02,0.2387,0.3901
0.05,0.065,0.02,0.1882,0.3846
0.05500000000000001,0.065,0.02,0.1466,0.3812
0.06000000000000001,0.065,0.02,0.1127,0.379
0.065,0.065,0.02,0.0855,0.3776
0.07,0.065,0.02,0.0634,0.3758
0.07500000000000001,0.065,0.02,0.0497,0.374
0.08000000000000002,0.065,0.02,0.0387,0.3729
0.02,0.065,0.025,0.5552,0.5553
0.025,0.065,0.025,0.5016,0.5026
0.030000000000000002,0.065,0.025,0.4381,0.4509
0.035,0.065,0.025,0.367,0.4214
0.04000000000000001,0.065,0.025,0.2962,0.4016
0.045000000000000005,0.065,0.025,0.2387,0.3901
0.05,0.065,0.025,0.1882,0.3846
0.05500000000000001,0.065,0.025,0.1466,0.3812
0.06000000000000001,0.065,0.025,0.1127,0.379
0.065,0.065,0.025,0.0855,0.3776
0.07,0.065,0.025,0.0634,0.3758
0.07500000000000001,0.065,0.025,0.0497,0.374
0.08000000000000002,0.065,0.025,0.0387,0.3729
0.02,0.065,0.03,0.5552,0.5553
0.025,0.065,0.03,0.5016,0.5026
0.030000000000000002,0.065,0.03,0.4381,0.4509
0.035,0.065,0.03,0.367,0.4214
0.04000000000000001,0.065,0.03,0.2962,0.4016
0.045000000000000005,0.065,0.03,0.2387,0.3901
0.05,0.065,0.03,0.1882,0.3846
0.05500000000000001,0.065,0.03,0.1466,0.3812
0.06000000000000001,0.065,0.03,0.1127,0.379
0.065,0.065,0.03,0.0855,0.3776
0.07,0.065,0.03,0.0634,0.3758
0.07500000000000001,0.065,0.03,0.0497,0.374
0.08000000000000002,0.065,0.03,0.0387,0.3729
0.02,0.065,0.035,0.5552,0.5553
0.025,0.065,0.035,0.5016,0.5026
0.030000000000000002,0.065,0.035,0.4381,0.4509
0.035,0.065,0.035,0.367,0.4214
0.04000000000000001,0.065,0.035,0.2962,0.4016
0.045000000000000005,0.065,0.035,0.2387,0.3901
0.05,0.065,0.035,0.1882,0.3846
0.05500000000000001,0.065,0.035,0.1466,0.3812
0.06000000000000001,0.065,0.035,0.1127,0.379
0.065,0.065,0.035,0.0855,0.3776
0.07,0.065,0.035,0.0634,0.3758
0.07500000000000001,0.065,0.035,0.0497,0.374
0.08000000000000002,0.065,0.035,0.0387,0.3729
0.02,0.06999999999999999,-0.01,0.6673,0.6673
0.025,0.06999999999999999,-0.01,0.6004,0.6022
0.030000000000000002,0.06999999999999999,-0.01,0.5245,0.5401
0.035,0.06999999999999999,-0.01,0.4387,0.5038
0.04000000000000001,0.06999999999999999,-0.01,0.3568,0.4784
0.045000000000000005,0.06999999999999999,-0.01,0.2862,0.4659
0.05,0.06999999999999999,-0.01,0.2273,0.4569
0.05500000000000001,0.06999999999999999,-0.01,0.1781,0.4528
0.06000000000000001,0.06999999999999999,-0.01,0.1356,0.4498
0.065,0.06999999999999999,-0.01,0.1028,0.4479
0.07,0.06999999999999999,-0.01,0.076,0.4464
0.07500000000000001,0.06999999999999999,-0.01,0.0592,0.4439
0.08000000000000002,0.06999999999999999,-0.01,0.0452,0.4428
0.02,0.06999999999999999,-0.005,0.6673,0.6673
0.025,0.06999999999999999,-0.005,0.6004,0.6022
0.030000000000000002,0.06999999999999999,-0.005,0.5245,0.5401
0.035,0.06999999999999999,-0.005,0.4387,0.5038
0.04000000000000001,0.06999999999999999,-0.005,0.3568,0.4784
0.045000000000000005,0.06999999999999999,-0.005,0.2862,0.4659
0.05,0.06999999999999999,-0.005,0.2273,0.4569
0.05500000000000001,0.06999999999999999,-0.005,0.1781,0.4528
0.06000000000000001,0.06999999999999999,-0.005,0.1356,0.4498
0.065,0.06999999999999999,-0.005,0.1028,0.4479
0.07,0.06999999999999999,-0.005,0.076,0.4464
0.07500000000000001,0.06999999999999999,-0.005,0.0592,0.4439
0.08000000000000002,0.06999999999999999,-0.005,0.0452,0.4428
0.02,0.06999999999999999,0.0,0.6673,0.6673
0.025,0.06999999999999999,0.0,0.6004,0.6022
0.030000000000000002,0.06999999999999999,0.0,0.5245,0.5401
0.035,0.06999999999999999,0.0,0.4387,0.5038
0.04000000000000001,0.06999999999999999,0.0,0.3568,0.4784
0.045000000000000005,0.06999999999999999,0.0,0.2862,0.4659
0.05,0.06999999999999999,0.0,0.2273,0.4569
0.05500000000000001,0.06999999999999999,0.0,0.1781,0.4528
0.06000000000000001,0.06999999999999999,0.0,0.1356,0.4498
0.065,0.06999999999999999,0.0,0.1028,0.4479
0.07,0.06999999999999999,0.0,0.076,0.4464
0.07500000000000001,0.06999999999999999,0.0,0.0592,0.4439
0.08000000000000002,0.06999999999999999,0.0,0.0452,0.4428
0.02,0.06999999999999999,0.005,0.6673,0.6673
0.025,0.06999999999999999,0.005,0.6004,0.6022
0.030000000000000002,0.06999999999999999,0.005,0.5245,0.5401
0.035,0.06999999999999999,0.005,0.4387,0.5038
0.04000000000000001,0.06999999999999999,0.005,0.3568,0.4784
0.045000000000000005,0.06999999999999999,0.005,0.2862,0.4659
0.05,0.06999999999999999,0.005,0.2273,0.4569
0.05500000000000001,0.06999999999999999,0.005,0.1781,0.4528
0.06000000000000001,0.06999999999999999,0.005,0.1356,0.4498
0.065,0.06999999999999999,0.005,0.1028,0.4479
0.07,0.06999999999999999,0.005,0.076,0.4464
0.07500000000000001,0.06999999999999999,0.005,0.0592,0.4439
0.08000000000000002,0.06999999999999999,0.005,0.0452,0.4428
0.02,0.06999999999999999,0.01,0.6673,0.6673
0.025,0.06999999999999999,0.01,0.6004,0.6022
0.030000000000000002,0.06999999999999999,0.01,0.5245,0.5401
0.035,0.06999999999999999,0.01,0.4387,0.5038
0.04000000000000001,0.06999999999999999,0.01,0.3568,0.4784
0.045000000000000005,0.06999999999999999,0.01,0.2862,0.4659
0.05,0.06999999999999999,0.01,0.2273,0.4569
0.05500000000000001,0.06999999999999999,0.01,0.1781,0.4528
0.06000000000000001,0.06999999999999999,0.01,0.1356,0.4498
0.065,0.06999999999999999,0.01,0.1028,0.4479
0.07,0.06999999999999999,0.01,0.076,0.4464
0.07500000000000001,0.06999999999999999,0.01,0.0592,0.4439
0.08000000000000002,0.06999999999999999,0.01,0.0452,0.4428
0.02,0.06999999999999999,0.015,0.6673,0.6673
0.025,0.06999999999999999,0.015,0.6004,0.6022
0.030000000000000002,0.06999999999999999,0.015,0.5245,0.5401
0.035,0.06999999999999999,0.015,0.4387,0.5038
0.04000000000000001,0.06999999999999999,0.015,0.3568,0.4784
0.045000000000000005,0.06999999999999999,0.015,0.2862,0.4659
0.05,0.06999999999999999,0.015,0.2273,0.4569
0.05500000000000001,0.06999999999999999,0.015,0.1781,0.4528
0.06000000000000001,0.06999999999999999,0.015,0.1356,0.4498
0.065,0.06999999999999999,0.015,0.1028,0.4479
0.07,0.06999999999999999,0.015,0.076,0.4464
0.07500000000000001,0.06999999999999999,0.015,0.0592,0.4439
0.08000000000000002,0.06999999999999999,0.015,0.0452,0.4428
0.02,0.06999999999999999,0.02,0.5289,0.5289
0.025,0.06999999999999999,0.02,0.4773,0.4785
0.030000000000000002,0.06999999999999999,0.02,0.4166,0.429
0.035,0.06999999999999999,0.02,0.3464,0.4
0.04000000000000001,0.06999999999999999,0.02,0.2818,0.3805
0.045000000000000005,0.06999999999999999,0.02,0.2262,0.3704
0.05,0.06999999999999999,0.02,0.1785,0.3629
0.05500000000000001,0.06999999999999999,0.02,0.1409,0.3599
0.06000000000000001,0.06999999999999999,0.02,0.1075,0.3576
0.065,0.06999999999999999,0.02,0.0815,0.356
0.07,0.06999999999999999,0.02,0.0608,0.3547
0.07500000000000001,0.06999999999999999,0.02,0.0472,0.353
0.08000000000000002,0.06999999999999999,0.02,0.0364,0.3519
0.02,0.06999999999999999,0.025,0.5289,0.5289
0.025,0.06999999999999999,0.025,0.4773,0.4785
0.030000000000000002,0.06999999999999999,0.025,0.4166,0.429
0.035,0.06999999999999999,0.025,0.3464,0.4
0.04000000000000001,0.06999999999999999,0.025,0.2818,0.3805
0.045000000000000005,0.06999999999999999,0.025,0.2262,0.3704
0.05,0.06999999999999999,0.025,0.1785,0.3629
0.05500000000000001,0.06999999999999999,0.025,0.1409,0.3599
0.06000000000000001,0.06999999999999999,0.025,0.1075,0.3576
0.065,0.06999999999999999,0.025,0.0815,0.356
0.07,0.06999999999999999,0.025,0.0608,0.3547
0.07500000000000001,0.06999999999999999,0.025,0.0472,0.353
0.08000000000000002,0.06999999999999999,0.025,0.0364,0.3519
0.02,0.06999999999999999,0.03,0.5289,0.5289
0.025,0.06999999999999999,0.03,0.4773,0.4785
0.030000000000000002,0.06999999999999999,0.03,0.4166,0.429
0.035,0.06999999999999999,0.03,0.3464,0.4
0.04000000000000001,0.06999999999999999,0.03,0.2818,0.3805
0.045000000000000005,0.06999999999999999,0.03,0.2262,0.3704
0.05,0.06999999999999999,0.03,0.1785,0.3629
0.05500000000000001,0.06999999999999999,0.03,0.1409,0.3599
0.06000000000000001,0.06999999999999999,0.03,0.1075,0.3576
0.065,0.06999999999999999,0.03,0.0815,0.356
0.07,0.06999999999999999,0.03,0.0608,0.3547
0.07500000000000001,0.06999999999999999,0.03,0.0472,0.353
0.08000000000000002,0.06999999999999999,0.03,0.0364,0.3519
0.02,0.06999999999999999,0.035,0.5289,0.5289
0.025,0.06999999999999999,0.035,0.4773,0.4785
0.030000000000000002,0.06999999999999999,0.035,0.4166,0.429
0.035,0.06999999999999999,0.035,0.3464,0.4
0.04000000000000001,0.06999999999999999,0.035,0.2818,0.3805
0.045000000000000005,0.06999999999999999,0.035,0.2262,0.3704
0.05,0.06999999999999999,0.035,0.1785,0.3629
0.05500000000000001,0.06999999999999999,0.035,0.1409,0.3599
0.06000000000000001,0.06999999999999999,0.035,0.1075,0.3576
0.065,0.06999999999999999,0.035,0.0815,0.356
0.07,0.06999999999999999,0.035,0.0608,0.3547
0.07500000000000001,0.06999999999999999,0.035,0.0472,0.353
0.08000000000000002,0.06999999999999999,0.035,0.0364,0.3519
0.02,0.07499999999999998,-0.01,0.6395,0.6395
0.025,0.07499999999999998,-0.01,0.569,0.5704
0.030000000000000002,0.07499999999999998,-0.01,0.4982,0.5115
0.035,0.07499999999999998,-0.01,0.4167,0.4754
0.04000000000000001,0.07499999999999998,-0.01,0.3413,0.4537
0.045000000000000005,0.07499999999999998,-0.01,0.2728,0.4409
0.05,0.07499999999999998,-0.01,0.2172,0.4336
0.05500000000000001,0.07499999999999998,-0.01,0.1719,0.4306
0.06000000000000001,0.07499999999999998,-0.01,0.1299,0.4283
0.065,0.07499999999999998,-0.01,0.0979,0.4258
0.07,0.07499999999999998,-0.01,0.073,0.4236
0.07500000000000001,0.07499999999999998,-0.01,0.0568,0.4217
0.08000000000000002,0.07499999999999998,-0.01,0.0434,0.4205
0.02,0.07499999999999998,-0.005,0.6395,0.6395
0.025,0.07499999999999998,-0.005,0.569,0.5704
0.030000000000000002,0.07499999999999998,-0.005,0.4982,0.5115
0.035,0.07499999999999998,-0.005,0.4167,0.4754
0.04000000000000001,0.07499999999999998,-0.005,0.3413,0.4537
0.045000000000000005,0.07499999999999998,-0.005,0.2728,0.4409
0.05,0.07499999999999998,-0.005,0.2172,0.4336
0.05500000000000001,0.07499999999999998,-0.005,0.1719,0.4306
0.06000000000000001,0.07499999999999998,-0.005,0.1299,0.4283
0.065,0.07499999999999998,-0.005,0.0979,0.4258
0.07,0.07499999999999998,-0.005,0.073,0.4236
0.07500000000000001,0.07499999999999998,-0.005,0.0568,0.4217
0.08000000000000002,0.07499999999999998,-0.005,0.0434,0.4205
0.02,0.07499999999999998,0.0,0.6395,0.6395
0.025,0.07499999999999998,0.0,0.569,0.5704
0.030000000000000002,0.07499999999999998,0.0,0.4982,0.5115
0.035,0.07499999999999998,0.0,0.4167,0.4754
0.04000000000000001,0.07499999999999998,0.0,0.3413,0.4537
0.045000000000000005,0.07499999999999998,0.0,0.2728,0.4409
0.05,0.07499999999999998,0.0,0.2172,0.4336
0.05500000000000001,0.07499999999999998,0.0,0.1719,0.4306
0.06000000000000001,0.07499999999999998,0.0,0.1299,0.4283
0.065,0.07499999999999998,0.0,0.0979,0.4258
0.07,0.07499999999999998,0.0,0.073,0.4236
0.07500000000000001,0.07499999999999998,0.0,0.0568,0.4217
0.08000000000000002,0.07499999999999998,0.0,0.0434,0.4205
0.02,0.07499999999999998,0.005,0.6395,0.6395
0.025,0.07499999999999998,0.005,0.569,0.5704
0.030000000000000002,0.07499999999999998,0.005,0.4982,0.5115
0.035,0.07499999999999998,0.005,0.4167,0.4754
0.04000000000000001,0.07499999999999998,0.005,0.3413,0.4537
0.045000000000000005,0.07499999999999998,0.005,0.2728,0.4409
0.05,0.07499999999999998,0.005,0.2172,0.4336
0.05500000000000001,0.07499999999999998,0.005,0.1719,0.4306
0.06000000000000001,0.07499999999999998,0.005,0.1299,0.4283
0.065,0.07499999999999998,0.005,0.0979,0.4258
0.07,0.07499999999999998,0.005,0.073,0.4236
0.07500000000000001,0.07499999999999998,0.005,0.0568,0.4217
0.08000000000000002,0.07499999999999998,0.005,0.0434,0.4205
0.02,0.07499999999999998,0.01,0.6395,0.6395
0.025,0.07499999999999998,0.01,0.569,0.5704
0.030000000000000002,0.07499999999999998,0.01,0.4982,0.5115
0.035,0.07499999999999998,0.01,0.4167,0.4754
0.04000000000000001,0.07499999999999998,0.01,0.3413,0.4537
0.045000000000000005,0.07499999999999998,0.01,0.2728,0.4409
0.05,0.07499999999999998,0.01,0.2172,0.4336
0.05500000000000001,0.07499999999999998,0.01,0.1719,0.4306
0.06000000000000001,0.07499999999999998,0.01,0.1299,0.4283
0.065,0.07499999999999998,0.01,0.0979,0.4258
0.07,0.07499999999999998,0.01,0.073,0.4236
0.07500000000000001,0.07499999999999998,0.01,0.0568,0.4217
0.08000000000000002,0.07499999999999998,0.01,0.0434,0.4205
0.02,0.07499999999999998,0.015,0.6395,0.6395
0.025,0.07499999999999998,0.015,0.569,0.5704
0.030000000000000002,0.07499999999999998,0.015,0.4982,0.5115
0.035,0.07499999999999998,0.015,0.4167,0.4754
0.04000000000000001,0.07499999999999998,0.015,0.3413,0.4537
0.045000000000000005,0.07499999999999998,0.015,0.2728,0.4409
0.05,0.07499999999999998,0.015,0.2172,0.4336
0.05500000000000001,0.07499999999999998,0.015,0.1719,0.4306
0.06000000000000001,0.07499999999999998,0.015,0.1299,0.4283
0.065,0.07499999999999998,0.015,0.0979,0.4258
0.07,0.07499999999999998,0.015,0.073,0.4236
0.07500000000000001,0.07499999999999998,0.015,0.0568,0.4217
0.08000000000000002,0.07499999999999998,0.015,0.0434,0.4205
0.02,0.07499999999999998,0.02,0.5063,0.5063
0.025,0.07499999999999998,0.02,0.4527,0.4539
0.030000000000000002,0.07499999999999998,0.02,0.3955,0.4062
0.035,0.07499999999999998,0.02,0.3293,0.3778
0.04000000000000001,0.07499999999999998,0.02,0.2703,0.3609
0.045000000000000005,0.07499999999999998,0.02,0.2153,0.3508
0.05,0.07499999999999998,0.02,0.1704,0.3454
0.05500000000000001,0.07499999999999998,0.02,0.136,0.3429
0.06000000000000001,0.07499999999999998,0.02,0.1027,0.3411
0.065,0.07499999999999998,0.02,0.0773,0.3391
0.07,0.07499999999999998,0.02,0.0583,0.3377
0.07500000000000001,0.07499999999999998,0.02,0.0452,0.3363
0.08000000000000002,0.07499999999999998,0.02,0.0349,0.3353
0.02,0.07499999999999998,0.025,0.5063,0.5063
0.025,0.07499999999999998,0.025,0.4527,0.4539
0.030000000000000002,0.07499999999999998,0.025,0.3955,0.4062
0.035,0.07499999999999998,0.025,0.3293,0.3778
0.04000000000000001,0.07499999999999998,0.025,0.2703,0.3609
0.045000000000000005,0.07499999999999998,0.025,0.2153,0.3508
0.05,0.07499999999999998,0.025,0.1704,0.3454
0.05500000000000001,0.07499999999999998,0.025,0.136,0.3429
0.06000000000000001,0.07499999999999998,0.025,0.1027,0.3411
0.065,0.07499999999999998,0.025,0.0773,0.3391
0.07,0.07499999999999998,0.025,0.0583,0.3377
0.07500000000000001,0.07499999999999998,0.025,0.0452,0.3363
0.08000000000000002,0.07499999999999998,0.025,0.0349,0.3353
0.02,0.07499999999999998,0.03,0.5063,0.5063
0.025,0.07499999999999998,0.03,0.4527,0.4539
0.030000000000000002,0.07499999999999998,0.03,0.3955,0.4062
0.035,0.07499999999999998,0.03,0.3293,0.3778
0.04000000000000001,0.07499999999999998,0.03,0.2703,0.3609
0.045000000000000005,0.07499999999999998,0.03,0.2153,0.3508
0.05,0.07499999999999998,0.03,0.1704,0.3454
0.05500000000000001,0.07499999999999998,0.03,0.136,0.3429
0.06000000000000001,0.07499999999999998,0.03,0.1027,0.3411
0.065,0.07499999999999998,0.03,0.0773,0.3391
0.07,0.07499999999999998,0.03,0.0583,0.3377
0.07500000000000001,0.07499999999999998,0.03,0.0452,0.3363
0.08000000000000002,0.07499999999999998,0.03,0.0349,0.3353
0.02,0.07499999999999998,0.035,0.5063,0.5063
0.025,0.07499999999999998,0.035,0.4527,0.4539
0.030000000000000002,0.07499999999999998,0.035,0.3955,0.4062
0.035,0.07499999999999998,0.035,0.3293,0.3778
0.04000000000000001,0.07499999999999998,0.035,0.2703,0.3609
0.045000000000000005,0.07499999999999998,0.035,0.2153,0.3508
0.05,0.07499999999999998,0.035,0.1704,0.3454
0.05500000000000001,0.07499999999999998,0.035,0.136,0.3429
0.06000000000000001,0.07499999999999998,0.035,0.1027,0.3411
0.065,0.07499999999999998,0.035,0.0773,0.3391
0.07,0.07499999999999998,0.035,0.0583,0.3377
0.07500000000000001,0.07499999999999998,0.035,0.0452,0.3363
0.08000000000000002,0.07499999999999998,0.035,0.0349,0.3353
0.02,0.07999999999999999,-0.01,0.6107,0.6107
0.025,0.07999999999999999,-0.01,0.5409,0.5421
0.030000000000000002,0.07999999999999999,-0.01,0.4743,0.4879
0.035,0.07999999999999999,-0.01,0.3961,0.453
0.04000000000000001,0.07999999999999999,-0.01,0.3262,0.4316
0.045000000000000005,0.07999999999999999,-0.01,0.2597,0.4201
0.05,0.07999999999999999,-0.01,0.2057,0.4134
0.05500000000000001,0.07999999999999999,-0.01,0.1637,0.4101
0.06000000000000001,0.07999999999999999,-0.01,0.1243,0.4076
0.065,0.07999999999999999,-0.01,0.0927,0.4061
0.07,0.07999999999999999,-0.01,0.0702,0.404
0.07500000000000001,0.07999999999999999,-0.01,0.054,0.4023
0.08000000000000002,0.07999999999999999,-0.01,0.0425,0.4007
0.02,0.07999999999999999,-0.005,0.6107,0.6107
0.025,0.07999999999999999,-0.005,0.5409,0.5421
0.030000000000000002,0.07999999999999999,-0.005,0.4743,0.4879
0.035,0.07999999999999999,-0.005,0.3961,0.453
0.04000000000000001,0.07999999999999999,-0.005,0.3262,0.4316
0.045000000000000005,0.07999999999999999,-0.005,0.2597,0.4201
0.05,0.07999999999999999,-0.005,0.2057,0.4134
0.05500000000000001,0.07999999999999999,-0.005,0.1637,0.4101
0.06000000000000001,0.07999999999999999,-0.005,0.1243,0.4076
0.065,0.07999999999999999,-0.005,0.0927,0.4061
0.07,0.07999999999999999,-0.005,0.0702,0.404
0.07500000000000001,0.07999999999999999,-0.005,0.054,0.4023
0.08000000000000002,0.07999999999999999,-0.005,0.0425,0.4007
0.02,0.07999999999999999,0.0,0.6107,0.6107
0.025,0.07999999999999999,0.0,0.5409,0.5421
0.030000000000000002,0.07999999999999999,0.0,0.4743,0.4879
0.035,0.07999999999999999,0.0,0.3961,0.453
0.04000000000000001,0.07999999999999999,0.0,0.3262,0.4316
0.045000000000000005,0.07999999999999999,0.0,0.2597,0.4201
0.05,0.07999999999999999,0.0,0.2057,0.4134
0.05500000000000001,0.07999999999999999,0.0,0.1637,0.4101
0.06000000000000001,0.07999999999999999,0.0,0.1243,0.4076
0.065,0.07999999999999999,0.0,0.0927,0.4061
0.07,0.07999999999999999,0.0,0.0702,0.404
0.07500000000000001,0.07999999999999999,0.0,0.054,0.4023
0.08000000000000002,0.07999999999999999,0.0,0.0425,0.4007
0.02,0.07999999999999999,0.005,0.6107,0.6107
0.025,0.07999999999999999,0.005,0.5409,0.5421
0.030000000000000002,0.07999999999999999,0.005,0.4743,0.4879
0.035,0.07999999999999999,0.005,0.3961,0.453
0.04000000000000001,0.07999999999999999,0.005,0.3262,0.4316
0.045000000000000005,0.07999999999999999,0.005,0.2597,0.4201
0.05,0.07999999999999999,0.005,0.2057,0.4134
0.05500000000000001,0.07999999999999999,0.005,0.1637,0.4101
0.06000000000000001,0.07999999999999999,0.005,0.1243,0.4076
0.065,0.07999999999999999,0.005,0.0927,0.4061
0.07,0.07999999999999999,0.005,0.0702,0.404
0.07500000000000001,0.07999999999999999,0.005,0.054,0.4023
0.08000000000000002,0.07999999999999999,0.005,0.0425,0.4007
0.02,0.07999999999999999,0.01,0.6107,0.6107
0.025,0.07999999999999999,0.01,0.5409,0.5421
0.030000000000000002,0.07999999999999999,0.01,0.4743,0.4879
0.035,0.07999999999999999,0.01,0.3961,0.453
0.04000000000000001,0.07999999999999999,0.01,0.3262,0.4316
0.045000000000000005,0.07999999999999999,0.01,0.2597,0.4201
0.05,0.07999999999999999,0.01,0.2057,0.4134
0.05500000000000001,0.07999999999999999,0.01,0.1637,0.4101
0.06000000000000001,0.07999999999999999,0.01,0.1243,0.4076
0.065,0.07999999999999999,0.01,0.0927,0.4061
0.07,0.07999999999999999,0.01,0.0702,0.404
0.07500000000000001,0.07999999999999999,0.01,0.054,0.4023
0.08000000000000002,0.07999999999999999,0.01,0.0425,0.4007
0.02,0.07999999999999999,0.015,0.6107,0.6107
0.025,0.07999999999999999,0.015,0.5409,0.5421
0.030000000000000002,0.07999999999999999,0.015,0.4743,0.4879
0.035,0.07999999999999999,0.015,0.3961,0.453
0.04000000000000001,0.07999999999999999,0.015,0.3262,0.4316
0.045000000000000005,0.07999999999999999,0.015,0.2597,0.4201
0.05,0.07999999999999999,0.015,0.2057,0.4134
0.05500000000000001,0.07999999999999999,0.015,0.1637,0.4101
0.06000000000000001,0.07999999999999999,0.015,0.1243,0.4076
0.065,0.07999999999999999,0.015,0.0927,0.4061
0.07,0.07999999999999999,0.015,0.0702,0.404
0.07500000000000001,0.07999999999999999,0.015,0.054,0.4023
0.08000000000000002,0.07999999999999999,0.015,0.0425,0.4007
0.02,0.07999999999999999,0.02,0.4842,0.4842
0.025,0.07999999999999999,0.02,0.43,0.4311
0.030000000000000002,0.07999999999999999,0.02,0.376,0.3877
0.035,0.07999999999999999,0.02,0.3126,0.3597
0.04000000000000001,0.07999999999999999,0.02,0.2582,0.3436
0.045000000000000005,0.07999999999999999,0.02,0.2042,0.3347
0.05,0.07999999999999999,0.02,0.1616,0.3297
0.05500000000000001,0.07999999999999999,0.02,0.1298,0.3271
0.06000000000000001,0.07999999999999999,0.02,0.0984,0.3249
0.065,0.07999999999999999,0.02,0.0734,0.3235
0.07,0.07999999999999999,0.02,0.0557,0.322
0.07500000000000001,0.07999999999999999,0.02,0.043,0.3204
0.08000000000000002,0.07999999999999999,0.02,0.034,0.3193
0.02,0.07999999999999999,0.025,0.4842,0.4842
0.025,0.07999999999999999,0.025,0.43,0.4311
0.030000000000000002,0.07999999999999999,0.025,0.376,0.3877
0.035,0.07999999999999999,0.025,0.3126,0.3597
0.04000000000000001,0.07999999999999999,0.025,0.2582,0.3436
0.045000000000000005,0.07999999999999999,0.025,0.2042,0.3347
0.05,0.07999999999999999,0.025,0.1616,0.3297
0.05500000000000001,0.07999999999999999,0.025,0.1298,0.3271
0.06000000000000001,0.07999999999999999,0.025,0.0984,0.3249
0.065,0.07999999999999999,0.025,0.0734,0.3235
0.07,0.07999999999999999,0.025,0.0557,0.322
0.07500000000000001,0.07999999999999999,0.025,0.043,0.3204
0.08000000000000002,0.07999999999999999,0.025,0.034,0.3193
0.02,0.07999999999999999,0.03,0.4842,0.4842
0.025,0.07999999999999999,0.03,0.43,0.4311
0.030000000000000002,0.07999999999999999,0.03,0.376,0.3877
0.035,0.07999999999999999,0.03,0.3126,0.3597
0.04000000000000001,0.07999999999999999,0.03,0.2582,0.3436
0.045000000000000005,0.07999999999999999,0.03,0.2042,0.3347
0.05,0.07999999999999999,0.03,0.1616,0.3297
0.05500000000000001,0.07999999999999999,0.03,0.1298,0.3271
0.06000000000000001,0.07999999999999999,0.03,0.0984,0.3249
0.065,0.07999999999999999,0.03,0.0734,0.3235
0.07,0.07999999999999999,0.03,0.0557,0.322
0.07500000000000001,0.07999999999999999,0.03,0.043,0.3204
0.08000000000000002,0.07999999999999999,0.03,0.034,0.3193
0.02,0.07999999999999999,0.035,0.4842,0.4842
0.025,0.07999999999999999,0.035,0.43,0.4311
0.030000000000000002,0.07999999999999999,0.035,0.376,0.3877
0.035,0.07999999999999999,0.035,0.3126,0.3597
0.04000000000000001,0.07999999999999999,0.035,0.2582,0.3436
0.045000000000000005,0.07999999999999999,0.035,0.2042,0.3347
0.05,0.07999999999999999,0.035,0.1616,0.3297
0.05500000000000001,0.07999999999999999,0.035,0.1298,0.3271
0.06000000000000001,0.07999999999999999,0.035,0.0984,0.3249
0.065,0.07999999999999999,0.035,0.0734,0.3235
0.07,0.07999999999999999,0.035,0.0557,0.322
0.07500000000000001,0.07999999999999999,0.035,0.043,0.3204
0.08000000000000002,0.07999999999999999,0.035,0.034,0.3193
0.02,0.08499999999999999,-0.01,0.578,0.5781
0.025,0.08499999999999999,-0.01,0.5143,0.5158
0.030000000000000002,0.08499999999999999,-0.01,0.4481,0.4615
0.035,0.08499999999999999,-0.01,0.3756,0.4293
0.04000000000000001,0.08499999999999999,-0.01,0.3092,0.4105
0.045000000000000005,0.08499999999999999,-0.01,0.2483,0.3985
0.05,0.08499999999999999,-0.01,0.1966,0.3928
0.05500000000000001,0.08499999999999999,-0.01,0.1559,0.3903
0.06000000000000001,0.08499999999999999,-0.01,0.1179,0.388
0.065,0.08499999999999999,-0.01,0.0888,0.3871
0.07,0.08499999999999999,-0.01,0.0675,0.3846
0.07500000000000001,0.08499999999999999,-0.01,0.0515,0.3832
0.08000000000000002,0.08499999999999999,-0.01,0.0411,0.382
0.02,0.08499999999999999,-0.005,0.578,0.5781
0.025,0.08499999999999999,-0.005,0.5143,0.5158
0.030000000000000002,0.08499999999999999,-0.005,0.4481,0.4615
0.035,0.08499999999999999,-0.005,0.3756,0.4293
0.04000000000000001,0.08499999999999999,-0.005,0.3092,0.4105
0.045000000000000005,0.08499999999999999,-0.005,0.2483,0.3985
0.05,0.08499999999999999,-0.005,0.1966,0.3928
0.05500000000000001,0.08499999999999999,-0.005,0.1559,0.3903
0.06000000000000001,0.08499999999999999,-0.005,0.1179,0.388
0.065,0.08499999999999999,-0.005,0.0888,0.3871
0.07,0.08499999999999999,-0.005,0.0675,0.3846
0.07500000000000001,0.08499999999999999,-0.005,0.0515,0.3832
0.08000000000000002,0.08499999999999999,-0.005,0.0411,0.382
0.02,0.08499999999999999,0.0,0.578,0.5781
0.025,0.08499999999999999,0.0,0.5143,0.5158
0.030000000000000002,0.08499999999999999,0.0,0.4481,0.4615
0.035,0.08499999999999999,0.0,0.3756,0.4293
0.04000000000000001,0.08499999999999999,0.0,0.3092,0.4105
0.045000000000000005,0.08499999999999999,0.0,0.2483,0.3985
0.05,0.08499999999999999,0.0,0.1966,0.3928
0.05500000000000001,0.08499999999999999,0.0,0.1559,0.3903
0.06000000000000001,0.08499999999999999,0.0,0.1179,0.388
0.065,0.08499999999999999,0.0,0.0888,0.3871
0.07,0.08499999999999999,0.0,0.0675,0.3846
0.07500000000000001,0.08499999999999999,0.0,0.0515,0.3832
0.08000000000000002,0.08499999999999999,0.0,0.0411,0.382
0.02,0.08499999999999999,0.005,0.578,0.5781
0.025,0.08499999999999999,0.005,0.5143,0.5158
0.030000000000000002,0.08499999999999999,0.005,0.4481,0.4615
0.035,0.08499999999999999,0.005,0.3756,0.4293
0.04000000000000001,0.08499999999999999,0.005,0.3092,0.4105
0.045000000000000005,0.08499999999999999,0.005,0.2483,0.3985
0.05,0.08499999999999999,0.005,0.1966,0.3928
0.05500000000000001,0.08499999999999999,0.005,0.1559,0.3903
0.06000000000000001,0.08499999999999999,0.005,0.1179,0.388
0.065,0.08499999999999999,0.005,0.0888,0.3871
0.07,0.08499999999999999,0.005,0.0675,0.3846
0.07500000000000001,0.08499999999999999,0.005,0.0515,0.3832
0.08000000000000002,0.08499999999999999,0.005,0.0411,0.382
0.02,0.08499999999999999,0.01,0.578,0.5781
0.025,0.08499999999999999,0.01,0.5143,0.5158
0.030000000000000002,0.08499999999999999,0.01,0.4481,0.4615
0.035,0.08499999999999999,0.01,0.3756,0.4293
0.04000000000000001,0.08499999999999999,0.01,0.3092,0.4105
0.045000000000000005,0.08499999999999999,0.01,0.2483,0.3985
0.05,0.08499999999999999,0.01,0.1966,0.3928
0.05500000000000001,0.08499999999999999,0.01,0.1559,0.3903
0.06000000000000001,0.08499999999999999,0.01,0.1179,0.388
0.065,0.08499999999999999,0.01,0.0888,0.3871
0.07,0.08499999999999999,0.01,0.0675,0.3846
0.07500000000000001,0.08499999999999999,0.01,0.0515,0.3832
0.08000000000000002,0.08499999999999999,0.01,0.0411,0.382
0.02,0.08499999999999999,0.015,0.578,0.5781
0.025,0.08499999999999999,0.015,0.5143,0.5158
0.030000000000000002,0.08499999999999999,0.015,0.4481,0.4615
0.035,0.08499999999999999,0.015,0.3756,0.4293
0.04000000000000001,0.08499999999999999,0.015,0.3092,0.4105
0.045000000000000005,0.08499999999999999,0.015,0.2483,0.3985
0.05,0.08499999999999999,0.015,0.1966,0.3928
0.05500000000000001,0.08499999999999999,0.015,0.1559,0.3903
0.06000000000000001,0.08499999999999999,0.015,0.1179,0.388
0.065,0.08499999999999999,0.015,0.0888,0.3871
0.07,0.08499999999999999,0.015,0.0675,0.3846
0.07500000000000001,0.08499999999999999,0.015,0.0515,0.3832
0.08000000000000002,0.08499999999999999,0.015,0.0411,0.382
0.02,0.08499999999999999,0.02,0.4594,0.4595
0.025,0.08499999999999999,0.02,0.409,0.4103
0.030000000000000002,0.08499999999999999,0.02,0.3553,0.3661
0.035,0.08499999999999999,0.02,0.2962,0.3409
0.04000000000000001,0.08499999999999999,0.02,0.245,0.3267
0.045000000000000005,0.08499999999999999,0.02,0.1953,0.3172
0.05,0.08499999999999999,0.02,0.1547,0.3129
0.05500000000000001,0.08499999999999999,0.02,0.124,0.3107
0.06000000000000001,0.08499999999999999,0.02,0.0934,0.309
0.065,0.08499999999999999,0.02,0.0707,0.3082
0.07,0.08499999999999999,0.02,0.0535,0.3064
0.07500000000000001,0.08499999999999999,0.02,0.0411,0.305
0.08000000000000002,0.08499999999999999,0.02,0.0329,0.3039
0.02,0.08499999999999999,0.025,0.4594,0.4595
0.025,0.08499999999999999,0.025,0.409,0.4103
0.030000000000000002,0.08499999999999999,0.025,0.3553,0.3661
0.035,0.08499999999999999,0.025,0.2962,0.3409
0.04000000000000001,0.08499999999999999,0.025,0.245,0.3267
0.045000000000000005,0.08499999999999999,0.025,0.1953,0.3172
0.05,0.08499999999999999,0.025,0.1547,0.3129
0.05500000000000001,0.08499999999999999,0.025,0.124,0.3107
0.06000000000000001,0.08499999999999999,0.025,0.0934,0.309
0.065,0.08499999999999999,0.025,0.0707,0.3082
0.07,0.08499999999999999,0.025,0.0535,0.3064
0.07500000000000001,0.08499999999999999,0.025,0.0411,0.305
0.08000000000000002,0.08499999999999999,0.025,0.0329,0.3039
0.02,0.08499999999999999,0.03,0.4594,0.4595
0.025,0.08499999999999999,0.03,0.409,0.4103
0.030000000000000002,0.08499999999999999,0.03,0.3553,0.3661
0.035,0.08499999999999999,0.03,0.2962,0.3409
0.04000000000000001,0.08499999999999999,0.03,0.245,0.3267
0.045000000000000005,0.08499999999999999,0.03,0.1953,0.3172
0.05,0.08499999999999999,0.03,0.1547,0.3129
0.05500000000000001,0.08499999999999999,0.03,0.124,0.3107
0.06000000000000001,0.08499999999999999,0.03,0.0934,0.309
0.065,0.08499999999999999,0.03,0.0707,0.3082
0.07,0.08499999999999999,0.03,0.0535,0.3064
0.07500000000000001,0.08499999999999999,0.03,0.0411,0.305
0.08000000000000002,0.08499999999999999,0.03,0.0329,0.3039
0.02,0.08499999999999999,0.035,0.4594,0.4595
0.025,0.08499999999999999,0.035,0.409,0.4103
0.030000000000000002,0.08499999999999999,0.035,0.3553,0.3661
0.035,0.08499999999999999,0.035,0.2962,0.3409
0.04000000000000001,0.08499999999999999,0.035,0.245,0.3267
0.045000000000000005,0.08499999999999999,0.035,0.1953,0.3172
0.05,0.08499999999999999,0.035,0.1547,0.3129
0.05500000000000001,0.08499999999999999,0.035,0.124,0.3107
0.06000000000000001,0.08499999999999999,0.035,0.0934,0.309
0.065,0.08499999999999999,0.035,0.0707,0.3082
0.07,0.08499999999999999,0.035,0.0535,0.3064
0.07500000000000001,0.08499999999999999,0.035,0.0411,0.305
0.08000000000000002,0.08499999999999999,0.035,0.0329,0.3039
0.02,0.08999999999999998,-0.01,0.5498,0.5498
0.025,0.08999999999999998,-0.01,0.4892,0.4901
0.030000000000000002,0.08999999999999998,-0.01,0.4273,0.4408
0.035,0.08999999999999998,-0.01,0.3577,0.4082
0.04000000000000001,0.08999999999999998,-0.01,0.2935,0.3906
0.045000000000000005,0.08999999999999998,-0.01,0.2355,0.3801
0.05,0.08999999999999998,-0.01,0.1882,0.3737
0.05500000000000001,0.08999999999999998,-0.01,0.1471,0.3716
0.06000000000000001,0.08999999999999998,-0.01,0.1124,0.3693
0.065,0.08999999999999998,-0.01,0.0853,0.3671
0.07,0.08999999999999998,-0.01,0.0646,0.3652
0.07500000000000001,0.08999999999999998,-0.01,0.0491,0.3637
0.08000000000000002,0.08999999999999998,-0.01,0.0389,0.362
0.02,0.08999999999999998,-0.005,0.5498,0.5498
0.025,0.08999999999999998,-0.005,0.4892,0.4901
0.030000000000000002,0.08999999999999998,-0.005,0.4273,0.4408
0.035,0.08999999999999998,-0.005,0.3577,0.4082
0.04000000000000001,0.08999999999999998,-0.005,0.2935,0.3906
0.045000000000000005,0.08999999999999998,-0.005,0.2355,0.3801
0.05,0.08999999999999998,-0.005,0.1882,0.3737
0.05500000000000001,0.08999999999999998,-0.005,0.1471,0.3716
0.06000000000000001,0.08999999999999998,-0.005,0.1124,0.3693
0.065,0.08999999999999998,-0.005,0.0853,0.3671
0.07,0.08999999999999998,-0.005,0.0646,0.3652
0.07500000000000001,0.08999999999999998,-0.005,0.0491,0.3637
0.08000000000000002,0.08999999999999998,-0.005,0.0389,0.362
0.02,0.08999999999999998,0.0,0.5498,0.5498
0.025,0.08999999999999998,0.0,0.4892,0.4901
0.030000000000000002,0.08999999999999998,0.0,0.4273,0.4408
0.035,0.08999999999999998,0.0,0.3577,0.4082
0.04000000000000001,0.08999999999999998,0.0,0.2935,0.3906
0.045000000000000005,0.08999999999999998,0.0,0.2355,0.3801
0.05,0.08999999999999998,0.0,0.1882,0.3737
0.05500000000000001,0.08999999999999998,0.0,0.1471,0.3716
0.06000000000000001,0.08999999999999998,0.0,0.1124,0.3693
0.065,0.08999999999999998,0.0,0.0853,0.3671
0.07,0.08999999999999998,0.0,0.0646,0.3652
0.07500000000000001,0.08999999999999998,0.0,0.0491,0.3637
0.08000000000000002,0.08999999999999998,0.0,0.0389,0.362
0.02,0.08999999999999998,0.005,0.5498,0.5498
0.025,0.08999999999999998,0.005,0.4892,0.4901
0.030000000000000002,0.08999999999999998,0.005,0.4273,0.4408
0.035,0.08999999999999998,0.005,0.3577,0.4082
0.04000000000000001,0.08999999999999998,0.005,0.2935,0.3906
0.045000000000000005,0.08999999999999998,0.005,0.2355,0.3801
0.05,0.08999999999999998,0.005,0.1882,0.3737
0.05500000000000001,0.08999999999999998,0.005,0.1471,0.3716
0.06000000000000001,0.08999999999999998,0.005,0.1124,0.3693
0.065,0.08999999999999998,0.005,0.0853,0.3671
0.07,0.08999999999999998,0.005,0.0646,0.3652
0.07500000000000001,0.08999999999999998,0.005,0.0491,0.3637
0.08000000000000002,0.08999999999999998,0.005,0.0389,0.362
0.02,0.08999999999999998,0.01,0.5498,0.5498
0.025,0.08999999999999998,0.01,0.4892,0.4901
0.030000000000000002,0.08999999999999998,0.01,0.4273,0.4408
0.035,0.08999999999999998,0.01,0.3577,0.4082
0.04000000000000001,0.08999999999999998,0.01,0.2935,0.3906
0.045000000000000005,0.08999999999999998,0.01,0.2355,0.3801
0.05,0.08999999999999998,0.01,0.1882,0.3737
0.05500000000000001,0.08999999999999998,0.01,0.1471,0.3716
0.06000000000000001,0.08999999999999998,0.01,0.1124,0.3693
0.065,0.08999999999999998,0.01,0.0853,0.3671
0.07,0.08999999999999998,0.01,0.0646,0.3652
0.07500000000000001,0.08999999999999998,0.01,0.0491,0.3637
0.08000000000000002,0.08999999999999998,0.01,0.0389,0.362
0.02,0.08999999999999998,0.015,0.5498,0.5498
0.025,0.08999999999999998,0.015,0.4892,0.4901
0.030000000000000002,0.08999999999999998,0.015,0.4273,0.4408
0.035,0.08999999999999998,0.015,0.3577,0.4082
0.04000000000000001,0.08999999999999998,0.015,0.2935,0.3906
0.045000000000000005,0.08999999999999998,0.015,0.2355,0.3801
0.05,0.08999999999999998,0.015,0.1882,0.3737
0.05500000000000001,0.08999999999999998,0.015,0.1471,0.3716
0.06000000000000001,0.08999999999999998,0.015,0.1124,0.3693
0.065,0.08999999999999998,0.015,0.0853,0.3671
0.07,0.08999999999999998,0.015,0.0646,0.3652
0.07500000000000001,0.08999999999999998,0.015,0.0491,0.3637
0.08000000000000002,0.08999999999999998,0.015,0.0389,0.362
0.02,0.08999999999999998,0.02,0.4371,0.4371
0.025,0.08999999999999998,0.02,0.3884,0.3891
0.030000000000000002,0.08999999999999998,0.02,0.3382,0.3486
0.035,0.08999999999999998,0.02,0.2833,0.3241
0.04000000000000001,0.08999999999999998,0.02,0.2323,0.3104
0.045000000000000005,0.08999999999999998,0.02,0.1853,0.3016
0.05,0.08999999999999998,0.02,0.1482,0.2969
0.05500000000000001,0.08999999999999998,0.02,0.1168,0.295
0.06000000000000001,0.08999999999999998,0.02,0.0889,0.2935
0.065,0.08999999999999998,0.02,0.0681,0.2919
0.07,0.08999999999999998,0.02,0.0511,0.2904
0.07500000000000001,0.08999999999999998,0.02,0.0396,0.2893
0.08000000000000002,0.08999999999999998,0.02,0.0308,0.288
0.02,0.08999999999999998,0.025,0.4371,0.4371
0.025,0.08999999999999998,0.025,0.3884,0.3891
0.030000000000000002,0.08999999999999998,0.025,0.3382,0.3486
0.035,0.08999999999999998,0.025,0.2833,0.3241
0.04000000000000001,0.08999999999999998,0.025,0.2323,0.3104
0.045000000000000005,0.08999999999999998,0.025,0.1853,0.3016
0.05,0.08999999999999998,0.025,0.1482,0.2969
0.05500000000000001,0.08999999999999998,0.025,0.1168,0.295
0.06000000000000001,0.08999999999999998,0.025,0.0889,0.2935
0.065,0.08999999999999998,0.025,0.0681,0.2919
0.07,0.08999999999999998,0.025,0.0511,0.2904
0.07500000000000001,0.08999999999999998,0.025,0.0396,0.2893
0.08000000000000002,0.08999999999999998,0.025,0.0308,0.288
0.02,0.08999999999999998,0.03,0.4371,0.4371
0.025,0.08999999999999998,0.03,0.3884,0.3891
0.030000000000000002,0.08999999999999998,0.03,0.3382,0.3486
0.035,0.08999999999999998,0.03,0.2833,0.3241
0.04000000000000001,0.08999999999999998,0.03,0.2323,0.3104
0.045000000000000005,0.08999999999999998,0.03,0.1853,0.3016
0.05,0.08999999999999998,0.03,0.1482,0.2969
0.05500000000000001,0.08999999999999998,0.03,0.1168,0.295
0.06000000000000001,0.08999999999999998,0.03,0.0889,0.2935
0.065,0.08999999999999998,0.03,0.0681,0.2919
0.07,0.08999999999999998,0.03,0.0511,0.2904
0.07500000000000001,0.08999999999999998,0.03,0.0396,0.2893
0.08000000000000002,0.08999999999999998,0.03,0.0308,0.288
0.02,0.08999999999999998,0.035,0.4371,0.4371
0.025,0.08999999999999998,0.035,0.3884,0.3891
0.030000000000000002,0.08999999999999998,0.035,0.3382,0.3486
0.035,0.08999999999999998,0.035,0.2833,0.3241
0.04000000000000001,0.08999999999999998,0.035,0.2323,0.3104
0.045000000000000005,0.08999999999999998,0.035,0.1853,0.3016
0.05,0.08999999999999998,0.035,0.1482,0.2969
0.05500000000000001,0.08999999999999998,0.035,0.1168,0.295
0.06000000000000001,0.08999999999999998,0.035,0.0889,0.2935
0.065,0.08999999999999998,0.035,0.0681,0.2919
0.07,0.08999999999999998,0.035,0.0511,0.2904
0.07500000000000001,0.08999999999999998,0.035,0.0396,0.2893
0.08000000000000002,0.08999999999999998,0.035,0.0308,0.288
0.02,0.09499999999999997,-0.01,0.525,0.525
0.025,0.09499999999999997,-0.01,0.4638,0.4647
0.030000000000000002,0.09499999999999997,-0.01,0.4036,0.415
0.035,0.09499999999999997,-0.01,0.3419,0.3869
0.04000000000000001,0.09499999999999997,-0.01,0.2794,0.3687
0.045000000000000005,0.09499999999999997,-0.01,0.2252,0.3586
0.05,0.09499999999999997,-0.01,0.1825,0.3532
0.05500000000000001,0.09499999999999997,-0.01,0.1404,0.3508
0.06000000000000001,0.09499999999999997,-0.01,0.1075,0.3493
0.065,0.09499999999999997,-0.01,0.081,0.3473
0.07,0.09499999999999997,-0.01,0.0621,0.3459
0.07500000000000001,0.09499999999999997,-0.01,0.047,0.3442
0.08000000000000002,0.09499999999999997,-0.01,0.0375,0.3426
0.02,0.09499999999999997,-0.005,0.525,0.525
0.025,0.09499999999999997,-0.005,0.4638,0.4647
0.030000000000000002,0.09499999999999997,-0.005,0.4036,0.415
0.035,0.09499999999999997,-0.005,0.3419,0.3869
0.04000000000000001,0.09499999999999997,-0.005,0.2794,0.3687
0.045000000000000005,0.09499999999999997,-0.005,0.2252,0.3586
0.05,0.09499999999999997,-0.005,0.1825,0.3532
0.05500000000000001,0.09499999999999997,-0.005,0.1404,0.3508
0.06000000000000001,0.09499999999999997,-0.005,0.1075,0.3493
0.065,0.09499999999999997,-0.005,0.081,0.3473
0.07,0.09499999999999997,-0.005,0.0621,0.3459
0.07500000000000001,0.09499999999999997,-0.005,0.047,0.3442
0.08000000000000002,0.09499999999999997,-0.005,0.0375,0.3426
0.02,0.09499999999999997,0.0,0.525,0.525
0.025,0.09499999999999997,0.0,0.4638,0.4647
0.030000000000000002,0.09499999999999997,0.0,0.4036,0.415
0.035,0.09499999999999997,0.0,0.3419,0.3869
0.04000000000000001,0.09499999999999997,0.0,0.2794,0.3687
0.045000000000000005,0.09499999999999997,0.0,0.2252,0.3586
0.05,0.09499999999999997,0.0,0.1825,0.3532
0.05500000000000001,0.09499999999999997,0.0,0.1404,0.3508
0.06000000000000001,0.09499999999999997,0.0,0.1075,0.3493
0.065,0.09499999999999997,0.0,0.081,0.3473
0.07,0.09499999999999997,0.0,0.0621,0.3459
0.07500000000000001,0.09499999999999997,0.0,0.047,0.3442
0.08000000000000002,0.09499999999999997,0.0,0.0375,0.3426
0.02,0.09499999999999997,0.005,0.525,0.525
0.025,0.09499999999999997,0.005,0.4638,0.4647
0.030000000000000002,0.09499999999999997,0.005,0.4036,0.415
0.035,0.09499999999999997,0.005,0.3419,0.3869
0.04000000000000001,0.09499999999999997,0.005,0.2794,0.3687
0.045000000000000005,0.09499999999999997,0.005,0.2252,0.3586
0.05,0.09499999999999997,0.005,0.1825,0.3532
0.05500000000000001,0.09499999999999997,0.005,0.1404,0.3508
0.06000000000000001,0.09499999999999997,0.005,0.1075,0.3493
0.065,0.09499999999999997,0.005,0.081,0.3473
0.07,0.09499999999999997,0.005,0.0621,0.3459
0.07500000000000001,0.09499999999999997,0.005,0.047,0.3442
0.08000000000000002,0.09499999999999997,0.005,0.0375,0.3426
0.02,0.09499999999999997,0.01,0.525,0.525
0.025,0.09499999999999997,0.01,0.4638,0.4647
0.030000000000000002,0.09499999999999997,0.01,0.4036,0.415
0.035,0.09499999999999997,0.01,0.3419,0.3869
0.04000000000000001,0.09499999999999997,0.01,0.2794,0.3687
0.045000000000000005,0.09499999999999997,0.01,0.2252,0.3586
0.05,0.09499999999999997,0.01,0.1825,0.3532
0.05500000000000001,0.09499999999999997,0.01,0.1404,0.3508
0.06000000000000001,0.09499999999999997,0.01,0.1075,0.3493
0.065,0.09499999999999997,0.01,0.081,0.3473
0.07,0.09499999999999997,0.01,0.0621,0.3459
0.07500000000000001,0.09499999999999997,0.01,0.047,0.3442
0.08000000000000002,0.09499999999999997,0.01,0.0375,0.3426
0.02,0.09499999999999997,0.015,0.525,0.525
0.025,0.09499999999999997,0.015,0.4638,0.4647
0.030000000000000002,0.09499999999999997,0.015,0.4036,0.415
0.035,0.09499999999999997,0.015,0.3419,0.3869
0.04000000000000001,0.09499999999999997,0.015,0.2794,0.3687
0.045000000000000005,0.09499999999999997,0.015,0.2252,0.3586
0.05,0.09499999999999997,0.015,0.1825,0.3532
0.05500000000000001,0.09499999999999997,0.015,0.1404,0.3508
0.06000000000000001,0.09499999999999997,0.015,0.1075,0.3493
0.065,0.09499999999999997,0.015,0.081,0.3473
0.07,0.09499999999999997,0.015,0.0621,0.3459
0.07500000000000001,0.09499999999999997,0.015,0.047,0.3442
0.08000000000000002,0.09499999999999997,0.015,0.0375,0.3426
0.02,0.09499999999999997,0.02,0.4167,0.4167
0.025,0.09499999999999997,0.02,0.3672,0.368
0.030000000000000002,0.09499999999999997,0.02,0.3192,0.3285
0.035,0.09499999999999997,0.02,0.2708,0.3077
0.04000000000000001,0.09499999999999997,0.02,0.2208,0.2931
0.045000000000000005,0.09499999999999997,0.02,0.1776,0.2852
0.05,0.09499999999999997,0.02,0.1437,0.2812
0.05500000000000001,0.09499999999999997,0.02,0.1116,0.2792
0.06000000000000001,0.09499999999999997,0.02,0.0854,0.2781
0.065,0.09499999999999997,0.02,0.0651,0.2764
0.07,0.09499999999999997,0.02,0.0489,0.2752
0.07500000000000001,0.09499999999999997,0.02,0.0378,0.274
0.08000000000000002,0.09499999999999997,0.02,0.0298,0.2726
0.02,0.09499999999999997,0.025,0.4167,0.4167
0.025,0.09499999999999997,0.025,0.3672,0.368
0.030000000000000002,0.09499999999999997,0.025,0.3192,0.3285
0.035,0.09499999999999997,0.025,0.2708,0.3077
0.04000000000000001,0.09499999999999997,0.025,0.2208,0.2931
0.045000000000000005,0.09499999999999997,0.025,0.1776,0.2852
0.05,0.09499999999999997,0.025,0.1437,0.2812
0.05500000000000001,0.09499999999999997,0.025,0.1116,0.2792
0.06000000000000001,0.09499999999999997,0.025,0.0854,0.2781
0.065,0.09499999999999997,0.025,0.0651,0.2764
0.07,0.09499999999999997,0.025,0.0489,0.2752
0.07500000000000001,0.09499999999999997,0.025,0.0378,0.274
0.08000000000000002,0.09499999999999997,0.025,0.0298,0.2726
0.02,0.09499999999999997,0.03,0.4167,0.4167
0.025,0.09499999999999997,0.03,0.3672,0.368
0.030000000000000002,0.09499999999999997,0.03,0.3192,0.3285
0.035,0.09499999999999997,0.03,0.2708,0.3077
0.04000000000000001,0.09499999999999997,0.03,0.2208,0.2931
0.045000000000000005,0.09499999999999997,0.03,0.1776,0.2852
0.05,0.09499999999999997,0.03,0.1437,0.2812
0.05500000000000001,0.09499999999999997,0.03,0.1116,0.2792
0.06000000000000001,0.09499999999999997,0.03,0.0854,0.2781
0.065,0.09499999999999997,0.03,0.0651,0.2764
0.07,0.09499999999999997,0.03,0.0489,0.2752
0.07500000000000001,0.09499999999999997,0.03,0.0378,0.274
0.08000000000000002,0.09499999999999997,0.03,0.0298,0.2726
0.02,0.09499999999999997,0.035,0.4167,0.4167
0.025,0.09499999999999997,0.035,0.3672,0.368
0.030000000000000002,0.09499999999999997,0.035,0.3192,0.3285
0.035,0.09499999999999997,0.035,0.2708,0.3077
0.04000000000000001,0.09499999999999997,0.035,0.2208,0.2931
0.045000000000000005,0.09499999999999997,0.035,0.1776,0.2852
0.05,0.09499999999999997,0.035,0.1437,0.2812
0.05500000000000001,0.09499999999999997,0.035,0.1116,0.2792
0.06000000000000001,0.09499999999999997,0.035,0.0854,0.2781
0.065,0.09499999999999997,0.035,0.0651,0.2764
0.07,0.09499999999999997,0.035,0.0489,0.2752
0.07500000000000001,0.09499999999999997,0.035,0.0378,0.274
0.08000000000000002,0.09499999999999997,0.035,0.0298,0.2726
0.02,0.09999999999999998,-0.01,0.5005,0.5005
0.025,0.09999999999999998,-0.01,0.4439,0.4452
0.030000000000000002,0.09999999999999998,-0.01,0.384,0.3947
0.035,0.09999999999999998,-0.01,0.3271,0.3688
0.04000000000000001,0.09999999999999998,-0.01,0.2659,0.3511
0.045000000000000005,0.09999999999999998,-0.01,0.2156,0.3412
0.05,0.09999999999999998,-0.01,0.1739,0.3369
0.05500000000000001,0.09999999999999998,-0.01,0.1344,0.3345
0.06000000000000001,0.09999999999999998,-0.01,0.1029,0.332
0.065,0.09999999999999998,-0.01,0.0772,0.3304
0.07,0.09999999999999998,-0.01,0.0596,0.3287
0.07500000000000001,0.09999999999999998,-0.01,0.0453,0.3279
0.08000000000000002,0.09999999999999998,-0.01,0.0361,0.3268
0.02,0.09999999999999998,-0.005,0.5005,0.5005
0.025,0.09999999999999998,-0.005,0.4439,0.4452
0.030000000000000002,0.09999999999999998,-0.005,0.384,0.3947
0.035,0.09999999999999998,-0.005,0.3271,0.3688
0.04000000000000001,0.09999999999999998,-0.005,0.2659,0.3511
0.045000000000000005,0.09999999999999998,-0.005,0.2156,0.3412
0.05,0.09999999999999998,-0.005,0.1739,0.3369
0.05500000000000001,0.09999999999999998,-0.005,0.1344,0.3345
0.06000000000000001,0.09999999999999998,-0.005,0.1029,0.332
0.065,0.09999999999999998,-0.005,0.0772,0.3304
0.07,0.09999999999999998,-0.005,0.0596,0.3287
0.07500000000000001,0.09999999999999998,-0.005,0.0453,0.3279
0.08000000000000002,0.09999999999999998,-0.005,0.0361,0.3268
0.02,0.09999999999999998,0.0,0.5005,0.5005
0.025,0.09999999999999998,0.0,0.4439,0.4452
0.030000000000000002,0.09999999999999998,0.0,0.384,0.3947
0.035,0.09999999999999998,0.0,0.3271,0.3688
0.04000000000000001,0.09999999999999998,0.0,0.2659,0.3511
0.045000000000000005,0.09999999999999998,0.0,0.2156,0.3412
0.05,0.09999999999999998,0.0,0.1739,0.3369
0.05500000000000001,0.09999999999999998,0.0,0.1344,0.3345
0.06000000000000001,0.09999999999999998,0.0,0.1029,0.332
0.065,0.09999999999999998,0.0,0.0772,0.3304
0.07,0.09999999999999998,0.0,0.0596,0.3287
0.07500000000000001,0.09999999999999998,0.0,0.0453,0.3279
0.08000000000000002,0.09999999999999998,0.0,0.0361,0.3268
0.02,0.09999999999999998,0.005,0.5005,0.5005
0.025,0.09999999999999998,0.005,0.4439,0.4452
0.030000000000000002,0.09999999999999998,0.005,0.384,0.3947
0.035,0.09999999999999998,0.005,0.3271,0.3688
0.04000000000000001,0.09999999999999998,0.005,0.2659,0.3511
0.045000000000000005,0.09999999999999998,0.005,0.2156,0.3412
0.05,0.09999999999999998,0.005,0.1739,0.3369
0.05500000000000001,0.09999999999999998,0.005,0.1344,0.3345
0.06000000000000001,0.09999999999999998,0.005,0.1029,0.332
0.065,0.09999999999999998,0.005,0.0772,0.3304
0.07,0.09999999999999998,0.005,0.0596,0.3287
0.07500000000000001,0.09999999999999998,0.005,0.0453,0.3279
0.08000000000000002,0.09999999999999998,0.005,0.0361,0.3268
0.02,0.09999999999999998,0.01,0.5005,0.5005
0.025,0.09999999999999998,0.01,0.4439,0.4452
0.030000000000000002,0.09999999999999998,0.01,0.384,0.3947
0.035,0.09999999999999998,0.01,0.3271,0.3688
0.04000000000000001,0.09999999999999998,0.01,0.2659,0.3511
0.045000000000000005,0.09999999999999998,0.01,0.2156,0.3412
0.05,0.09999999999999998,0.01,0.1739,0.3369
0.05500000000000001,0.09999999999999998,0.01,0.1344,0.3345
0.06000000000000001,0.09999999999999998,0.01,0.1029,0.332
0.065,0.09999999999999998,0.01,0.0772,0.3304
0.07,0.09999999999999998,0.01,0.0596,0.3287
0.07500000000000001,0.09999999999999998,0.01,0.0453,0.3279
0.08000000000000002,0.09999999999999998,0.01,0.0361,0.3268
0.02,0.09999999999999998,0.015,0.5005,0.5005
0.025,0.09999999999999998,0.015,0.4439,0.4452
0.030000000000000002,0.09999999999999998,0.015,0.384,0.3947
0.035,0.09999999999999998,0.015,0.3271,0.3688
0.04000000000000001,0.09999999999999998,0.015,0.2659,0.3511
0.045000000000000005,0.09999999999999998,0.015,0.2156,0.3412
0.05,0.09999999999999998,0.015,0.1739,0.3369
0.05500000000000001,0.09999999999999998,0.015,0.1344,0.3345
0.06000000000000001,0.09999999999999998,0.015,0.1029,0.332
0.065,0.09999999999999998,0.015,0.0772,0.3304
0.07,0.09999999999999998,0.015,0.0596,0.3287
0.07500000000000001,0.09999999999999998,0.015,0.0453,0.3279
0.08000000000000002,0.09999999999999998,0.015,0.0361,0.3268
0.02,0.09999999999999998,0.02,0.3971,0.3971
0.025,0.09999999999999998,0.02,0.351,0.352
0.030000000000000002,0.09999999999999998,0.02,0.3043,0.3125
0.035,0.09999999999999998,0.02,0.2596,0.2934
0.04000000000000001,0.09999999999999998,0.02,0.21,0.279
0.045000000000000005,0.09999999999999998,0.02,0.1696,0.2717
0.05,0.09999999999999998,0.02,0.1374,0.2681
0.05500000000000001,0.09999999999999998,0.02,0.1065,0.2661
0.06000000000000001,0.09999999999999998,0.02,0.0812,0.2643
0.065,0.09999999999999998,0.02,0.0619,0.2632
0.07,0.09999999999999998,0.02,0.0472,0.262
0.07500000000000001,0.09999999999999998,0.02,0.0366,0.2613
0.08000000000000002,0.09999999999999998,0.02,0.029,0.2602
0.02,0.09999999999999998,0.025,0.3971,0.3971
0.025,0.09999999999999998,0.025,0.351,0.352
0.030000000000000002,0.09999999999999998,0.025,0.3043,0.3125
0.035,0.09999999999999998,0.025,0.2596,0.2934
0.04000000000000001,0.09999999999999998,0.025,0.21,0.279
0.045000000000000005,0.09999999999999998,0.025,0.1696,0.2717
0.05,0.09999999999999998,0.025,0.1374,0.2681
0.05500000000000001,0.09999999999999998,0.025,0.1065,0.2661
0.06000000000000001,0.09999999999999998,0.025,0.0812,0.2643
0.065,0.09999999999999998,0.025,0.0619,0.2632
0.07,0.09999999999999998,0.025,0.0472,0.262
0.07500000000000001,0.09999999999999998,0.025,0.0366,0.2613
0.08000000000000002,0.09999999999999998,0.025,0.029,0.2602
0.02,0.09999999999999998,0.03,0.3971,0.3971
0.025,0.09999999999999998,0.03,0.351,0.352
0.030000000000000002,0.09999999999999998,0.03,0.3043,0.3125
0.035,0.09999999999999998,0.03,0.2596,0.2934
0.04000000000000001,0.09999999999999998,0.03,0.21,0.279
0.045000000000000005,0.09999999999999998,0.03,0.1696,0.2717
0.05,0.09999999999999998,0.03,0.1374,0.2681
0.05500000000000001,0.09999999999999998,0.03,0.1065,0.2661
0.06000000000000001,0.09999999999999998,0.03,0.0812,0.2643
0.065,0.09999999999999998,0.03,0.0619,0.2632
0.07,0.09999999999999998,0.03,0.0472,0.262
0.07500000000000001,0.09999999999999998,0.03,0.0366,0.2613
0.08000000000000002,0.09999999999999998,0.03,0.029,0.2602
0.02,0.09999999999999998,0.035,0.3971,0.3971
0.025,0.09999999999999998,0.035,0.351,0.352
0.030000000000000002,0.09999999999999998,0.035,0.3043,0.3125
0.035,0.09999999999999998,0.035,0.2596,0.2934
0.04000000000000001,0.09999999999999998,0.035,0.21,0.279
0.045000000000000005,0.09999999999999998,0.035,0.1696,0.2717
0.05,0.09999999999999998,0.035,0.1374,0.2681
0.05500000000000001,0.09999999999999998,0.035,0.1065,0.2661
0.06000000000000001,0.09999999999999998,0.035,0.0812,0.2643
0.065,0.09999999999999998,0.035,0.0619,0.2632
0.07,0.09999999999999998,0.035,0.0472,0.262
0.07500000000000001,0.09999999999999998,0.035,0.0366,0.2613
0.08000000000000002,0.09999999999999998,0.035,0.029,0.2602
0.02,0.10499999999999998,-0.01,0.4779,0.4779
0.025,0.10499999999999998,-0.01,0.4199,0.4209
0.030000000000000002,0.10499999999999998,-0.01,0.3673,0.3778
0.035,0.10499999999999998,-0.01,0.3109,0.3522
0.04000000000000001,0.10499999999999998,-0.01,0.253,0.3356
0.045000000000000005,0.10499999999999998,-0.01,0.2061,0.3271
0.05,0.10499999999999998,-0.01,0.167,0.3212
0.05500000000000001,0.10499999999999998,-0.01,0.1286,0.3185
0.06000000000000001,0.10499999999999998,-0.01,0.0986,0.3169
0.065,0.10499999999999998,-0.01,0.0736,0.3157
0.07,0.10499999999999998,-0.01,0.0569,0.3143
0.07500000000000001,0.10499999999999998,-0.01,0.0435,0.3132
0.08000000000000002,0.10499999999999998,-0.01,0.035,0.3126
0.02,0.10499999999999998,-0.005,0.4779,0.4779
0.025,0.10499999999999998,-0.005,0.4199,0.4209
0.030000000000000002,0.10499999999999998,-0.005,0.3673,0.3778
0.035,0.10499999999999998,-0.005,0.3109,0.3522
0.04000000000000001,0.10499999999999998,-0.005,0.253,0.3356
0.045000000000000005,0.10499999999999998,-0.005,0.2061,0.3271
0.05,0.10499999999999998,-0.005,0.167,0.3212
0.05500000000000001,0.10499999999999998,-0.005,0.1286,0.3185
0.06000000000000001,0.10499999999999998,-0.005,0.0986,0.3169
0.065,0.10499999999999998,-0.005,0.0736,0.3157
0.07,0.10499999999999998,-0.005,0.0569,0.3143
0.07500000000000001,0.10499999999999998,-0.005,0.0435,0.3132
0.08000000000000002,0.10499999999999998,-0.005,0.035,0.3126
0.02,0.10499999999999998,0.0,0.4779,0.4779
0.025,0.10499999999999998,0.0,0.4199,0.4209
0.030000000000000002,0.10499999999999998,0.0,0.3673,0.3778
0.035,0.10499999999999998,0.0,0.3109,0.3522
0.04000000000000001,0.10499999999999998,0.0,0.253,0.3356
0.045000000000000005,0.10499999999999998,0.0,0.2061,0.3271
0.05,0.10499999999999998,0.0,0.167,0.3212
0.05500000000000001,0.10499999999999998,0.0,0.1286,0.3185
0.06000000000000001,0.10499999999999998,0.0,0.0986,0.3169
0.065,0.10499999999999998,0.0,0.0736,0.3157
0.07,0.10499999999999998,0.0,0.0569,0.3143
0.07500000000000001,0.10499999999999998,0.0,0.0435,0.3132
0.08000000000000002,0.10499999999999998,0.0,0.035,0.3126
0.02,0.10499999999999998,0.005,0.4779,0.4779
0.025,0.10499999999999998,0.005,0.4199,0.4209
0.030000000000000002,0.10499999999999998,0.005,0.3673,0.3778
0.035,0.10499999999999998,0.005,0.3109,0.3522
0.04000000000000001,0.10499999999999998,0.005,0.253,0.3356
0.045000000000000005,0.10499999999999998,0.005,0.2061,0.3271
0.05,0.10499999999999998,0.005,0.167,0.3212
0.05500000000000001,0.10499999999999998,0.005,0.1286,0.3185
0.06000000000000001,0.10499999999999998,0.005,0.0986,0.3169
0.065,0.10499999999999998,0.005,0.0736,0.3157
0.07,0.10499999999999998,0.005,0.0569,0.3143
0.07500000000000001,0.10499999999999998,0.005,0.0435,0.3132
0.08000000000000002,0.10499999999999998,0.005,0.035,0.3126
0.02,0.10499999999999998,0.01,0.4779,0.4779
0.025,0.10499999999999998,0.01,0.4199,0.4209
0.030000000000000002,0.10499999999999998,0.01,0.3673,0.3778
0.035,0.10499999999999998,0.01,0.3109,0.3522
0.04000000000000001,0.10499999999999998,0.01,0.253,0.3356
0.045000000000000005,0.10499999999999998,0.01,0.2061,0.3271
0.05,0.10499999999999998,0.01,0.167,0.3212
0.05500000000000001,0.10499999999999998,0.01,0.1286,0.3185
0.06000000000000001,0.10499999999999998,0.01,0.0986,0.3169
0.065,0.10499999999999998,0.01,0.0736,0.3157
0.07,0.10499999999999998,0.01,0.0569,0.3143
0.07500000000000001,0.10499999999999998,0.01,0.0435,0.3132
0.08000000000000002,0.10499999999999998,0.01,0.035,0.3126
0.02,0.10499999999999998,0.015,0.4779,0.4779
0.025,0.10499999999999998,0.015,0.4199,0.4209
0.030000000000000002,0.10499999999999998,0.015,0.3673,0.3778
0.035,0.10499999999999998,0.015,0.3109,0.3522
0.04000000000000001,0.10499999999999998,0.015,0.253,0.3356
0.045000000000000005,0.10499999999999998,0.015,0.2061,0.3271
0.05,0.10499999999999998,0.015,0.167,0.3212
0.05500000000000001,0.10499999999999998,0.015,0.1286,0.3185
0.06000000000000001,0.10499999999999998,0.015,0.0986,0.3169
0.065,0.10499999999999998,0.015,0.0736,0.3157
0.07,0.10499999999999998,0.015,0.0569,0.3143
0.07500000000000001,0.10499999999999998,0.015,0.0435,0.3132
0.08000000000000002,0.10499999999999998,0.015,0.035,0.3126
0.02,0.10499999999999998,0.02,0.3779,0.3779
0.025,0.10499999999999998,0.02,0.3325,0.333
0.030000000000000002,0.10499999999999998,0.02,0.2921,0.3002
0.035,0.10499999999999998,0.02,0.2469,0.2805
0.04000000000000001,0.10499999999999998,0.02,0.2002,0.2671
0.045000000000000005,0.10499999999999998,0.02,0.1623,0.2606
0.05,0.10499999999999998,0.02,0.1319,0.2555
0.05500000000000001,0.10499999999999998,0.02,0.1018,0.2533
0.06000000000000001,0.10499999999999998,0.02,0.0782,0.2521
0.065,0.10499999999999998,0.02,0.0588,0.2512
0.07,0.10499999999999998,0.02,0.0449,0.2502
0.07500000000000001,0.10499999999999998,0.02,0.0351,0.2491
0.08000000000000002,0.10499999999999998,0.02,0.0284,0.2487
0.02,0.10499999999999998,0.025,0.3779,0.3779
0.025,0.10499999999999998,0.025,0.3325,0.333
0.030000000000000002,0.10499999999999998,0.025,0.2921,0.3002
0.035,0.10499999999999998,0.025,0.2469,0.2805
0.04000000000000001,0.10499999999999998,0.025,0.2002,0.2671
0.045000000000000005,0.10499999999999998,0.025,0.1623,0.2606
0.05,0.10499999999999998,0.025,0.1319,0.2555
0.05500000000000001,0.10499999999999998,0.025,0.1018,0.2533
0.06000000000000001,0.10499999999999998,0.025,0.0782,0.2521
0.065,0.10499999999999998,0.025,0.0588,0.2512
0.07,0.10499999999999998,0.025,0.0449,0.2502
0.07500000000000001,0.10499999999999998,0.025,0.0351,0.2491
0.08000000000000002,0.10499999999999998,0.025,0.0284,0.2487
0.02,0.10499999999999998,0.03,0.3779,0.3779
0.025,0.10499999999999998,0.03,0.3325,0.333
0.030000000000000002,0.10499999999999998,0.03,0.2921,0.3002
0.035,0.10499999999999998,0.03,0.2469,0.2805
0.04000000000000001,0.10499999999999998,0.03,0.2002,0.2671
0.045000000000000005,0.10499999999999998,0.03,0.1623,0.2606
0.05,0.10499999999999998,0.03,0.1319,0.2555
0.05500000000000001,0.10499999999999998,0.03,0.1018,0.2533
0.06000000000000001,0.10499999999999998,0.03,0.0782,0.2521
0.065,0.10499999999999998,0.03,0.0588,0.2512
0.07,0.10499999999999998,0.03,0.0449,0.2502
0.07500000000000001,0.10499999999999998,0.03,0.0351,0.2491
0.08000000000000002,0.10499999999999998,0.03,0.0284,0.2487
0.02,0.10499999999999998,0.035,0.3779,0.3779
0.025,0.10499999999999998,0.035,0.3325,0.333
0.030000000000000002,0.10499999999999998,0.035,0.2921,0.3002
0.035,0.10499999999999998,0.035,0.2469,0.2805
0.04000000000000001,0.10499999999999998,0.035,0.2002,0.2671
0.045000000000000005,0.10499999999999998,0.035,0.1623,0.2606
0.05,0.10499999999999998,0.035,0.1319,0.2555
0.05500000000000001,0.10499999999999998,0.035,0.1018,0.2533
0.06000000000000001,0.10499999999999998,0.035,0.0782,0.2521
0.065,0.10499999999999998,0.035,0.0588,0.2512
0.07,0.10499999999999998,0.035,0.0449,0.2502
0.07500000000000001,0.10499999999999998,0.035,0.0351,0.2491
0.08000000000000002,0.10499999999999998,0.035,0.0284,0.2487
0.02,0.10999999999999997,-0.01,0.4579,0.4579
0.025,0.10999999999999997,-0.01,0.4014,0.4025
0.030000000000000002,0.10999999999999997,-0.01,0.3531,0.362
0.035,0.10999999999999997,-0.01,0.2986,0.3372
0.04000000000000001,0.10999999999999997,-0.01,0.2419,0.3206
0.045000000000000005,0.10999999999999997,-0.01,0.1979,0.3123
0.05,0.10999999999999997,-0.01,0.1603,0.3078
0.05500000000000001,0.10999999999999997,-0.01,0.1227,0.3061
0.06000000000000001,0.10999999999999997,-0.01,0.0939,0.3051
0.065,0.10999999999999997,-0.01,0.0718,0.3037
0.07,0.10999999999999997,-0.01,0.0548,0.3025
0.07500000000000001,0.10999999999999997,-0.01,0.0421,0.3014
0.08000000000000002,0.10999999999999997,-0.01,0.0343,0.3008
0.02,0.10999999999999997,-0.005,0.4579,0.4579
0.025,0.10999999999999997,-0.005,0.4014,0.4025
0.030000000000000002,0.10999999999999997,-0.005,0.3531,0.362
0.035,0.10999999999999997,-0.005,0.2986,0.3372
0.04000000000000001,0.10999999999999997,-0.005,0.2419,0.3206
0.045000000000000005,0.10999999999999997,-0.005,0.1979,0.3123
0.05,0.10999999999999997,-0.005,0.1603,0.3078
0.05500000000000001,0.10999999999999997,-0.005,0.1227,0.3061
0.06000000000000001,0.10999999999999997,-0.005,0.0939,0.3051
0.065,0.10999999999999997,-0.005,0.0718,0.3037
0.07,0.10999999999999997,-0.005,0.0548,0.3025
0.07500000000000001,0.10999999999999997,-0.005,0.0421,0.3014
0.08000000000000002,0.10999999999999997,-0.005,0.0343,0.3008
0.02,0.10999999999999997,0.0,0.4579,0.4579
0.025,0.10999999999999997,0.0,0.4014,0.4025
0.030000000000000002,0.10999999999999997,0.0,0.3531,0.362
0.035,0.10999999999999997,0.0,0.2986,0.3372
0.04000000000000001,0.10999999999999997,0.0,0.2419,0.3206
0.045000000000000005,0.10999999999999997,0.0,0.1979,0.3123
0.05,0.10999999999999997,0.0,0.1603,0.3078
0.05500000000000001,0.10999999999999997,0.0,0.1227,0.3061
0.06000000000000001,0.10999999999999997,0.0,0.0939,0.3051
0.065,0.10999999999999997,0.0,0.0718,0.3037
0.07,0.10999999999999997,0.0,0.0548,0.3025
0.07500000000000001,0.10999999999999997,0.0,0.0421,0.3014
0.08000000000000002,0.10999999999999997,0.0,0.0343,0.3008
0.02,0.10999999999999997,0.005,0.4579,0.4579
0.025,0.10999999999999997,0.005,0.4014,0.4025
0.030000000000000002,0.10999999999999997,0.005,0.3531,0.362
0.035,0.10999999999999997,0.005,0.2986,0.3372
0.04000000000000001,0.10999999999999997,0.005,0.2419,0.3206
0.045000000000000005,0.10999999999999997,0.005,0.1979,0.3123
0.05,0.10999999999999997,0.005,0.1603,0.3078
0.05500000000000001,0.10999999999999997,0.005,0.1227,0.3061
0.06000000000000001,0.10999999999999997,0.005,0.0939,0.3051
0.065,0.10999999999999997,0.005,0.0718,0.3037
0.07,0.10999999999999997,0.005,0.0548,0.3025
0.07500000000000001,0.10999999999999997,0.005,0.0421,0.3014
0.08000000000000002,0.10999999999999997,0.005,0.0343,0.3008
0.02,0.10999999999999997,0.01,0.4579,0.4579
0.025,0.10999999999999997,0.01,0.4014,0.4025
0.030000000000000002,0.10999999999999997,0.01,0.3531,0.362
0.035,0.10999999999999997,0.01,0.2986,0.3372
0.04000000000000001,0.10999999999999997,0.01,0.2419,0.3206
0.045000000000000005,0.10999999999999997,0.01,0.1979,0.3123
0.05,0.10999999999999997,0.01,0.1603,0.3078
0.05500000000000001,0.10999999999999997,0.01,0.1227,0.3061
0.06000000000000001,0.10999999999999997,0.01,0.0939,0.3051
0.065,0.10999999999999997,0.01,0.0718,0.3037
0.07,0.10999999999999997,0.01,0.0548,0.3025
0.07500000000000001,0.10999999999999997,0.01,0.0421,0.3014
0.08000000000000002,0.10999999999999997,0.01,0.0343,0.3008
0.02,0.10999999999999997,0.015,0.4579,0.4579
0.025,0.10999999999999997,0.015,0.4014,0.4025
0.030000000000000002,0.10999999999999997,0.015,0.3531,0.362
0.035,0.10999999999999997,0.015,0.2986,0.3372
0.04000000000000001,0.10999999999999997,0.015,0.2419,0.3206
0.045000000000000005,0.10999999999999997,0.015,0.1979,0.3123
0.05,0.10999999999999997,0.015,0.1603,0.3078
0.05500000000000001,0.10999999999999997,0.015,0.1227,0.3061
0.06000000000000001,0.10999999999999997,0.015,0.0939,0.3051
0.065,0.10999999999999997,0.015,0.0718,0.3037
0.07,0.10999999999999997,0.015,0.0548,0.3025
0.07500000000000001,0.10999999999999997,0.015,0.0421,0.3014
0.08000000000000002,0.10999999999999997,0.015,0.0343,0.3008
0.02,0.10999999999999997,0.02,0.3617,0.3617
0.025,0.10999999999999997,0.02,0.319,0.3196
0.030000000000000002,0.10999999999999997,0.02,0.2812,0.2886
0.035,0.10999999999999997,0.02,0.2368,0.2683
0.04000000000000001,0.10999999999999997,0.02,0.191,0.2554
0.045000000000000005,0.10999999999999997,0.02,0.1557,0.2484
0.05,0.10999999999999997,0.02,0.1271,0.2446
0.05500000000000001,0.10999999999999997,0.02,0.0966,0.2433
0.06000000000000001,0.10999999999999997,0.02,0.0747,0.2426
0.065,0.10999999999999997,0.02,0.0572,0.2415
0.07,0.10999999999999997,0.02,0.0435,0.2406
0.07500000000000001,0.10999999999999997,0.02,0.0338,0.2399
0.08000000000000002,0.10999999999999997,0.02,0.0278,0.2397
0.02,0.10999999999999997,0.025,0.3617,0.3617
0.025,0.10999999999999997,0.025,0.319,0.3196
0.030000000000000002,0.10999999999999997,0.025,0.2812,0.2886
0.035,0.10999999999999997,0.025,0.2368,0.2683
0.04000000000000001,0.10999999999999997,0.025,0.191,0.2554
0.045000000000000005,0.10999999999999997,0.025,0.1557,0.2484
0.05,0.10999999999999997,0.025,0.1271,0.2446
0.05500000000000001,0.10999999999999997,0.025,0.0966,0.2433
0.06000000000000001,0.10999999999999997,0.025,0.0747,0.2426
0.065,0.10999999999999997,0.025,0.0572,0.2415
0.07,0.10999999999999997,0.025,0.0435,0.2406
0.07500000000000001,0.10999999999999997,0.025,0.0338,0.2399
0.08000000000000002,0.10999999999999997,0.025,0.0278,0.2397
0.02,0.10999999999999997,0.03,0.3617,0.3617
0.025,0.10999999999999997,0.03,0.319,0.3196
0.030000000000000002,0.10999999999999997,0.03,0.2812,0.2886
0.035,0.10999999999999997,0.03,0.2368,0.2683
0.04000000000000001,0.10999999999999997,0.03,0.191,0.2554
0.045000000000000005,0.10999999999999997,0.03,0.1557,0.2484
0.05,0.10999999999999997,0.03,0.1271,0.2446
0.05500000000000001,0.10999999999999997,0.03,0.0966,0.2433
0.06000000000000001,0.10999999999999997,0.03,0.0747,0.2426
0.065,0.10999999999999997,0.03,0.0572,0.2415
0.07,0.10999999999999997,0.03,0.0435,0.2406
0.07500000000000001,0.10999999999999997,0.03,0.0338,0.2399
0.08000000000000002,0.10999999999999997,0.03,0.0278,0.2397
0.02,0.10999999999999997,0.035,0.3617,0.3617
0.025,0.10999999999999997,0.035,0.319,0.3196
0.030000000000000002,0.10999999999999997,0.035,0.2812,0.2886
0.035,0.10999999999999997,0.035,0.2368,0.2683
0.04000000000000001,0.10999999999999997,0.035,0.191,0.2554
0.045000000000000005,0.10999999999999997,0.035,0.1557,0.2484
0.05,0.10999999999999997,0.035,0.1271,0.2446
0.05500000000000001,0.10999999999999997,0.035,0.0966,0.2433
0.06000000000000001,0.10999999999999997,0.035,0.0747,0.2426
0.065,0.10999999999999997,0.035,0.0572,0.2415
0.07,0.10999999999999997,0.035,0.0435,0.2406
0.07500000000000001,0.10999999999999997,0.035,0.0338,0.2399
0.08000000000000002,0.10999999999999997,0.035,0.0278,0.2397
0.02,0.11499999999999996,-0.01,0.4393,0.4393
0.025,0.11499999999999996,-0.01,0.3886,0.3899
0.030000000000000002,0.11499999999999996,-0.01,0.3405,0.3488
0.035,0.11499999999999996,-0.01,0.2872,0.3244
0.04000000000000001,0.11499999999999996,-0.01,0.2358,0.3093
0.045000000000000005,0.11499999999999996,-0.01,0.1909,0.3014
0.05,0.11499999999999996,-0.01,0.1546,0.2976
0.05500000000000001,0.11499999999999996,-0.01,0.1195,0.2956
0.06000000000000001,0.11499999999999996,-0.01,0.0916,0.2939
0.065,0.11499999999999996,-0.01,0.0696,0.2924
0.07,0.11499999999999996,-0.01,0.053,0.2911
0.07500000000000001,0.11499999999999996,-0.01,0.041,0.2895
0.08000000000000002,0.11499999999999996,-0.01,0.0339,0.2884
0.02,0.11499999999999996,-0.005,0.4393,0.4393
0.025,0.11499999999999996,-0.005,0.3886,0.3899
0.030000000000000002,0.11499999999999996,-0.005,0.3405,0.3488
0.035,0.11499999999999996,-0.005,0.2872,0.3244
0.04000000000000001,0.11499999999999996,-0.005,0.2358,0.3093
0.045000000000000005,0.11499999999999996,-0.005,0.1909,0.3014
0.05,0.11499999999999996,-0.005,0.1546,0.2976
0.05500000000000001,0.11499999999999996,-0.005,0.1195,0.2956
0.06000000000000001,0.11499999999999996,-0.005,0.0916,0.2939
0.065,0.11499999999999996,-0.005,0.0696,0.2924
0.07,0.11499999999999996,-0.005,0.053,0.2911
0.07500000000000001,0.11499999999999996,-0.005,0.041,0.2895
0.08000000000000002,0.11499999999999996,-0.005,0.0339,0.2884
0.02,0.11499999999999996,0.0,0.4393,0.4393
0.025,0.11499999999999996,0.0,0.3886,0.3899
0.030000000000000002,0.11499999999999996,0.0,0.3405,0.3488
0.035,0.11499999999999996,0.0,0.2872,0.3244
0.04000000000000001,0.11499999999999996,0.0,0.2358,0.3093
0.045000000000000005,0.11499999999999996,0.0,0.1909,0.3014
0.05,0.11499999999999996,0.0,0.1546,0.2976
0.05500000000000001,0.11499999999999996,0.0,0.1195,0.2956
0.06000000000000001,0.11499999999999996,0.0,0.0916,0.2939
0.065,0.11499999999999996,0.0,0.0696,0.2924
0.07,0.11499999999999996,0.0,0.053,0.2911
0.07500000000000001,0.11499999999999996,0.0,0.041,0.2895
0.08000000000000002,0.11499999999999996,0.0,0.0339,0.2884
0.02,0.11499999999999996,0.005,0.4393,0.4393
0.025,0.11499999999999996,0.005,0.3886,0.3899
0.030000000000000002,0.11499999999999996,0.005,0.3405,0.3488
0.035,0.11499999999999996,0.005,0.2872,0.3244
0.04000000000000001,0.11499999999999996,0.005,0.2358,0.3093
0.045000000000000005,0.11499999999999996,0.005,0.1909,0.3014
0.05,0.11499999999999996,0.005,0.1546,0.2976
0.05500000000000001,0.11499999999999996,0.005,0.1195,0.2956
0.06000000000000001,0.11499999999999996,0.005,0.0916,0.2939
0.065,0.11499999999999996,0.005,0.0696,0.2924
0.07,0.11499999999999996,0.005,0.053,0.2911
0.07500000000000001,0.11499999999999996,0.005,0.041,0.2895
0.08000000000000002,0.11499999999999996,0.005,0.0339,0.2884
0.02,0.11499999999999996,0.01,0.4393,0.4393
0.025,0.11499999999999996,0.01,0.3886,0.3899
0.030000000000000002,0.11499999999999996,0.01,0.3405,0.3488
0.035,0.11499999999999996,0.01,0.2872,0.3244
0.04000000000000001,0.11499999999999996,0.01,0.2358,0.3093
0.045000000000000005,0.11499999999999996,0.01,0.1909,0.3014
0.05,0.11499999999999996,0.01,0.1546,0.2976
0.05500000000000001,0.11499999999999996,0.01,0.1195,0.2956
0.06000000000000001,0.11499999999999996,0.01,0.0916,0.2939
0.065,0.11499999999999996,0.01,0.0696,0.2924
0.07,0.11499999999999996,0.01,0.053,0.2911
0.07500000000000001,0.11499999999999996,0.01,0.041,0.2895
0.08000000000000002,0.11499999999999996,0.01,0.0339,0.2884
0.02,0.11499999999999996,0.015,0.4393,0.4393
0.025,0.11499999999999996,0.015,0.3886,0.3899
0.030000000000000002,0.11499999999999996,0.015,0.3405,0.3488
0.035,0.11499999999999996,0.015,0.2872,0.3244
0.04000000000000001,0.11499999999999996,0.015,0.2358,0.3093
0.045000000000000005,0.11499999999999996,0.015,0.1909,0.3014
0.05,0.11499999999999996,0.015,0.1546,0.2976
0.05500000000000001,0.11499999999999996,0.015,0.1195,0.2956
0.06000000000000001,0.11499999999999996,0.015,0.0916,0.2939
0.065,0.11499999999999996,0.015,0.0696,0.2924
0.07,0.11499999999999996,0.015,0.053,0.2911
0.07500000000000001,0.11499999999999996,0.015,0.041,0.2895
0.08000000000000002,0.11499999999999996,0.015,0.0339,0.2884
0.02,0.11499999999999996,0.02,0.3475,0.3475
0.025,0.11499999999999996,0.02,0.3096,0.3104
0.030000000000000002,0.11499999999999996,0.02,0.2714,0.2784
0.035,0.11499999999999996,0.02,0.2273,0.2585
0.04000000000000001,0.11499999999999996,0.02,0.1859,0.2466
0.045000000000000005,0.11499999999999996,0.02,0.1502,0.2401
0.05,0.11499999999999996,0.02,0.1234,0.2371
0.05500000000000001,0.11499999999999996,0.02,0.0941,0.2353
0.06000000000000001,0.11499999999999996,0.02,0.0732,0.2341
0.065,0.11499999999999996,0.02,0.0553,0.2329
0.07,0.11499999999999996,0.02,0.0419,0.2318
0.07500000000000001,0.11499999999999996,0.02,0.0327,0.2304
0.08000000000000002,0.11499999999999996,0.02,0.0274,0.2297
0.02,0.11499999999999996,0.025,0.3475,0.3475
0.025,0.11499999999999996,0.025,0.3096,0.3104
0.030000000000000002,0.11499999999999996,0.025,0.2714,0.2784
0.035,0.11499999999999996,0.025,0.2273,0.2585
0.04000000000000001,0.11499999999999996,0.025,0.1859,0.2466
0.045000000000000005,0.11499999999999996,0.025,0.1502,0.2401
0.05,0.11499999999999996,0.025,0.1234,0.2371
0.05500000000000001,0.11499999999999996,0.025,0.0941,0.2353
0.06000000000000001,0.11499999999999996,0.025,0.0732,0.2341
0.065,0.11499999999999996,0.025,0.0553,0.2329
0.07,0.11499999999999996,0.025,0.0419,0.2318
0.07500000000000001,0.11499999999999996,0.025,0.0327,0.2304
0.08000000000000002,0.11499999999999996,0.025,0.0274,0.2297
0.02,0.11499999999999996,0.03,0.3475,0.3475
0.025,0.11499999999999996,0.03,0.3096,0.3104
0.030000000000000002,0.11499999999999996,0.03,0.2714,0.2784
0.035,0.11499999999999996,0.03,0.2273,0.2585
0.04000000000000001,0.11499999999999996,0.03,0.1859,0.2466
0.045000000000000005,0.11499999999999996,0.03,0.1502,0.2401
0.05,0.11499999999999996,0.03,0.1234,0.2371
0.05500000000000001,0.11499999999999996,0.03,0.0941,0.2353
0.06000000000000001,0.11499999999999996,0.03,0.0732,0.2341
0.065,0.11499999999999996,0.03,0.0553,0.2329
0.07,0.11499999999999996,0.03,0.0419,0.2318
0.07500000000000001,0.11499999999999996,0.03,0.0327,0.2304
0.08000000000000002,0.11499999999999996,0.03,0.0274,0.2297
0.02,0.11499999999999996,0.035,0.3475,0.3475
0.025,0.11499999999999996,0.035,0.3096,0.3104
0.030000000000000002,0.11499999999999996,0.035,0.2714,0.2784
0.035,0.11499999999999996,0.035,0.2273,0.2585
0.04000000000000001,0.11499999999999996,0.035,0.1859,0.2466
0.045000000000000005,0.11499999999999996,0.035,0.1502,0.2401
0.05,0.11499999999999996,0.035,0.1234,0.2371
0.05500000000000001,0.11499999999999996,0.035,0.0941,0.2353
0.06000000000000001,0.11499999999999996,0.035,0.0732,0.2341
0.065,0.11499999999999996,0.035,0.0553,0.2329
0.07,0.11499999999999996,0.035,0.0419,0.2318
0.07500000000000001,0.11499999999999996,0.035,0.0327,0.2304
0.08000000000000002,0.11499999999999996,0.035,0.0274,0.2297
0.02,0.11999999999999997,-0.01,0.4264,0.4265
0.025,0.11999999999999997,-0.01,0.377,0.3787
0.030000000000000002,0.11999999999999997,-0.01,0.3297,0.3384
0.035,0.11999999999999997,-0.01,0.2761,0.3137
0.04000000000000001,0.11999999999999997,-0.01,0.2286,0.2988
0.045000000000000005,0.11999999999999997,-0.01,0.1863,0.2923
0.05,0.11999999999999997,-0.01,0.1494,0.2883
0.05500000000000001,0.11999999999999997,-0.01,0.1161,0.2864
0.06000000000000001,0.11999999999999997,-0.01,0.0897,0.2852
0.065,0.11999999999999997,-0.01,0.0679,0.2845
0.07,0.11999999999999997,-0.01,0.0514,0.2833
0.07500000000000001,0.11999999999999997,-0.01,0.0401,0.282
0.08000000000000002,0.11999999999999997,-0.01,0.033,0.2812
0.02,0.11999999999999997,-0.005,0.4264,0.4265
0.025,0.11999999999999997,-0.005,0.377,0.3787
0.030000000000000002,0.11999999999999997,-0.005,0.3297,0.3384
0.035,0.11999999999999997,-0.005,0.2761,0.3137
0.04000000000000001,0.11999999999999997,-0.005,0.2286,0.2988
0.045000000000000005,0.11999999999999997,-0.005,0.1863,0.2923
0.05,0.11999999999999997,-0.005,0.1494,0.2883
0.05500000000000001,0.11999999999999997,-0.005,0.1161,0.2864
0.06000000000000001,0.11999999999999997,-0.005,0.0897,0.2852
0.065,0.11999999999999997,-0.005,0.0679,0.2845
0.07,0.11999999999999997,-0.005,0.0514,0.2833
0.07500000000000001,0.11999999999999997,-0.005,0.0401,0.282
0.08000000000000002,0.11999999999999997,-0.005,0.033,0.2812
0.02,0.11999999999999997,0.0,0.4264,0.4265
0.025,0.11999999999999997,0.0,0.377,0.3787
0.030000000000000002,0.11999999999999997,0.0,0.3297,0.3384
0.035,0.11999999999999997,0.0,0.2761,0.3137
0.04000000000000001,0.11999999999999997,0.0,0.2286,0.2988
0.045000000000000005,0.11999999999999997,0.0,0.1863,0.2923
0.05,0.11999999999999997,0.0,0.1494,0.2883
0.05500000000000001,0.11999999999999997,0.0,0.1161,0.2864
0.06000000000000001,0.11999999999999997,0.0,0.0897,0.2852
0.065,0.11999999999999997,0.0,0.0679,0.2845
0.07,0.11999999999999997,0.0,0.0514,0.2833
0.07500000000000001,0.11999999999999997,0.0,0.0401,0.282
0.08000000000000002,0.11999999999999997,0.0,0.033,0.2812
0.02,0.11999999999999997,0.005,0.4264,0.4265
0.025,0.11999999999999997,0.005,0.377,0.3787
0.030000000000000002,0.11999999999999997,0.005,0.3297,0.3384
0.035,0.11999999999999997,0.005,0.2761,0.3137
0.04000000000000001,0.11999999999999997,0.005,0.2286,0.2988
0.045000000000000005,0.11999999999999997,0.005,0.1863,0.2923
0.05,0.11999999999999997,0.005,0.1494,0.2883
0.05500000000000001,0.11999999999999997,0.005,0.1161,0.2864
0.06000000000000001,0.11999999999999997,0.005,0.0897,0.2852
0.065,0.11999999999999997,0.005,0.0679,0.2845
0.07,0.11999999999999997,0.005,0.0514,0.2833
0.07500000000000001,0.11999999999999997,0.005,0.0401,0.282
0.08000000000000002,0.11999999999999997,0.005,0.033,0.2812
0.02,0.11999999999999997,0.01,0.4264,0.4265
0.025,0.11999999999999997,0.01,0.377,0.3787
0.030000000000000002,0.11999999999999997,0.01,0.3297,0.3384
0.035,0.11999999999999997,0.01,0.2761,0.3137
0.04000000000000001,0.11999999999999997,0.01,0.2286,0.2988
0.045000000000000005,0.11999999999999997,0.01,0.1863,0.2923
0.05,0.11999999999999997,0.01,0.1494,0.2883
0.05500000000000001,0.11999999999999997,0.01,0.1161,0.2864
0.06000000000000001,0.11999999999999997,0.01,0.0897,0.2852
0.065,0.11999999999999997,0.01,0.0679,0.2845
0.07,0.11999999999999997,0.01,0.0514,0.2833
0.07500000000000001,0.11999999999999997,0.01,0.0401,0.282
0.08000000000000002,0.11999999999999997,0.01,0.033,0.2812
0.02,0.11999999999999997,0.015,0.4264,0.4265
0.025,0.11999999999999997,0.015,0.377,0.3787
0.030000000000000002,0.11999999999999997,0.015,0.3297,0.3384
0.035,0.11999999999999997,0.015,0.2761,0.3137
0.04000000000000001,0.11999999999999997,0.015,0.2286,0.2988
0.045000000000000005,0.11999999999999997,0.015,0.1863,0.2923
0.05,0.11999999999999997,0.015,0.1494,0.2883
0.05500000000000001,0.11999999999999997,0.015,0.1161,0.2864
0.06000000000000001,0.11999999999999997,0.015,0.0897,0.2852
0.065,0.11999999999999997,0.015,0.0679,0.2845
0.07,0.11999999999999997,0.015,0.0514,0.2833
0.07500000000000001,0.11999999999999997,0.015,0.0401,0.282
0.08000000000000002,0.11999999999999997,0.015,0.033,0.2812
0.02,0.11999999999999997,0.02,0.3372,0.3373
0.025,0.11999999999999997,0.02,0.3007,0.3019
0.030000000000000002,0.11999999999999997,0.02,0.2625,0.2696
0.035,0.11999999999999997,0.02,0.2181,0.2491
0.04000000000000001,0.11999999999999997,0.02,0.1801,0.2374
0.045000000000000005,0.11999999999999997,0.02,0.1469,0.232
0.05,0.11999999999999997,0.02,0.119,0.2289
0.05500000000000001,0.11999999999999997,0.02,0.0913,0.2274
0.06000000000000001,0.11999999999999997,0.02,0.0717,0.2266
0.065,0.11999999999999997,0.02,0.0539,0.2261
0.07,0.11999999999999997,0.02,0.0406,0.2252
0.07500000000000001,0.11999999999999997,0.02,0.0319,0.2244
0.08000000000000002,0.11999999999999997,0.02,0.0267,0.2237
0.02,0.11999999999999997,0.025,0.3372,0.3373
0.025,0.11999999999999997,0.025,0.3007,0.3019
0.030000000000000002,0.11999999999999997,0.025,0.2625,0.2696
0.035,0.11999999999999997,0.025,0.2181,0.2491
0.04000000000000001,0.11999999999999997,0.025,0.1801,0.2374
0.045000000000000005,0.11999999999999997,0.025,0.1469,0.232
0.05,0.11999999999999997,0.025,0.119,0.2289
0.05500000000000001,0.11999999999999997,0.025,0.0913,0.2274
0.06000000000000001,0.11999999999999997,0.025,0.0717,0.2266
0.065,0.11999999999999997,0.025,0.0539,0.2261
0.07,0.11999999999999997,0.025,0.0406,0.2252
0.07500000000000001,0.11999999999999997,0.025,0.0319,0.2244
0.08000000000000002,0.11999999999999997,0.025,0.0267,0.2237
0.02,0.11999999999999997,0.03,0.3372,0.3373
0.025,0.11999999999999997,0.03,0.3007,0.3019
0.030000000000000002,0.11999999999999997,0.03,0.2625,0.2696
0.035,0.11999999999999997,0.03,0.2181,0.2491
0.04000000000000001,0.11999999999999997,0.03,0.1801,0.2374
0.045000000000000005,0.11999999999999997,0.03,0.1469,0.232
0.05,0.11999999999999997,0.03,0.119,0.2289
0.05500000000000001,0.11999999999999997,0.03,0.0913,0.2274
0.06000000000000001,0.11999999999999997,0.03,0.0717,0.2266
0.065,0.11999999999999997,0.03,0.0539,0.2261
0.07,0.11999999999999997,0.03,0.0406,0.2252
0.07500000000000001,0.11999999999999997,0.03,0.0319,0.2244
0.08000000000000002,0.11999999999999997,0.03,0.0267,0.2237
0.02,0.11999999999999997,0.035,0.3372,0.3373
0.025,0.11999999999999997,0.035,0.3007,0.3019
0.030000000000000002,0.11999999999999997,0.035,0.2625,0.2696
0.035,0.11999999999999997,0.035,0.2181,0.2491
0.04000000000000001,0.11999999999999997,0.035,0.1801,0.2374
0.045000000000000005,0.11999999999999997,0.035,0.1469,0.232
0.05,0.11999999999999997,0.035,0.119,0.2289
0.05500000000000001,0.11999999999999997,0.035,0.0913,0.2274
0.06000000000000001,0.11999999999999997,0.035,0.0717,0.2266
0.065,0.11999999999999997,0.035,0.0539,0.2261
0.07,0.11999999999999997,0.035,0.0406,0.2252
0.07500000000000001,0.11999999999999997,0.035,0.0319,0.2244
0.08000000000000002,0.11999999999999997,0.035,0.0267,0.2237
0.02,0.12499999999999997,-0.01,0.4154,0.4155
0.025,0.12499999999999997,-0.01,0.3679,0.3691
0.030000000000000002,0.12499999999999997,-0.01,0.322,0.3296
0.035,0.12499999999999997,-0.01,0.2701,0.3054
0.04000000000000001,0.12499999999999997,-0.01,0.2248,0.2919
0.045000000000000005,0.12499999999999997,-0.01,0.1825,0.2851
0.05,0.12499999999999997,-0.01,0.1463,0.2801
0.05500000000000001,0.12499999999999997,-0.01,0.1126,0.2782
0.06000000000000001,0.12499999999999997,-0.01,0.0871,0.2774
0.065,0.12499999999999997,-0.01,0.0667,0.2765
0.07,0.12499999999999997,-0.01,0.0499,0.2756
0.07500000000000001,0.12499999999999997,-0.01,0.039,0.2746
0.08000000000000002,0.12499999999999997,-0.01,0.0323,0.2736
0.02,0.12499999999999997,-0.005,0.4154,0.4155
0.025,0.12499999999999997,-0.005,0.3679,0.3691
0.030000000000000002,0.12499999999999997,-0.005,0.322,0.3296
0.035,0.12499999999999997,-0.005,0.2701,0.3054
0.04000000000000001,0.12499999999999997,-0.005,0.2248,0.2919
0.045000000000000005,0.12499999999999997,-0.005,0.1825,0.2851
0.05,0.12499999999999997,-0.005,0.1463,0.2801
0.05500000000000001,0.12499999999999997,-0.005,0.1126,0.2782
0.06000000000000001,0.12499999999999997,-0.005,0.0871,0.2774
0.065,0.12499999999999997,-0.005,0.0667,0.2765
0.07,0.12499999999999997,-0.005,0.0499,0.2756
0.07500000000000001,0.12499999999999997,-0.005,0.039,0.2746
0.08000000000000002,0.12499999999999997,-0.005,0.0323,0.2736
0.02,0.12499999999999997,0.0,0.4154,0.4155
0.025,0.12499999999999997,0.0,0.3679,0.3691
0.030000000000000002,0.12499999999999997,0.0,0.322,0.3296
0.035,0.12499999999999997,0.0,0.2701,0.3054
0.04000000000000001,0.12499999999999997,0.0,0.2248,0.2919
0.045000000000000005,0.12499999999999997,0.0,0.1825,0.2851
0.05,0.12499999999999997,0.0,0.1463,0.2801
0.05500000000000001,0.12499999999999997,0.0,0.1126,0.2782
0.06000000000000001,0.12499999999999997,0.0,0.0871,0.2774
0.065,0.12499999999999997,0.0,0.0667,0.2765
0.07,0.12499999999999997,0.0,0.0499,0.2756
0.07500000000000001,0.12499999999999997,0.0,0.039,0.2746
0.08000000000000002,0.12499999999999997,0.0,0.0323,0.2736
0.02,0.12499999999999997,0.005,0.4154,0.4155
0.025,0.12499999999999997,0.005,0.3679,0.3691
0.030000000000000002,0.12499999999999997,0.005,0.322,0.3296
0.035,0.12499999999999997,0.005,0.2701,0.3054
0.04000000000000001,0.12499999999999997,0.005,0.2248,0.2919
0.045000000000000005,0.12499999999999997,0.005,0.1825,0.2851
0.05,0.12499999999999997,0.005,0.1463,0.2801
0.05500000000000001,0.12499999999999997,0.005,0.1126,0.2782
0.06000000000000001,0.12499999999999997,0.005,0.0871,0.2774
0.065,0.12499999999999997,0.005,0.0667,0.2765
0.07,0.12499999999999997,0.005,0.0499,0.2756
0.07500000000000001,0.12499999999999997,0.005,0.039,0.2746
0.08000000000000002,0.12499999999999997,0.005,0.0323,0.2736
0.02,0.12499999999999997,0.01,0.4154,0.4155
0.025,0.12499999999999997,0.01,0.3679,0.3691
0.030000000000000002,0.12499999999999997,0.01,0.322,0.3296
0.035,0.12499999999999997,0.01,0.2701,0.3054
0.04000000000000001,0.12499999999999997,0.01,0.2248,0.2919
0.045000000000000005,0.12499999999999997,0.01,0.1825,0.2851
0.05,0.12499999999999997,0.01,0.1463,0.2801
0.05500000000000001,0.12499999999999997,0.01,0.1126,0.2782
0.06000000000000001,0.12499999999999997,0.01,0.0871,0.2774
0.065,0.12499999999999997,0.01,0.0667,0.2765
0.07,0.12499999999999997,0.01,0.0499,0.2756
0.07500000000000001,0.12499999999999997,0.01,0.039,0.2746
0.08000000000000002,0.12499999999999997,0.01,0.0323,0.2736
0.02,0.12499999999999997,0.015,0.4154,0.4155
0.025,0.12499999999999997,0.015,0.3679,0.3691
0.030000000000000002,0.12499999999999997,0.015,0.322,0.3296
0.035,0.12499999999999997,0.015,0.2701,0.3054
0.04000000000000001,0.12499999999999997,0.015,0.2248,0.2919
0.045000000000000005,0.12499999999999997,0.015,0.1825,0.2851
0.05,0.12499999999999997,0.015,0.1463,0.2801
0.05500000000000001,0.12499999999999997,0.015,0.1126,0.2782
0.06000000000000001,0.12499999999999997,0.015,0.0871,0.2774
0.065,0.12499999999999997,0.015,0.0667,0.2765
0.07,0.12499999999999997,0.015,0.0499,0.2756
0.07500000000000001,0.12499999999999997,0.015,0.039,0.2746
0.08000000000000002,0.12499999999999997,0.015,0.0323,0.2736
0.02,0.12499999999999997,0.02,0.3296,0.3297
0.025,0.12499999999999997,0.02,0.2937,0.2944
0.030000000000000002,0.12499999999999997,0.02,0.2564,0.2626
0.035,0.12499999999999997,0.02,0.2137,0.2425
0.04000000000000001,0.12499999999999997,0.02,0.1773,0.2318
0.045000000000000005,0.12499999999999997,0.02,0.1438,0.2264
0.05,0.12499999999999997,0.02,0.1164,0.2227
0.05500000000000001,0.12499999999999997,0.02,0.0887,0.2212
0.06000000000000001,0.12499999999999997,0.02,0.0698,0.2206
0.065,0.12499999999999997,0.02,0.0529,0.2199
0.07,0.12499999999999997,0.02,0.0394,0.2194
0.07500000000000001,0.12499999999999997,0.02,0.0309,0.2187
0.08000000000000002,0.12499999999999997,0.02,0.0261,0.2179
0.02,0.12499999999999997,0.025,0.3296,0.3297
0.025,0.12499999999999997,0.025,0.2937,0.2944
0.030000000000000002,0.12499999999999997,0.025,0.2564,0.2626
0.035,0.12499999999999997,0.025,0.2137,0.2425
0.04000000000000001,0.12499999999999997,0.025,0.1773,0.2318
0.045000000000000005,0.12499999999999997,0.025,0.1438,0.2264
0.05,0.12499999999999997,0.025,0.1164,0.2227
0.05500000000000001,0.12499999999999997,0.025,0.0887,0.2212
0.06000000000000001,0.12499999999999997,0.025,0.0698,0.2206
0.065,0.12499999999999997,0.025,0.0529,0.2199
0.07,0.12499999999999997,0.025,0.0394,0.2194
0.07500000000000001,0.12499999999999997,0.025,0.0309,0.2187
0.08000000000000002,0.12499999999999997,0.025,0.0261,0.2179
0.02,0.12499999999999997,0.03,0.3296,0.3297
0.025,0.12499999999999997,0.03,0.2937,0.2944
0.030000000000000002,0.12499999999999997,0.03,0.2564,0.2626
0.035,0.12499999999999997,0.03,0.2137,0.2425
0.04000000000000001,0.12499999999999997,0.03,0.1773,0.2318
0.045000000000000005,0.12499999999999997,0.03,0.1438,0.2264
0.05,0.12499999999999997,0.03,0.1164,0.2227
0.05500000000000001,0.12499999999999997,0.03,0.0887,0.2212
0.06000000000000001,0.12499999999999997,0.03,0.0698,0.2206
0.065,0.12499999999999997,0.03,0.0529,0.2199
0.07,0.12499999999999997,0.03,0.0394,0.2194
0.07500000000000001,0.12499999999999997,0.03,0.0309,0.2187
0.08000000000000002,0.12499999999999997,0.03,0.0261,0.2179
0.02,0.12499999999999997,0.035,0.3296,0.3297
0.025,0.12499999999999997,0.035,0.2937,0.2944
0.030000000000000002,0.12499999999999997,0.035,0.2564,0.2626
0.035,0.12499999999999997,0.035,0.2137,0.2425
0.04000000000000001,0.12499999999999997,0.035,0.1773,0.2318
0.045000000000000005,0.12499999999999997,0.035,0.1438,0.2264
0.05,0.12499999999999997,0.035,0.1164,0.2227
0.05500000000000001,0.12499999999999997,0.035,0.0887,0.2212
0.06000000000000001,0.12499999999999997,0.035,0.0698,0.2206
0.065,0.12499999999999997,0.035,0.0529,0.2199
0.07,0.12499999999999997,0.035,0.0394,0.2194
0.07500000000000001,0.12499999999999997,0.035,0.0309,0.2187
0.08000000000000002,0.12499999999999997,0.035,0.0261,0.2179
0.02,0.12999999999999995,-0.01,0.4096,0.4097
0.025,0.12999999999999995,-0.01,0.3618,0.363
0.030000000000000002,0.12999999999999995,-0.01,0.316,0.324
0.035,0.12999999999999995,-0.01,0.2651,0.3007
0.04000000000000001,0.12999999999999995,-0.01,0.2215,0.2868
0.045000000000000005,0.12999999999999995,-0.01,0.1792,0.2799
0.05,0.12999999999999995,-0.01,0.1432,0.2754
0.05500000000000001,0.12999999999999995,-0.01,0.1117,0.274
0.06000000000000001,0.12999999999999995,-0.01,0.0854,0.273
0.065,0.12999999999999995,-0.01,0.0662,0.2723
0.07,0.12999999999999995,-0.01,0.049,0.2713
0.07500000000000001,0.12999999999999995,-0.01,0.0382,0.2699
0.08000000000000002,0.12999999999999995,-0.01,0.0317,0.2691
0.02,0.12999999999999995,-0.005,0.4096,0.4097
0.025,0.12999999999999995,-0.005,0.3618,0.363
0.030000000000000002,0.12999999999999995,-0.005,0.316,0.324
0.035,0.12999999999999995,-0.005,0.2651,0.3007
0.04000000000000001,0.12999999999999995,-0.005,0.2215,0.2868
0.045000000000000005,0.12999999999999995,-0.005,0.1792,0.2799
0.05,0.12999999999999995,-0.005,0.1432,0.2754
0.05500000000000001,0.12999999999999995,-0.005,0.1117,0.274
0.06000000000000001,0.12999999999999995,-0.005,0.0854,0.273
0.065,0.12999999999999995,-0.005,0.0662,0.2723
0.07,0.12999999999999995,-0.005,0.049,0.2713
0.07500000000000001,0.12999999999999995,-0.005,0.0382,0.2699
0.08000000000000002,0.12999999999999995,-0.005,0.0317,0.2691
0.02,0.12999999999999995,0.0,0.4096,0.4097
0.025,0.12999999999999995,0.0,0.3618,0.363
0.030000000000000002,0.12999999999999995,0.0,0.316,0.324
0.035,0.12999999999999995,0.0,0.2651,0.3007
0.04000000000000001,0.12999999999999995,0.0,0.2215,0.2868
0.045000000000000005,0.12999999999999995,0.0,0.1792,0.2799
0.05,0.12999999999999995,0.0,0.1432,0.2754
0.05500000000000001,0.12999999999999995,0.0,0.1117,0.274
0.06000000000000001,0.12999999999999995,0.0,0.0854,0.273
0.065,0.12999999999999995,0.0,0.0662,0.2723
0.07,0.12999999999999995,0.0,0.049,0.2713
0.07500000000000001,0.12999999999999995,0.0,0.0382,0.2699
0.08000000000000002,0.12999999999999995,0.0,0.0317,0.2691
0.02,0.12999999999999995,0.005,0.4096,0.4097
0.025,0.12999999999999995,0.005,0.3618,0.363
0.030000000000000002,0.12999999999999995,0.005,0.316,0.324
0.035,0.12999999999999995,0.005,0.2651,0.3007
0.04000000000000001,0.12999999999999995,0.005,0.2215,0.2868
0.045000000000000005,0.12999999999999995,0.005,0.1792,0.2799
0.05,0.12999999999999995,0.005,0.1432,0.2754
0.05500000000000001,0.12999999999999995,0.005,0.1117,0.274
0.06000000000000001,0.12999999999999995,0.005,0.0854,0.273
0.065,0.12999999999999995,0.005,0.0662,0.2723
0.07,0.12999999999999995,0.005,0.049,0.2713
0.07500000000000001,0.12999999999999995,0.005,0.0382,0.2699
0.08000000000000002,0.12999999999999995,0.005,0.0317,0.2691
0.02,0.12999999999999995,0.01,0.4096,0.4097
0.025,0.12999999999999995,0.01,0.3618,0.363
0.030000000000000002,0.12999999999999995,0.01,0.316,0.324
0.035,0.12999999999999995,0.01,0.2651,0.3007
0.04000000000000001,0.12999999999999995,0.01,0.2215,0.2868
0.045000000000000005,0.12999999999999995,0.01,0.1792,0.2799
0.05,0.12999999999999995,0.01,0.1432,0.2754
0.05500000000000001,0.12999999999999995,0.01,0.1117,0.274
0.06000000000000001,0.12999999999999995,0.01,0.0854,0.273
0.065,0.12999999999999995,0.01,0.0662,0.2723
0.07,0.12999999999999995,0.01,0.049,0.2713
0.07500000000000001,0.12999999999999995,0.01,0.0382,0.2699
0.08000000000000002,0.12999999999999995,0.01,0.0317,0.2691
0.02,0.12999999999999995,0.015,0.4096,0.4097
0.025,0.12999999999999995,0.015,0.3618,0.363
0.030000000000000002,0.12999999999999995,0.015,0.316,0.324
0.035,0.12999999999999995,0.015,0.2651,0.3007
0.04000000000000001,0.12999999999999995,0.015,0.2215,0.2868
0.045000000000000005,0.12999999999999995,0.015,0.1792,0.2799
0.05,0.12999999999999995,0.015,0.1432,0.2754
0.05500000000000001,0.12999999999999995,0.015,0.1117,0.274
0.06000000000000001,0.12999999999999995,0.015,0.0854,0.273
0.065,0.12999999999999995,0.015,0.0662,0.2723
0.07,0.12999999999999995,0.015,0.049,0.2713
0.07500000000000001,0.12999999999999995,0.015,0.0382,0.2699
0.08000000000000002,0.12999999999999995,0.015,0.0317,0.2691
0.02,0.12999999999999995,0.02,0.325,0.3251
0.025,0.12999999999999995,0.02,0.289,0.2897
0.030000000000000002,0.12999999999999995,0.02,0.2512,0.2579
0.035,0.12999999999999995,0.02,0.2101,0.239
0.04000000000000001,0.12999999999999995,0.02,0.1751,0.2281
0.045000000000000005,0.12999999999999995,0.02,0.1413,0.2224
0.05,0.12999999999999995,0.02,0.1138,0.2189
0.05500000000000001,0.12999999999999995,0.02,0.0882,0.2178
0.06000000000000001,0.12999999999999995,0.02,0.0683,0.2171
0.065,0.12999999999999995,0.02,0.0524,0.2166
0.07,0.12999999999999995,0.02,0.0387,0.2159
0.07500000000000001,0.12999999999999995,0.02,0.0305,0.2151
0.08000000000000002,0.12999999999999995,0.02,0.0255,0.2146
0.02,0.12999999999999995,0.025,0.325,0.3251
0.025,0.12999999999999995,0.025,0.289,0.2897
0.030000000000000002,0.12999999999999995,0.025,0.2512,0.2579
0.035,0.12999999999999995,0.025,0.2101,0.239
0.04000000000000001,0.12999999999999995,0.025,0.1751,0.2281
0.045000000000000005,0.12999999999999995,0.025,0.1413,0.2224
0.05,0.12999999999999995,0.025,0.1138,0.2189
0.05500000000000001,0.12999999999999995,0.025,0.0882,0.2178
0.06000000000000001,0.12999999999999995,0.025,0.0683,0.2171
0.065,0.12999999999999995,0.025,0.0524,0.2166
0.07,0.12999999999999995,0.025,0.0387,0.2159
0.07500000000000001,0.12999999999999995,0.025,0.0305,0.2151
0.08000000000000002,0.12999999999999995,0.025,0.0255,0.2146
0.02,0.12999999999999995,0.03,0.325,0.3251
0.025,0.12999999999999995,0.03,0.289,0.2897
0.030000000000000002,0.12999999999999995,0.03,0.2512,0.2579
0.035,0.12999999999999995,0.03,0.2101,0.239
0.04000000000000001,0.12999999999999995,0.03,0.1751,0.2281
0.045000000000000005,0.12999999999999995,0.03,0.1413,0.2224
0.05,0.12999999999999995,0.03,0.1138,0.2189
0.05500000000000001,0.12999999999999995,0.03,0.0882,0.2178
0.06000000000000001,0.12999999999999995,0.03,0.0683,0.2171
0.065,0.12999999999999995,0.03,0.0524,0.2166
0.07,0.12999999999999995,0.03,0.0387,0.2159
0.07500000000000001,0.12999999999999995,0.03,0.0305,0.2151
0.08000000000000002,0.12999999999999995,0.03,0.0255,0.2146
0.02,0.12999999999999995,0.035,0.325,0.3251
0.025,0.12999999999999995,0.035,0.289,0.2897
0.030000000000000002,0.12999999999999995,0.035,0.2512,0.2579
0.035,0.12999999999999995,0.035,0.2101,0.239
0.04000000000000001,0.12999999999999995,0.035,0.1751,0.2281
0.045000000000000005,0.12999999999999995,0.035,0.1413,0.2224
0.05,0.12999999999999995,0.035,0.1138,0.2189
0.05500000000000001,0.12999999999999995,0.035,0.0882,0.2178
0.06000000000000001,0.12999999999999995,0.035,0.0683,0.2171
0.065,0.12999999999999995,0.035,0.0524,0.2166
0.07,0.12999999999999995,0.035,0.0387,0.2159
0.07500000000000001,0.12999999999999995,0.035,0.0305,0.2151
0.08000000000000002,0.12999999999999995,0.035,0.0255,0.2146
0.02,0.13499999999999995,-0.01,0.4045,0.4046
0.025,0.13499999999999995,-0.01,0.3568,0.358
0.030000000000000002,0.13499999999999995,-0.01,0.3122,0.3201
0.035,0.13499999999999995,-0.01,0.2627,0.297
0.04000000000000001,0.13499999999999995,-0.01,0.2192,0.2837
0.045000000000000005,0.13499999999999995,-0.01,0.1763,0.2765
0.05,0.13499999999999995,-0.01,0.1417,0.2726
0.05500000000000001,0.13499999999999995,-0.01,0.1106,0.2712
0.06000000000000001,0.13499999999999995,-0.01,0.0849,0.27
0.065,0.13499999999999995,-0.01,0.0651,0.2694
0.07,0.13499999999999995,-0.01,0.0486,0.2682
0.07500000000000001,0.13499999999999995,-0.01,0.0381,0.2671
0.08000000000000002,0.13499999999999995,-0.01,0.0315,0.2664
0.02,0.13499999999999995,-0.005,0.4045,0.4046
0.025,0.13499999999999995,-0.005,0.3568,0.358
0.030000000000000002,0.13499999999999995,-0.005,0.3122,0.3201
0.035,0.13499999999999995,-0.005,0.2627,0.297
0.04000000000000001,0.13499999999999995,-0.005,0.2192,0.2837
0.045000000000000005,0.13499999999999995,-0.005,0.1763,0.2765
0.05,0.13499999999999995,-0.005,0.1417,0.2726
0.05500000000000001,0.13499999999999995,-0.005,0.1106,0.2712
0.06000000000000001,0.13499999999999995,-0.005,0.0849,0.27
0.065,0.13499999999999995,-0.005,0.0651,0.2694
0.07,0.13499999999999995,-0.005,0.0486,0.2682
0.07500000000000001,0.13499999999999995,-0.005,0.0381,0.2671
0.08000000000000002,0.13499999999999995,-0.005,0.0315,0.2664
0.02,0.13499999999999995,0.0,0.4045,0.4046
0.025,0.13499999999999995,0.0,0.3568,0.358
0.030000000000000002,0.13499999999999995,0.0,0.3122,0.3201
0.035,0.13499999999999995,0.0,0.2627,0.297
0.04000000000000001,0.13499999999999995,0.0,0.2192,0.2837
0.045000000000000005,0.13499999999999995,0.0,0.1763,0.2765
0.05,0.13499999999999995,0.0,0.1417,0.2726
0.05500000000000001,0.13499999999999995,0.0,0.1106,0.2712
0.06000000000000001,0.13499999999999995,0.0,0.0849,0.27
0.065,0.13499999999999995,0.0,0.0651,0.2694
0.07,0.13499999999999995,0.0,0.0486,0.2682
0.07500000000000001,0.13499999999999995,0.0,0.0381,0.2671
0.08000000000000002,0.13499999999999995,0.0,0.0315,0.2664
0.02,0.13499999999999995,0.005,0.4045,0.4046
0.025,0.13499999999999995,0.005,0.3568,0.358
0.030000000000000002,0.13499999999999995,0.005,0.3122,0.3201
0.035,0.13499999999999995,0.005,0.2627,0.297
0.04000000000000001,0.13499999999999995,0.005,0.2192,0.2837
0.045000000000000005,0.13499999999999995,0.005,0.1763,0.2765
0.05,0.13499999999999995,0.005,0.1417,0.2726
0.05500000000000001,0.13499999999999995,0.005,0.1106,0.2712
0.06000000000000001,0.13499999999999995,0.005,0.0849,0.27
0.065,0.13499999999999995,0.005,0.0651,0.2694
0.07,0.13499999999999995,0.005,0.0486,0.2682
0.07500000000000001,0.13499999999999995,0.005,0.0381,0.2671
0.08000000000000002,0.13499999999999995,0.005,0.0315,0.2664
0.02,0.13499999999999995,0.01,0.4045,0.4046
0.025,0.13499999999999995,0.01,0.3568,0.358
0.030000000000000002,0.13499999999999995,0.01,0.3122,0.3201
0.035,0.13499999999999995,0.01,0.2627,0.297
0.04000000000000001,0.13499999999999995,0.01,0.2192,0.2837
0.045000000000000005,0.13499999999999995,0.01,0.1763,0.2765
0.05,0.13499999999999995,0.01,0.1417,0.2726
0.05500000000000001,0.13499999999999995,0.01,0.1106,0.2712
0.06000000000000001,0.13499999999999995,0.01,0.0849,0.27
0.065,0.13499999999999995,0.01,0.0651,0.2694
0.07,0.13499999999999995,0.01,0.0486,0.2682
0.07500000000000001,0.13499999999999995,0.01,0.0381,0.2671
0.08000000000000002,0.13499999999999995,0.01,0.0315,0.2664
0.02,0.13499999999999995,0.015,0.4045,0.4046
0.025,0.13499999999999995,0.015,0.3568,0.358
0.030000000000000002,0.13499999999999995,0.015,0.3122,0.3201
0.035,0.13499999999999995,0.015,0.2627,0.297
0.04000000000000001,0.13499999999999995,0.015,0.2192,0.2837
0.045000000000000005,0.13499999999999995,0.015,0.1763,0.2765
0.05,0.13499999999999995,0.015,0.1417,0.2726
0.05500000000000001,0.13499999999999995,0.015,0.1106,0.2712
0.06000000000000001,0.13499999999999995,0.015,0.0849,0.27
0.065,0.13499999999999995,0.015,0.0651,0.2694
0.07,0.13499999999999995,0.015,0.0486,0.2682
0.07500000000000001,0.13499999999999995,0.015,0.0381,0.2671
0.08000000000000002,0.13499999999999995,0.015,0.0315,0.2664
0.02,0.13499999999999995,0.02,0.3212,0.3213
0.025,0.13499999999999995,0.02,0.2852,0.2859
0.030000000000000002,0.13499999999999995,0.02,0.248,0.2546
0.035,0.13499999999999995,0.02,0.2084,0.2358
0.04000000000000001,0.13499999999999995,0.02,0.1737,0.2255
0.045000000000000005,0.13499999999999995,0.02,0.1391,0.2195
0.05,0.13499999999999995,0.02,0.1126,0.2167
0.05500000000000001,0.13499999999999995,0.02,0.0874,0.2157
0.06000000000000001,0.13499999999999995,0.02,0.0678,0.2149
0.065,0.13499999999999995,0.02,0.0514,0.2144
0.07,0.13499999999999995,0.02,0.0383,0.2134
0.07500000000000001,0.13499999999999995,0.02,0.0304,0.2127
0.08000000000000002,0.13499999999999995,0.02,0.0253,0.2121
0.02,0.13499999999999995,0.025,0.3212,0.3213
0.025,0.13499999999999995,0.025,0.2852,0.2859
0.030000000000000002,0.13499999999999995,0.025,0.248,0.2546
0.035,0.13499999999999995,0.025,0.2084,0.2358
0.04000000000000001,0.13499999999999995,0.025,0.1737,0.2255
0.045000000000000005,0.13499999999999995,0.025,0.1391,0.2195
0.05,0.13499999999999995,0.025,0.1126,0.2167
0.05500000000000001,0.13499999999999995,0.025,0.0874,0.2157
0.06000000000000001,0.13499999999999995,0.025,0.0678,0.2149
0.065,0.13499999999999995,0.025,0.0514,0.2144
0.07,0.13499999999999995,0.025,0.0383,0.2134
0.07500000000000001,0.13499999999999995,0.025,0.0304,0.2127
0.08000000000000002,0.13499999999999995,0.025,0.0253,0.2121
0.02,0.13499999999999995,0.03,0.3212,0.3213
0.025,0.13499999999999995,0.03,0.2852,0.2859
0.030000000000000002,0.13499999999999995,0.03,0.248,0.2546
0.035,0.13499999999999995,0.03,0.2084,0.2358
0.04000000000000001,0.13499999999999995,0.03,0.1737,0.2255
0.045000000000000005,0.13499999999999995,0.03,0.1391,0.2195
0.05,0.13499999999999995,0.03,0.1126,0.2167
0.05500000000000001,0.13499999999999995,0.03,0.0874,0.2157
0.06000000000000001,0.13499999999999995,0.03,0.0678,0.2149
0.065,0.13499999999999995,0.03,0.0514,0.2144
0.07,0.13499999999999995,0.03,0.0383,0.2134
0.07500000000000001,0.13499999999999995,0.03,0.0304,0.2127
0.08000000000000002,0.13499999999999995,0.03,0.0253,0.2121
0.02,0.13499999999999995,0.035,0.3212,0.3213
0.025,0.13499999999999995,0.035,0.2852,0.2859
0.030000000000000002,0.13499999999999995,0.035,0.248,0.2546
0.035,0.13499999999999995,0.035,0.2084,0.2358
0.04000000000000001,0.13499999999999995,0.035,0.1737,0.2255
0.045000000000000005,0.13499999999999995,0.035,0.1391,0.2195
0.05,0.13499999999999995,0.035,0.1126,0.2167
0.05500000000000001,0.13499999999999995,0.035,0.0874,0.2157
0.06000000000000001,0.13499999999999995,0.035,0.0678,0.2149
0.065,0.13499999999999995,0.035,0.0514,0.2144
0.07,0.13499999999999995,0.035,0.0383,0.2134
0.07500000000000001,0.13499999999999995,0.035,0.0304,0.2127
0.08000000000000002,0.13499999999999995,0.035,0.0253,0.2121
0.02,0.13999999999999996,-0.01,0.4021,0.4022
0.025,0.13999999999999996,-0.01,0.355,0.3561
0.030000000000000002,0.13999999999999996,-0.01,0.3106,0.3182
0.035,0.13999999999999996,-0.01,0.2609,0.295
0.04000000000000001,0.13999999999999996,-0.01,0.2179,0.2821
0.045000000000000005,0.13999999999999996,-0.01,0.1755,0.2748
0.05,0.13999999999999996,-0.01,0.1403,0.2705
0.05500000000000001,0.13999999999999996,-0.01,0.1097,0.2689
0.06000000000000001,0.13999999999999996,-0.01,0.0843,0.2679
0.065,0.13999999999999996,-0.01,0.0646,0.2672
0.07,0.13999999999999996,-0.01,0.0485,0.2661
0.07500000000000001,0.13999999999999996,-0.01,0.0379,0.2649
0.08000000000000002,0.13999999999999996,-0.01,0.0314,0.2642
0.02,0.13999999999999996,-0.005,0.4021,0.4022
0.025,0.13999999999999996,-0.005,0.355,0.3561
0.030000000000000002,0.13999999999999996,-0.005,0.3106,0.3182
0.035,0.13999999999999996,-0.005,0.2609,0.295
0.04000000000000001,0.13999999999999996,-0.005,0.2179,0.2821
0.045000000000000005,0.13999999999999996,-0.005,0.1755,0.2748
0.05,0.13999999999999996,-0.005,0.1403,0.2705
0.05500000000000001,0.13999999999999996,-0.005,0.1097,0.2689
0.06000000000000001,0.13999999999999996,-0.005,0.0843,0.2679
0.065,0.13999999999999996,-0.005,0.0646,0.2672
0.07,0.13999999999999996,-0.005,0.0485,0.2661
0.07500000000000001,0.13999999999999996,-0.005,0.0379,0.2649
0.08000000000000002,0.13999999999999996,-0.005,0.0314,0.2642
0.02,0.13999999999999996,0.0,0.4021,0.4022
0.025,0.13999999999999996,0.0,0.355,0.3561
0.030000000000000002,0.13999999999999996,0.0,0.3106,0.3182
0.035,0.13999999999999996,0.0,0.2609,0.295
0.04000000000000001,0.13999999999999996,0.0,0.2179,0.2821
0.045000000000000005,0.13999999999999996,0.0,0.1755,0.2748
0.05,0.13999999999999996,0.0,0.1403,0.2705
0.05500000000000001,0.13999999999999996,0.0,0.1097,0.2689
0.06000000000000001,0.13999999999999996,0.0,0.0843,0.2679
0.065,0.13999999999999996,0.0,0.0646,0.2672
0.07,0.13999999999999996,0.0,0.0485,0.2661
0.07500000000000001,0.13999999999999996,0.0,0.0379,0.2649
0.08000000000000002,0.13999999999999996,0.0,0.0314,0.2642
0.02,0.13999999999999996,0.005,0.4021,0.4022
0.025,0.13999999999999996,0.005,0.355,0.3561
0.030000000000000002,0.13999999999999996,0.005,0.3106,0.3182
0.035,0.13999999999999996,0.005,0.2609,0.295
0.04000000000000001,0.13999999999999996,0.005,0.2179,0.2821
0.045000000000000005,0.13999999999999996,0.005,0.1755,0.2748
0.05,0.13999999999999996,0.005,0.1403,0.2705
0.05500000000000001,0.13999999999999996,0.005,0.1097,0.2689
0.06000000000000001,0.13999999999999996,0.005,0.0843,0.2679
0.065,0.13999999999999996,0.005,0.0646,0.2672
0.07,0.13999999999999996,0.005,0.0485,0.2661
0.07500000000000001,0.13999999999999996,0.005,0.0379,0.2649
0.08000000000000002,0.13999999999999996,0.005,0.0314,0.2642
0.02,0.13999999999999996,0.01,0.4021,0.4022
0.025,0.13999999999999996,0.01,0.355,0.3561
0.030000000000000002,0.13999999999999996,0.01,0.3106,0.3182
0.035,0.13999999999999996,0.01,0.2609,0.295
0.04000000000000001,0.13999999999999996,0.01,0.2179,0.2821
0.045000000000000005,0.13999999999999996,0.01,0.1755,0.2748
0.05,0.13999999999999996,0.01,0.1403,0.2705
0.05500000000000001,0.13999999999999996,0.01,0.1097,0.2689
0.06000000000000001,0.13999999999999996,0.01,0.0843,0.2679
0.065,0.13999999999999996,0.01,0.0646,0.2672
0.07,0.13999999999999996,0.01,0.0485,0.2661
0.07500000000000001,0.13999999999999996,0.01,0.0379,0.2649
0.08000000000000002,0.13999999999999996,0.01,0.0314,0.2642
0.02,0.13999999999999996,0.015,0.4021,0.4022
0.025,0.13999999999999996,0.015,0.355,0.3561
0.030000000000000002,0.13999999999999996,0.015,0.3106,0.3182
0.035,0.13999999999999996,0.015,0.2609,0.295
0.04000000000000001,0.13999999999999996,0.015,0.2179,0.2821
0.045000000000000005,0.13999999999999996,0.015,0.1755,0.2748
0.05,0.13999999999999996,0.015,0.1403,0.2705
0.05500000000000001,0.13999999999999996,0.015,0.1097,0.2689
0.06000000000000001,0.13999999999999996,0.015,0.0843,0.2679
0.065,0.13999999999999996,0.015,0.0646,0.2672
0.07,0.13999999999999996,0.015,0.0485,0.2661
0.07500000000000001,0.13999999999999996,0.015,0.0379,0.2649
0.08000000000000002,0.13999999999999996,0.015,0.0314,0.2642
0.02,0.13999999999999996,0.02,0.3193,0.3194
0.025,0.13999999999999996,0.02,0.2838,0.2844
0.030000000000000002,0.13999999999999996,0.02,0.2468,0.2529
0.035,0.13999999999999996,0.02,0.2071,0.2341
0.04000000000000001,0.13999999999999996,0.02,0.1727,0.2243
0.045000000000000005,0.13999999999999996,0.02,0.1385,0.2184
0.05,0.13999999999999996,0.02,0.1118,0.2152
0.05500000000000001,0.13999999999999996,0.02,0.0866,0.2139
0.06000000000000001,0.13999999999999996,0.02,0.0673,0.2132
0.065,0.13999999999999996,0.02,0.051,0.2126
0.07,0.13999999999999996,0.02,0.0383,0.2118
0.07500000000000001,0.13999999999999996,0.02,0.0303,0.211
0.08000000000000002,0.13999999999999996,0.02,0.0252,0.2104
0.02,0.13999999999999996,0.025,0.3193,0.3194
0.025,0.13999999999999996,0.025,0.2838,0.2844
0.030000000000000002,0.13999999999999996,0.025,0.2468,0.2529
0.035,0.13999999999999996,0.025,0.2071,0.2341
0.04000000000000001,0.13999999999999996,0.025,0.1727,0.2243
0.045000000000000005,0.13999999999999996,0.025,0.1385,0.2184
0.05,0.13999999999999996,0.025,0.1118,0.2152
0.05500000000000001,0.13999999999999996,0.025,0.0866,0.2139
0.06000000000000001,0.13999999999999996,0.025,0.0673,0.2132
0.065,0.13999999999999996,0.025,0.051,0.2126
0.07,0.13999999999999996,0.025,0.0383,0.2118
0.07500000000000001,0.13999999999999996,0.025,0.0303,0.211
0.08000000000000002,0.13999999999999996,0.025,0.0252,0.2104
0.02,0.13999999999999996,0.03,0.3193,0.3194
0.025,0.13999999999999996,0.03,0.2838,0.2844
0.030000000000000002,0.13999999999999996,0.03,0.2468,0.2529
0.035,0.13999999999999996,0.03,0.2071,0.2341
0.04000000000000001,0.13999999999999996,0.03,0.1727,0.2243
0.045000000000000005,0.13999999999999996,0.03,0.1385,0.2184
0.05,0.13999999999999996,0.03,0.1118,0.2152
0.05500000000000001,0.13999999999999996,0.03,0.0866,0.2139
0.06000000000000001,0.13999999999999996,0.03,0.0673,0.2132
0.065,0.13999999999999996,0.03,0.051,0.2126
0.07,0.13999999999999996,0.03,0.0383,0.2118
0.07500000000000001,0.13999999999999996,0.03,0.0303,0.211
0.08000000000000002,0.13999999999999996,0.03,0.0252,0.2104
0.02,0.13999999999999996,0.035,0.3193,0.3194
0.025,0.13999999999999996,0.035,0.2838,0.2844
0.030000000000000002,0.13999999999999996,0.035,0.2468,0.2529
0.035,0.13999999999999996,0.035,0.2071,0.2341
0.04000000000000001,0.13999999999999996,0.035,0.1727,0.2243
0.045000000000000005,0.13999999999999996,0.035,0.1385,0.2184
0.05,0.13999999999999996,0.035,0.1118,0.2152
0.05500000000000001,0.13999999999999996,0.035,0.0866,0.2139
0.06000000000000001,0.13999999999999996,0.035,0.0673,0.2132
0.065,0.13999999999999996,0.035,0.051,0.2126
0.07,0.13999999999999996,0.035,0.0383,0.2118
0.07500000000000001,0.13999999999999996,0.035,0.0303,0.211
0.08000000000000002,0.13999999999999996,0.035,0.0252,0.2104
0.02,0.14499999999999996,-0.01,0.4008,0.4009
0.025,0.14499999999999996,-0.01,0.3537,0.3548
0.030000000000000002,0.14499999999999996,-0.01,0.3093,0.3169
0.035,0.14499999999999996,-0.01,0.26,0.2942
0.04000000000000001,0.14499999999999996,-0.01,0.2164,0.2808
0.045000000000000005,0.14499999999999996,-0.01,0.1748,0.2739
0.05,0.14499999999999996,-0.01,0.1399,0.2696
0.05500000000000001,0.14499999999999996,-0.01,0.1093,0.2682
0.06000000000000001,0.14499999999999996,-0.01,0.0841,0.2671
0.065,0.14499999999999996,-0.01,0.0644,0.2664
0.07,0.14499999999999996,-0.01,0.0485,0.2653
0.07500000000000001,0.14499999999999996,-0.01,0.0379,0.2641
0.08000000000000002,0.14499999999999996,-0.01,0.0314,0.2631
0.02,0.14499999999999996,-0.005,0.4008,0.4009
0.025,0.14499999999999996,-0.005,0.3537,0.3548
0.030000000000000002,0.14499999999999996,-0.005,0.3093,0.3169
0.035,0.14499999999999996,-0.005,0.26,0.2942
0.04000000000000001,0.14499999999999996,-0.005,0.2164,0.2808
0.045000000000000005,0.14499999999999996,-0.005,0.1748,0.2739
0.05,0.14499999999999996,-0.005,0.1399,0.2696
0.05500000000000001,0.14499999999999996,-0.005,0.1093,0.2682
0.06000000000000001,0.14499999999999996,-0.005,0.0841,0.2671
0.065,0.14499999999999996,-0.005,0.0644,0.2664
0.07,0.14499999999999996,-0.005,0.0485,0.2653
0.07500000000000001,0.14499999999999996,-0.005,0.0379,0.2641
0.08000000000000002,0.14499999999999996,-0.005,0.0314,0.2631
0.02,0.14499999999999996,0.0,0.4008,0.4009
0.025,0.14499999999999996,0.0,0.3537,0.3548
0.030000000000000002,0.14499999999999996,0.0,0.3093,0.3169
0.035,0.14499999999999996,0.0,0.26,0.2942
0.04000000000000001,0.14499999999999996,0.0,0.2164,0.2808
0.045000000000000005,0.14499999999999996,0.0,0.1748,0.2739
0.05,0.14499999999999996,0.0,0.1399,0.2696
0.05500000000000001,0.14499999999999996,0.0,0.1093,0.2682
0.06000000000000001,0.14499999999999996,0.0,0.0841,0.2671
0.065,0.14499999999999996,0.0,0.0644,0.2664
0.07,0.14499999999999996,0.0,0.0485,0.2653
0.07500000000000001,0.14499999999999996,0.0,0.0379,0.2641
0.08000000000000002,0.14499999999999996,0.0,0.0314,0.2631
0.02,0.14499999999999996,0.005,0.4008,0.4009
0.025,0.14499999999999996,0.005,0.3537,0.3548
0.030000000000000002,0.14499999999999996,0.005,0.3093,0.3169
0.035,0.14499999999999996,0.005,0.26,0.2942
0.04000000000000001,0.14499999999999996,0.005,0.2164,0.2808
0.045000000000000005,0.14499999999999996,0.005,0.1748,0.2739
0.05,0.14499999999999996,0.005,0.1399,0.2696
0.05500000000000001,0.14499999999999996,0.005,0.1093,0.2682
0.06000000000000001,0.14499999999999996,0.005,0.0841,0.2671
0.065,0.14499999999999996,0.005,0.0644,0.2664
0.07,0.14499999999999996,0.005,0.0485,0.2653
0.07500000000000001,0.14499999999999996,0.005,0.0379,0.2641
0.08000000000000002,0.14499999999999996,0.005,0.0314,0.2631
0.02,0.14499999999999996,0.01,0.4008,0.4009
0.025,0.14499999999999996,0.01,0.3537,0.3548
0.030000000000000002,0.14499999999999996,0.01,0.3093,0.3169
0.035,0.14499999999999996,0.01,0.26,0.2942
0.04000000000000001,0.14499999999999996,0.01,0.2164,0.2808
0.045000000000000005,0.14499999999999996,0.01,0.1748,0.2739
0.05,0.14499999999999996,0.01,0.1399,0.2696
0.05500000000000001,0.14499999999999996,0.01,0.1093,0.2682
0.06000000000000001,0.14499999999999996,0.01,0.0841,0.2671
0.065,0.14499999999999996,0.01,0.0644,0.2664
0.07,0.14499999999999996,0.01,0.0485,0.2653
0.07500000000000001,0.14499999999999996,0.01,0.0379,0.2641
0.08000000000000002,0.14499999999999996,0.01,0.0314,0.2631
0.02,0.14499999999999996,0.015,0.4008,0.4009
0.025,0.14499999999999996,0.015,0.3537,0.3548
0.030000000000000002,0.14499999999999996,0.015,0.3093,0.3169
0.035,0.14499999999999996,0.015,0.26,0.2942
0.04000000000000001,0.14499999999999996,0.015,0.2164,0.2808
0.045000000000000005,0.14499999999999996,0.015,0.1748,0.2739
0.05,0.14499999999999996,0.015,0.1399,0.2696
0.05500000000000001,0.14499999999999996,0.015,0.1093,0.2682
0.06000000000000001,0.14499999999999996,0.015,0.0841,0.2671
0.065,0.14499999999999996,0.015,0.0644,0.2664
0.07,0.14499999999999996,0.015,0.0485,0.2653
0.07500000000000001,0.14499999999999996,0.015,0.0379,0.2641
0.08000000000000002,0.14499999999999996,0.015,0.0314,0.2631
0.02,0.14499999999999996,0.02,0.3183,0.3184
0.025,0.14499999999999996,0.02,0.2826,0.2832
0.030000000000000002,0.14499999999999996,0.02,0.2458,0.2519
0.035,0.14499999999999996,0.02,0.2069,0.2336
0.04000000000000001,0.14499999999999996,0.02,0.1716,0.2234
0.045000000000000005,0.14499999999999996,0.02,0.1379,0.2176
0.05,0.14499999999999996,0.02,0.1116,0.2144
0.05500000000000001,0.14499999999999996,0.02,0.0863,0.2134
0.06000000000000001,0.14499999999999996,0.02,0.0671,0.2126
0.065,0.14499999999999996,0.02,0.0509,0.212
0.07,0.14499999999999996,0.02,0.0383,0.2111
0.07500000000000001,0.14499999999999996,0.02,0.0303,0.2103
0.08000000000000002,0.14499999999999996,0.02,0.0252,0.2095
0.02,0.14499999999999996,0.025,0.3183,0.3184
0.025,0.14499999999999996,0.025,0.2826,0.2832
0.030000000000000002,0.14499999999999996,0.025,0.2458,0.2519
0.035,0.14499999999999996,0.025,0.2069,0.2336
0.04000000000000001,0.14499999999999996,0.025,0.1716,0.2234
0.045000000000000005,0.14499999999999996,0.025,0.1379,0.2176
0.05,0.14499999999999996,0.025,0.1116,0.2144
0.05500000000000001,0.14499999999999996,0.025,0.0863,0.2134
0.06000000000000001,0.14499999999999996,0.025,0.0671,0.2126
0.065,0.14499999999999996,0.025,0.0509,0.212
0.07,0.14499999999999996,0.025,0.0383,0.2111
0.07500000000000001,0.14499999999999996,0.025,0.0303,0.2103
0.08000000000000002,0.14499999999999996,0.025,0.0252,0.2095
0.02,0.14499999999999996,0.03,0.3183,0.3184
0.025,0.14499999999999996,0.03,0.2826,0.2832
0.030000000000000002,0.14499999999999996,0.03,0.2458,0.2519
0.035,0.14499999999999996,0.03,0.2069,0.2336
0.04000000000000001,0.14499999999999996,0.03,0.1716,0.2234
0.045000000000000005,0.14499999999999996,0.03,0.1379,0.2176
0.05,0.14499999999999996,0.03,0.1116,0.2144
0.05500000000000001,0.14499999999999996,0.03,0.0863,0.2134
0.06000000000000001,0.14499999999999996,0.03,0.0671,0.2126
0.065,0.14499999999999996,0.03,0.0509,0.212
0.07,0.14499999999999996,0.03,0.0383,0.2111
0.07500000000000001,0.14499999999999996,0.03,0.0303,0.2103
0.08000000000000002,0.14499999999999996,0.03,0.0252,0.2095
0.02,0.14499999999999996,0.035,0.3183,0.3184
0.025,0.14499999999999996,0.035,0.2826,0.2832
0.030000000000000002,0.14499999999999996,0.035,0.2458,0.2519
0.035,0.14499999999999996,0.035,0.2069,0.2336
0.04000000000000001,0.14499999999999996,0.035,0.1716,0.2234
0.045000000000000005,0.14499999999999996,0.035,0.1379,0.2176
0.05,0.14499999999999996,0.035,0.1116,0.2144
0.05500000000000001,0.14499999999999996,0.035,0.0863,0.2134
0.06000000000000001,0.14499999999999996,0.035,0.0671,0.2126
0.065,0.14499999999999996,0.035,0.0509,0.212
0.07,0.14499999999999996,0.035,0.0383,0.2111
0.07500000000000001,0.14499999999999996,0.035,0.0303,0.2103
0.08000000000000002,0.14499999999999996,0.035,0.0252,0.2095
0.02,0.14999999999999997,-0.01,0.4002,0.4003
0.025,0.14999999999999997,-0.01,0.3532,0.3543
0.030000000000000002,0.14999999999999997,-0.01,0.3087,0.3164
0.035,0.14999999999999997,-0.01,0.2595,0.2934
0.04000000000000001,0.14999999999999997,-0.01,0.2159,0.28
0.045000000000000005,0.14999999999999997,-0.01,0.1744,0.2731
0.05,0.14999999999999997,-0.01,0.1391,0.2688
0.05500000000000001,0.14999999999999997,-0.01,0.109,0.2674
0.06000000000000001,0.14999999999999997,-0.01,0.084,0.2664
0.065,0.14999999999999997,-0.01,0.0643,0.2657
0.07,0.14999999999999997,-0.01,0.0484,0.2646
0.07500000000000001,0.14999999999999997,-0.01,0.0379,0.2635
0.08000000000000002,0.14999999999999997,-0.01,0.0314,0.2627
0.02,0.14999999999999997,-0.005,0.4002,0.4003
0.025,0.14999999999999997,-0.005,0.3532,0.3543
0.030000000000000002,0.14999999999999997,-0.005,0.3087,0.3164
0.035,0.14999999999999997,-0.005,0.2595,0.2934
0.04000000000000001,0.14999999999999997,-0.005,0.2159,0.28
0.045000000000000005,0.14999999999999997,-0.005,0.1744,0.2731
0.05,0.14999999999999997,-0.005,0.1391,0.2688
0.05500000000000001,0.14999999999999997,-0.005,0.109,0.2674
0.06000000000000001,0.14999999999999997,-0.005,0.084,0.2664
0.065,0.14999999999999997,-0.005,0.0643,0.2657
0.07,0.14999999999999997,-0.005,0.0484,0.2646
0.07500000000000001,0.14999999999999997,-0.005,0.0379,0.2635
0.08000000000000002,0.14999999999999997,-0.005,0.0314,0.2627
0.02,0.14999999999999997,0.0,0.4002,0.4003
0.025,0.14999999999999997,0.0,0.3532,0.3543
0.030000000000000002,0.14999999999999997,0.0,0.3087,0.3164
0.035,0.14999999999999997,0.0,0.2595,0.2934
0.04000000000000001,0.14999999999999997,0.0,0.2159,0.28
0.045000000000000005,0.14999999999999997,0.0,0.1744,0.2731
0.05,0.14999999999999997,0.0,0.1391,0.2688
0.05500000000000001,0.14999999999999997,0.0,0.109,0.2674
0.06000000000000001,0.14999999999999997,0.0,0.084,0.2664
0.065,0.14999999999999997,0.0,0.0643,0.2657
0.07,0.14999999999999997,0.0,0.0484,0.2646
0.07500000000000001,0.14999999999999997,0.0,0.0379,0.2635
0.08000000000000002,0.14999999999999997,0.0,0.0314,0.2627
0.02,0.14999999999999997,0.005,0.4002,0.4003
0.025,0.14999999999999997,0.005,0.3532,0.3543
0.030000000000000002,0.14999999999999997,0.005,0.3087,0.3164
0.035,0.14999999999999997,0.005,0.2595,0.2934
0.04000000000000001,0.14999999999999997,0.005,0.2159,0.28
0.045000000000000005,0.14999999999999997,0.005,0.1744,0.2731
0.05,0.14999999999999997,0.005,0.1391,0.2688
0.05500000000000001,0.14999999999999997,0.005,0.109,0.2674
0.06000000000000001,0.14999999999999997,0.005,0.084,0.2664
0.065,0.14999999999999997,0.005,0.0643,0.2657
0.07,0.14999999999999997,0.005,0.0484,0.2646
0.07500000000000001,0.14999999999999997,0.005,0.0379,0.2635
0.08000000000000002,0.14999999999999997,0.005,0.0314,0.2627
0.02,0.14999999999999997,0.01,0.4002,0.4003
0.025,0.14999999999999997,0.01,0.3532,0.3543
0.030000000000000002,0.14999999999999997,0.01,0.3087,0.3164
0.035,0.14999999999999997,0.01,0.2595,0.2934
0.04000000000000001,0.14999999999999997,0.01,0.2159,0.28
0.045000000000000005,0.14999999999999997,0.01,0.1744,0.2731
0.05,0.14999999999999997,0.01,0.1391,0.2688
0.05500000000000001,0.14999999999999997,0.01,0.109,0.2674
0.06000000000000001,0.14999999999999997,0.01,0.084,0.2664
0.065,0.14999999999999997,0.01,0.0643,0.2657
0.07,0.14999999999999997,0.01,0.0484,0.2646
0.07500000000000001,0.14999999999999997,0.01,0.0379,0.2635
0.08000000000000002,0.14999999999999997,0.01,0.0314,0.2627
0.02,0.14999999999999997,0.015,0.4002,0.4003
0.025,0.14999999999999997,0.015,0.3532,0.3543
0.030000000000000002,0.14999999999999997,0.015,0.3087,0.3164
0.035,0.14999999999999997,0.015,0.2595,0.2934
0.04000000000000001,0.14999999999999997,0.015,0.2159,0.28
0.045000000000000005,0.14999999999999997,0.015,0.1744,0.2731
0.05,0.14999999999999997,0.015,0.1391,0.2688
0.05500000000000001,0.14999999999999997,0.015,0.109,0.2674
0.06000000000000001,0.14999999999999997,0.015,0.084,0.2664
0.065,0.14999999999999997,0.015,0.0643,0.2657
0.07,0.14999999999999997,0.015,0.0484,0.2646
0.07500000000000001,0.14999999999999997,0.015,0.0379,0.2635
0.08000000000000002,0.14999999999999997,0.015,0.0314,0.2627
0.02,0.14999999999999997,0.02,0.3178,0.3179
0.025,0.14999999999999997,0.02,0.2822,0.2828
0.030000000000000002,0.14999999999999997,0.02,0.2456,0.2517
0.035,0.14999999999999997,0.02,0.2066,0.2332
0.04000000000000001,0.14999999999999997,0.02,0.1712,0.2229
0.045000000000000005,0.14999999999999997,0.02,0.1377,0.2172
0.05,0.14999999999999997,0.02,0.111,0.2139
0.05500000000000001,0.14999999999999997,0.02,0.086,0.2128
0.06000000000000001,0.14999999999999997,0.02,0.067,0.2121
0.065,0.14999999999999997,0.02,0.0509,0.2115
0.07,0.14999999999999997,0.02,0.0382,0.2106
0.07500000000000001,0.14999999999999997,0.02,0.0303,0.2099
0.08000000000000002,0.14999999999999997,0.02,0.0252,0.2092
0.02,0.14999999999999997,0.025,0.3178,0.3179
0.025,0.14999999999999997,0.025,0.2822,0.2828
0.030000000000000002,0.14999999999999997,0.025,0.2456,0.2517
0.035,0.14999999999999997,0.025,0.2066,0.2332
0.04000000000000001,0.14999999999999997,0.025,0.1712,0.2229
0.045000000000000005,0.14999999999999997,0.025,0.1377,0.2172
0.05,0.14999999999999997,0.025,0.111,0.2139
0.05500000000000001,0.14999999999999997,0.025,0.086,0.2128
0.06000000000000001,0.14999999999999997,0.025,0.067,0.2121
0.065,0.14999999999999997,0.025,0.0509,0.2115
0.07,0.14999999999999997,0.025,0.0382,0.2106
0.07500000000000001,0.14999999999999997,0.025,0.0303,0.2099
0.08000000000000002,0.14999999999999997,0.025,0.0252,0.2092
0.02,0.14999999999999997,0.03,0.3178,0.3179
0.025,0.14999999999999997,0.03,0.2822,0.2828
0.030000000000000002,0.14999999999999997,0.03,0.2456,0.2517
0.035,0.14999999999999997,0.03,0.2066,0.2332
0.04000000000000001,0.14999999999999997,0.03,0.1712,0.2229
0.045000000000000005,0.14999999999999997,0.03,0.1377,0.2172
0.05,0.14999999999999997,0.03,0.111,0.2139
0.05500000000000001,0.14999999999999997,0.03,0.086,0.2128
0.06000000000000001,0.14999999999999997,0.03,0.067,0.2121
0.065,0.14999999999999997,0.03,0.0509,0.2115
0.07,0.14999999999999997,0.03,0.0382,0.2106
0.07500000000000001,0.14999999999999997,0.03,0.0303,0.2099
0.08000000000000002,0.14999999999999997,0.03,0.0252,0.2092
0.02,0.14999999999999997,0.035,0.3178,0.3179
0.025,0.14999999999999997,0.035,0.2822,0.2828
0.030000000000000002,0.14999999999999997,0.035,0.2456,0.2517
0.035,0.14999999999999997,0.035,0.2066,0.2332
0.04000000000000001,0.14999999999999997,0.035,0.1712,0.2229
0.045000000000000005,0.14999999999999997,0.035,0.1377,0.2172
0.05,0.14999999999999997,0.035,0.111,0.2139
0.05500000000000001,0.14999999999999997,0.035,0.086,0.2128
0.06000000000000001,0.14999999999999997,0.035,0.067,0.2121
0.065,0.14999999999999997,0.035,0.0509,0.2115
0.07,0.14999999999999997,0.035,0.0382,0.2106
0.07500000000000001,0.14999999999999997,0.035,0.0303,0.2099
0.08000000000000002,0.14999999999999997,0.035,0.0252,0.2092
0.02,0.15499999999999994,-0.01,0.3997,0.3998
0.025,0.15499999999999994,-0.01,0.3526,0.3538
0.030000000000000002,0.15499999999999994,-0.01,0.3084,0.316
0.035,0.15499999999999994,-0.01,0.2593,0.2933
0.04000000000000001,0.15499999999999994,-0.01,0.2159,0.2799
0.045000000000000005,0.15499999999999994,-0.01,0.1743,0.2731
0.05,0.15499999999999994,-0.01,0.139,0.2688
0.05500000000000001,0.15499999999999994,-0.01,0.1089,0.2673
0.06000000000000001,0.15499999999999994,-0.01,0.084,0.2663
0.065,0.15499999999999994,-0.01,0.0643,0.2656
0.07,0.15499999999999994,-0.01,0.0484,0.2645
0.07500000000000001,0.15499999999999994,-0.01,0.0379,0.2634
0.08000000000000002,0.15499999999999994,-0.01,0.0314,0.2627
0.02,0.15499999999999994,-0.005,0.3997,0.3998
0.025,0.15499999999999994,-0.005,0.3526,0.3538
0.030000000000000002,0.15499999999999994,-0.005,0.3084,0.316
0.035,0.15499999999999994,-0.005,0.2593,0.2933
0.04000000000000001,0.15499999999999994,-0.005,0.2159,0.2799
0.045000000000000005,0.15499999999999994,-0.005,0.1743,0.2731
0.05,0.15499999999999994,-0.005,0.139,0.2688
0.05500000000000001,0.15499999999999994,-0.005,0.1089,0.2673
0.06000000000000001,0.15499999999999994,-0.005,0.084,0.2663
0.065,0.15499999999999994,-0.005,0.0643,0.2656
0.07,0.15499999999999994,-0.005,0.0484,0.2645
0.07500000000000001,0.15499999999999994,-0.005,0.0379,0.2634
0.08000000000000002,0.15499999999999994,-0.005,0.0314,0.2627
0.02,0.15499999999999994,0.0,0.3997,0.3998
0.025,0.15499999999999994,0.0,0.3526,0.3538
0.030000000000000002,0.15499999999999994,0.0,0.3084,0.316
0.035,0.15499999999999994,0.0,0.2593,0.2933
0.04000000000000001,0.15499999999999994,0.0,0.2159,0.2799
0.045000000000000005,0.15499999999999994,0.0,0.1743,0.2731
0.05,0.15499999999999994,0.0,0.139,0.2688
0.05500000000000001,0.15499999999999994,0.0,0.1089,0.2673
0.06000000000000001,0.15499999999999994,0.0,0.084,0.2663
0.065,0.15499999999999994,0.0,0.0643,0.2656
0.07,0.15499999999999994,0.0,0.0484,0.2645
0.07500000000000001,0.15499999999999994,0.0,0.0379,0.2634
0.08000000000000002,0.15499999999999994,0.0,0.0314,0.2627
0.02,0.15499999999999994,0.005,0.3997,0.3998
0.025,0.15499999999999994,0.005,0.3526,0.3538
0.030000000000000002,0.15499999999999994,0.005,0.3084,0.316
0.035,0.15499999999999994,0.005,0.2593,0.2933
0.04000000000000001,0.15499999999999994,0.005,0.2159,0.2799
0.045000000000000005,0.15499999999999994,0.005,0.1743,0.2731
0.05,0.15499999999999994,0.005,0.139,0.2688
0.05500000000000001,0.15499999999999994,0.005,0.1089,0.2673
0.06000000000000001,0.15499999999999994,0.005,0.084,0.2663
0.065,0.15499999999999994,0.005,0.0643,0.2656
0.07,0.15499999999999994,0.005,0.0484,0.2645
0.07500000000000001,0.15499999999999994,0.005,0.0379,0.2634
0.08000000000000002,0.15499999999999994,0.005,0.0314,0.2627
0.02,0.15499999999999994,0.01,0.3997,0.3998
0.025,0.15499999999999994,0.01,0.3526,0.3538
0.030000000000000002,0.15499999999999994,0.01,0.3084,0.316
0.035,0.15499999999999994,0.01,0.2593,0.2933
0.04000000000000001,0.15499999999999994,0.01,0.2159,0.2799
0.045000000000000005,0.15499999999999994,0.01,0.1743,0.2731
0.05,0.15499999999999994,0.01,0.139,0.2688
0.05500000000000001,0.15499999999999994,0.01,0.1089,0.2673
0.06000000000000001,0.15499999999999994,0.01,0.084,0.2663
0.065,0.15499999999999994,0.01,0.0643,0.2656
0.07,0.15499999999999994,0.01,0.0484,0.2645
0.07500000000000001,0.15499999999999994,0.01,0.0379,0.2634
0.08000000000000002,0.15499999999999994,0.01,0.0314,0.2627
0.02,0.15499999999999994,0.015,0.3997,0.3998
0.025,0.15499999999999994,0.015,0.3526,0.3538
0.030000000000000002,0.15499999999999994,0.015,0.3084,0.316
0.035,0.15499999999999994,0.015,0.2593,0.2933
0.04000000000000001,0.15499999999999994,0.015,0.2159,0.2799
0.045000000000000005,0.15499999999999994,0.015,0.1743,0.2731
0.05,0.15499999999999994,0.015,0.139,0.2688
0.05500000000000001,0.15499999999999994,0.015,0.1089,0.2673
0.06000000000000001,0.15499999999999994,0.015,0.084,0.2663
0.065,0.15499999999999994,0.015,0.0643,0.2656
0.07,0.15499999999999994,0.015,0.0484,0.2645
0.07500000000000001,0.15499999999999994,0.015,0.0379,0.2634
0.08000000000000002,0.15499999999999994,0.015,0.0314,0.2627
0.02,0.15499999999999994,0.02,0.3174,0.3175
0.025,0.15499999999999994,0.02,0.2817,0.2824
0.030000000000000002,0.15499999999999994,0.02,0.2454,0.2515
0.035,0.15499999999999994,0.02,0.2064,0.2331
0.04000000000000001,0.15499999999999994,0.02,0.1712,0.2228
0.045000000000000005,0.15499999999999994,0.02,0.1377,0.2172
0.05,0.15499999999999994,0.02,0.1109,0.2139
0.05500000000000001,0.15499999999999994,0.02,0.086,0.2127
0.06000000000000001,0.15499999999999994,0.02,0.067,0.212
0.065,0.15499999999999994,0.02,0.0509,0.2114
0.07,0.15499999999999994,0.02,0.0382,0.2105
0.07500000000000001,0.15499999999999994,0.02,0.0303,0.2098
0.08000000000000002,0.15499999999999994,0.02,0.0252,0.2092
0.02,0.15499999999999994,0.025,0.3174,0.3175
0.025,0.15499999999999994,0.025,0.2817,0.2824
0.030000000000000002,0.15499999999999994,0.025,0.2454,0.2515
0.035,0.15499999999999994,0.025,0.2064,0.2331
0.04000000000000001,0.15499999999999994,0.025,0.1712,0.2228
0.045000000000000005,0.15499999999999994,0.025,0.1377,0.2172
0.05,0.15499999999999994,0.025,0.1109,0.2139
0.05500000000000001,0.15499999999999994,0.025,0.086,0.2127
0.06000000000000001,0.15499999999999994,0.025,0.067,0.212
0.065,0.15499999999999994,0.025,0.0509,0.2114
0.07,0.15499999999999994,0.025,0.0382,0.2105
0.07500000000000001,0.15499999999999994,0.025,0.0303,0.2098
0.08000000000000002,0.15499999999999994,0.025,0.0252,0.2092
0.02,0.15499999999999994,0.03,0.3174,0.3175
0.025,0.15499999999999994,0.03,0.2817,0.2824
0.030000000000000002,0.15499999999999994,0.03,0.2454,0.2515
0.035,0.15499999999999994,0.03,0.2064,0.2331
0.04000000000000001,0.15499999999999994,0.03,0.1712,0.2228
0.045000000000000005,0.15499999999999994,0.03,0.1377,0.2172
0.05,0.15499999999999994,0.03,0.1109,0.2139
0.05500000000000001,0.15499999999999994,0.03,0.086,0.2127
0.06000000000000001,0.15499999999999994,0.03,0.067,0.212
0.065,0.15499999999999994,0.03,0.0509,0.2114
0.07,0.15499999999999994,0.03,0.0382,0.2105
0.07500000000000001,0.15499999999999994,0.03,0.0303,0.2098
0.08000000000000002,0.15499999999999994,0.03,0.0252,0.2092
0.02,0.15499999999999994,0.035,0.3174,0.3175
0.025,0.15499999999999994,0.035,0.2817,0.2824
0.030000000000000002,0.15499999999999994,0.035,0.2454,0.2515
0.035,0.15499999999999994,0.035,0.2064,0.2331
0.04000000000000001,0.15499999999999994,0.035,0.1712,0.2228
0.045000000000000005,0.15499999999999994,0.035,0.1377,0.2172
0.05,0.15499999999999994,0.035,0.1109,0.2139
0.05500000000000001,0.15499999999999994,0.035,0.086,0.2127
0.06000000000000001,0.15499999999999994,0.035,0.067,0.212
0.065,0.15499999999999994,0.035,0.0509,0.2114
0.07,0.15499999999999994,0.035,0.0382,0.2105
0.07500000000000001,0.15499999999999994,0.035,0.0303,0.2098
0.08000000000000002,0.15499999999999994,0.035,0.0252,0.2092
0.02,0.15999999999999995,-0.01,0.3996,0.3997
0.025,0.15999999999999995,-0.01,0.3525,0.3537
0.030000000000000002,0.15999999999999995,-0.01,0.3083,0.316
0.035,0.15999999999999995,-0.01,0.2591,0.2932
0.04000000000000001,0.15999999999999995,-0.01,0.2158,0.2799
0.045000000000000005,0.15999999999999995,-0.01,0.1743,0.2731
0.05,0.15999999999999995,-0.01,0.139,0.2686
0.05500000000000001,0.15999999999999995,-0.01,0.1089,0.2671
0.06000000000000001,0.15999999999999995,-0.01,0.084,0.2661
0.065,0.15999999999999995,-0.01,0.0643,0.2654
0.07,0.15999999999999995,-0.01,0.0484,0.2643
0.07500000000000001,0.15999999999999995,-0.01,0.0378,0.2632
0.08000000000000002,0.15999999999999995,-0.01,0.0314,0.2624
0.02,0.15999999999999995,-0.005,0.3996,0.3997
0.025,0.15999999999999995,-0.005,0.3525,0.3537
0.030000000000000002,0.15999999999999995,-0.005,0.3083,0.316
0.035,0.15999999999999995,-0.005,0.2591,0.2932
0.04000000000000001,0.15999999999999995,-0.005,0.2158,0.2799
0.045000000000000005,0.15999999999999995,-0.005,0.1743,0.2731
0.05,0.15999999999999995,-0.005,0.139,0.2686
0.05500000000000001,0.15999999999999995,-0.005,0.1089,0.2671
0.06000000000000001,0.15999999999999995,-0.005,0.084,0.2661
0.065,0.15999999999999995,-0.005,0.0643,0.2654
0.07,0.15999999999999995,-0.005,0.0484,0.2643
0.07500000000000001,0.15999999999999995,-0.005,0.0378,0.2632
0.08000000000000002,0.15999999999999995,-0.005,0.0314,0.2624
0.02,0.15999999999999995,0.0,0.3996,0.3997
0.025,0.15999999999999995,0.0,0.3525,0.3537
0.030000000000000002,0.15999999999999995,0.0,0.3083,0.316
0.035,0.15999999999999995,0.0,0.2591,0.2932
0.04000000000000001,0.15999999999999995,0.0,0.2158,0.2799
0.045000000000000005,0.15999999999999995,0.0,0.1743,0.2731
0.05,0.15999999999999995,0.0,0.139,0.2686
0.05500000000000001,0.15999999999999995,0.0,0.1089,0.2671
0.06000000000000001,0.15999999999999995,0.0,0.084,0.2661
0.065,0.15999999999999995,0.0,0.0643,0.2654
0.07,0.15999999999999995,0.0,0.0484,0.2643
0.07500000000000001,0.15999999999999995,0.0,0.0378,0.2632
0.08000000000000002,0.15999999999999995,0.0,0.0314,0.2624
0.02,0.15999999999999995,0.005,0.3996,0.3997
0.025,0.15999999999999995,0.005,0.3525,0.3537
0.030000000000000002,0.15999999999999995,0.005,0.3083,0.316
0.035,0.15999999999999995,0.005,0.2591,0.2932
0.04000000000000001,0.15999999999999995,0.005,0.2158,0.2799
0.045000000000000005,0.15999999999999995,0.005,0.1743,0.2731
0.05,0.15999999999999995,0.005,0.139,0.2686
0.05500000000000001,0.15999999999999995,0.005,0.1089,0.2671
0.06000000000000001,0.15999999999999995,0.005,0.084,0.2661
0.065,0.15999999999999995,0.005,0.0643,0.2654
0.07,0.15999999999999995,0.005,0.0484,0.2643
0.07500000000000001,0.15999999999999995,0.005,0.0378,0.2632
0.08000000000000002,0.15999999999999995,0.005,0.0314,0.2624
0.02,0.15999999999999995,0.01,0.3996,0.3997
0.025,0.15999999999999995,0.01,0.3525,0.3537
0.030000000000000002,0.15999999999999995,0.01,0.3083,0.316
0.035,0.15999999999999995,0.01,0.2591,0.2932
0.04000000000000001,0.15999999999999995,0.01,0.2158,0.2799
0.045000000000000005,0.15999999999999995,0.01,0.1743,0.2731
0.05,0.15999999999999995,0.01,0.139,0.2686
0.05500000000000001,0.15999999999999995,0.01,0.1089,0.2671
0.06000000000000001,0.15999999999999995,0.01,0.084,0.2661
0.065,0.15999999999999995,0.01,0.0643,0.2654
0.07,0.15999999999999995,0.01,0.0484,0.2643
0.07500000000000001,0.15999999999999995,0.01,0.0378,0.2632
0.08000000000000002,0.15999999999999995,0.01,0.0314,0.2624
0.02,0.15999999999999995,0.015,0.3996,0.3997
0.025,0.15999999999999995,0.015,0.3525,0.3537
0.030000000000000002,0.15999999999999995,0.015,0.3083,0.316
0.035,0.15999999999999995,0.015,0.2591,0.2932
0.04000000000000001,0.15999999999999995,0.015,0.2158,0.2799
0.045000000000000005,0.15999999999999995,0.015,0.1743,0.2731
0.05,0.15999999999999995,0.015,0.139,0.2686
0.05500000000000001,0.15999999999999995,0.015,0.1089,0.2671
0.06000000000000001,0.15999999999999995,0.015,0.084,0.2661
0.065,0.15999999999999995,0.015,0.0643,0.2654
0.07,0.15999999999999995,0.015,0.0484,0.2643
0.07500000000000001,0.15999999999999995,0.015,0.0378,0.2632
0.08000000000000002,0.15999999999999995,0.015,0.0314,0.2624
0.02,0.15999999999999995,0.02,0.3173,0.3174
0.025,0.15999999999999995,0.02,0.2816,0.2823
0.030000000000000002,0.15999999999999995,0.02,0.2453,0.2515
0.035,0.15999999999999995,0.02,0.2063,0.2331
0.04000000000000001,0.15999999999999995,0.02,0.1712,0.2228
0.045000000000000005,0.15999999999999995,0.02,0.1377,0.2172
0.05,0.15999999999999995,0.02,0.1109,0.2137
0.05500000000000001,0.15999999999999995,0.02,0.086,0.2125
0.06000000000000001,0.15999999999999995,0.02,0.067,0.2118
0.065,0.15999999999999995,0.02,0.0509,0.2112
0.07,0.15999999999999995,0.02,0.0382,0.2103
0.07500000000000001,0.15999999999999995,0.02,0.0302,0.2096
0.08000000000000002,0.15999999999999995,0.02,0.0252,0.209
0.02,0.15999999999999995,0.025,0.3173,0.3174
0.025,0.15999999999999995,0.025,0.2816,0.2823
0.030000000000000002,0.15999999999999995,0.025,0.2453,0.2515
0.035,0.15999999999999995,0.025,0.2063,0.2331
0.04000000000000001,0.15999999999999995,0.025,0.1712,0.2228
0.045000000000000005,0.15999999999999995,0.025,0.1377,0.2172
0.05,0.15999999999999995,0.025,0.1109,0.2137
0.05500000000000001,0.15999999999999995,0.025,0.086,0.2125
0.06000000000000001,0.15999999999999995,0.025,0.067,0.2118
0.065,0.15999999999999995,0.025,0.0509,0.2112
0.07,0.15999999999999995,0.025,0.0382,0.2103
0.07500000000000001,0.15999999999999995,0.025,0.0302,0.2096
0.08000000000000002,0.15999999999999995,0.025,0.0252,0.209
0.02,0.15999999999999995,0.03,0.3173,0.3174
0.025,0.15999999999999995,0.03,0.2816,0.2823
0.030000000000000002,0.15999999999999995,0.03,0.2453,0.2515
0.035,0.15999999999999995,0.03,0.2063,0.2331
0.04000000000000001,0.15999999999999995,0.03,0.1712,0.2228
0.045000000000000005,0.15999999999999995,0.03,0.1377,0.2172
0.05,0.15999999999999995,0.03,0.1109,0.2137
0.05500000000000001,0.15999999999999995,0.03,0.086,0.2125
0.06000000000000001,0.15999999999999995,0.03,0.067,0.2118
0.065,0.15999999999999995,0.03,0.0509,0.2112
0.07,0.15999999999999995,0.03,0.0382,0.2103
0.07500000000000001,0.15999999999999995,0.03,0.0302,0.2096
0.08000000000000002,0.15999999999999995,0.03,0.0252,0.209
0.02,0.15999999999999995,0.035,0.3173,0.3174
0.025,0.15999999999999995,0.035,0.2816,0.2823
0.030000000000000002,0.15999999999999995,0.035,0.2453,0.2515
0.035,0.15999999999999995,0.035,0.2063,0.2331
0.04000000000000001,0.15999999999999995,0.035,0.1712,0.2228
0.045000000000000005,0.15999999999999995,0.035,0.1377,0.2172
0.05,0.15999999999999995,0.035,0.1109,0.2137
0.05500000000000001,0.15999999999999995,0.035,0.086,0.2125
0.06000000000000001,0.15999999999999995,0.035,0.067,0.2118
0.065,0.15999999999999995,0.035,0.0509,0.2112
0.07,0.15999999999999995,0.035,0.0382,0.2103
0.07500000000000001,0.15999999999999995,0.035,0.0302,0.2096
0.08000000000000002,0.15999999999999995,0.035,0.0252,0.209
0.02,0.16499999999999995,-0.01,0.3996,0.3997
0.025,0.16499999999999995,-0.01,0.3524,0.3536
0.030000000000000002,0.16499999999999995,-0.01,0.3083,0.316
0.035,0.16499999999999995,-0.01,0.2591,0.2932
0.04000000000000001,0.16499999999999995,-0.01,0.2156,0.2798
0.045000000000000005,0.16499999999999995,-0.01,0.1743,0.273
0.05,0.16499999999999995,-0.01,0.139,0.2686
0.05500000000000001,0.16499999999999995,-0.01,0.1089,0.2671
0.06000000000000001,0.16499999999999995,-0.01,0.084,0.2661
0.065,0.16499999999999995,-0.01,0.0643,0.2654
0.07,0.16499999999999995,-0.01,0.0484,0.2643
0.07500000000000001,0.16499999999999995,-0.01,0.0378,0.2631
0.08000000000000002,0.16499999999999995,-0.01,0.0314,0.2624
0.02,0.16499999999999995,-0.005,0.3996,0.3997
0.025,0.16499999999999995,-0.005,0.3524,0.3536
0.030000000000000002,0.16499999999999995,-0.005,0.3083,0.316
0.035,0.16499999999999995,-0.005,0.2591,0.2932
0.04000000000000001,0.16499999999999995,-0.005,0.2156,0.2798
0.045000000000000005,0.16499999999999995,-0.005,0.1743,0.273
0.05,0.16499999999999995,-0.005,0.139,0.2686
0.05500000000000001,0.16499999999999995,-0.005,0.1089,0.2671
0.06000000000000001,0.16499999999999995,-0.005,0.084,0.2661
0.065,0.16499999999999995,-0.005,0.0643,0.2654
0.07,0.16499999999999995,-0.005,0.0484,0.2643
0.07500000000000001,0.16499999999999995,-0.005,0.0378,0.2631
0.08000000000000002,0.16499999999999995,-0.005,0.0314,0.2624
0.02,0.16499999999999995,0.0,0.3996,0.3997
0.025,0.16499999999999995,0.0,0.3524,0.3536
0.030000000000000002,0.16499999999999995,0.0,0.3083,0.316
0.035,0.16499999999999995,0.0,0.2591,0.2932
0.04000000000000001,0.16499999999999995,0.0,0.2156,0.2798
0.045000000000000005,0.16499999999999995,0.0,0.1743,0.273
0.05,0.16499999999999995,0.0,0.139,0.2686
0.05500000000000001,0.16499999999999995,0.0,0.1089,0.2671
0.06000000000000001,0.16499999999999995,0.0,0.084,0.2661
0.065,0.16499999999999995,0.0,0.0643,0.2654
0.07,0.16499999999999995,0.0,0.0484,0.2643
0.07500000000000001,0.16499999999999995,0.0,0.0378,0.2631
0.08000000000000002,0.16499999999999995,0.0,0.0314,0.2624
0.02,0.16499999999999995,0.005,0.3996,0.3997
0.025,0.16499999999999995,0.005,0.3524,0.3536
0.030000000000000002,0.16499999999999995,0.005,0.3083,0.316
0.035,0.16499999999999995,0.005,0.2591,0.2932
0.04000000000000001,0.16499999999999995,0.005,0.2156,0.2798
0.045000000000000005,0.16499999999999995,0.005,0.1743,0.273
0.05,0.16499999999999995,0.005,0.139,0.2686
0.05500000000000001,0.16499999999999995,0.005,0.1089,0.2671
0.06000000000000001,0.16499999999999995,0.005,0.084,0.2661
0.065,0.16499999999999995,0.005,0.0643,0.2654
0.07,0.16499999999999995,0.005,0.0484,0.2643
0.07500000000000001,0.16499999999999995,0.005,0.0378,0.2631
0.08000000000000002,0.16499999999999995,0.005,0.0314,0.2624
0.02,0.16499999999999995,0.01,0.3996,0.3997
0.025,0.16499999999999995,0.01,0.3524,0.3536
0.030000000000000002,0.16499999999999995,0.01,0.3083,0.316
0.035,0.16499999999999995,0.01,0.2591,0.2932
0.04000000000000001,0.16499999999999995,0.01,0.2156,0.2798
0.045000000000000005,0.16499999999999995,0.01,0.1743,0.273
0.05,0.16499999999999995,0.01,0.139,0.2686
0.05500000000000001,0.16499999999999995,0.01,0.1089,0.2671
0.06000000000000001,0.16499999999999995,0.01,0.084,0.2661
0.065,0.16499999999999995,0.01,0.0643,0.2654
0.07,0.16499999999999995,0.01,0.0484,0.2643
0.07500000000000001,0.16499999999999995,0.01,0.0378,0.2631
0.08000000000000002,0.16499999999999995,0.01,0.0314,0.2624
0.02,0.16499999999999995,0.015,0.3996,0.3997
0.025,0.16499999999999995,0.015,0.3524,0.3536
0.030000000000000002,0.16499999999999995,0.015,0.3083,0.316
0.035,0.16499999999999995,0.015,0.2591,0.2932
0.04000000000000001,0.16499999999999995,0.015,0.2156,0.2798
0.045000000000000005,0.16499999999999995,0.015,0.1743,0.273
0.05,0.16499999999999995,0.015,0.139,0.2686
0.05500000000000001,0.16499999999999995,0.015,0.1089,0.2671
0.06000000000000001,0.16499999999999995,0.015,0.084,0.2661
0.065,0.16499999999999995,0.015,0.0643,0.2654
0.07,0.16499999999999995,0.015,0.0484,0.2643
0.07500000000000001,0.16499999999999995,0.015,0.0378,0.2631
0.08000000000000002,0.16499999999999995,0.015,0.0314,0.2624
0.02,0.16499999999999995,0.02,0.3173,0.3174
0.025,0.16499999999999995,0.02,0.2815,0.2822
0.030000000000000002,0.16499999999999995,0.02,0.2453,0.2515
0.035,0.16499999999999995,0.02,0.2063,0.2331
0.04000000000000001,0.16499999999999995,0.02,0.171,0.2227
0.045000000000000005,0.16499999999999995,0.02,0.1377,0.2171
0.05,0.16499999999999995,0.02,0.1109,0.2137
0.05500000000000001,0.16499999999999995,0.02,0.086,0.2125
0.06000000000000001,0.16499999999999995,0.02,0.067,0.2118
0.065,0.16499999999999995,0.02,0.0509,0.2112
0.07,0.16499999999999995,0.02,0.0382,0.2103
0.07500000000000001,0.16499999999999995,0.02,0.0302,0.2096
0.08000000000000002,0.16499999999999995,0.02,0.0252,0.209
0.02,0.16499999999999995,0.025,0.3173,0.3174
0.025,0.16499999999999995,0.025,0.2815,0.2822
0.030000000000000002,0.16499999999999995,0.025,0.2453,0.2515
0.035,0.16499999999999995,0.025,0.2063,0.2331
0.04000000000000001,0.16499999999999995,0.025,0.171,0.2227
0.045000000000000005,0.16499999999999995,0.025,0.1377,0.2171
0.05,0.16499999999999995,0.025,0.1109,0.2137
0.05500000000000001,0.16499999999999995,0.025,0.086,0.2125
0.06000000000000001,0.16499999999999995,0.025,0.067,0.2118
0.065,0.16499999999999995,0.025,0.0509,0.2112
0.07,0.16499999999999995,0.025,0.0382,0.2103
0.07500000000000001,0.16499999999999995,0.025,0.0302,0.2096
0.08000000000000002,0.16499999999999995,0.025,0.0252,0.209
0.02,0.16499999999999995,0.03,0.3173,0.3174
0.025,0.16499999999999995,0.03,0.2815,0.2822
0.030000000000000002,0.16499999999999995,0.03,0.2453,0.2515
0.035,0.16499999999999995,0.03,0.2063,0.2331
0.04000000000000001,0.16499999999999995,0.03,0.171,0.2227
0.045000000000000005,0.16499999999999995,0.03,0.1377,0.2171
0.05,0.16499999999999995,0.03,0.1109,0.2137
0.05500000000000001,0.16499999999999995,0.03,0.086,0.2125
0.06000000000000001,0.16499999999999995,0.03,0.067,0.2118
0.065,0.16499999999999995,0.03,0.0509,0.2112
0.07,0.16499999999999995,0.03,0.0382,0.2103
0.07500000000000001,0.16499999999999995,0.03,0.0302,0.2096
0.08000000000000002,0.16499999999999995,0.03,0.0252,0.209
0.02,0.16499999999999995,0.035,0.3173,0.3174
0.025,0.16499999999999995,0.035,0.2815,0.2822
0.030000000000000002,0.16499999999999995,0.035,0.2453,0.2515
0.035,0.16499999999999995,0.035,0.2063,0.2331
0.04000000000000001,0.16499999999999995,0.035,0.171,0.2227
0.045000000000000005,0.16499999999999995,0.035,0.1377,0.2171
0.05,0.16499999999999995,0.035,0.1109,0.2137
0.05500000000000001,0.16499999999999995,0.035,0.086,0.2125
0.06000000000000001,0.16499999999999995,0.035,0.067,0.2118
0.065,0.16499999999999995,0.035,0.0509,0.2112
0.07,0.16499999999999995,0.035,0.0382,0.2103
0.07500000000000001,0.16499999999999995,0.035,0.0302,0.2096
0.08000000000000002,0.16499999999999995,0.035,0.0252,0.209
0.02,0.16999999999999993,-0.01,0.3996,0.3997
0.025,0.16999999999999993,-0.01,0.3523,0.3535
0.030000000000000002,0.16999999999999993,-0.01,0.3083,0.316
0.035,0.16999999999999993,-0.01,0.2591,0.2932
0.04000000000000001,0.16999999999999993,-0.01,0.2156,0.2798
0.045000000000000005,0.16999999999999993,-0.01,0.1743,0.273
0.05,0.16999999999999993,-0.01,0.139,0.2686
0.05500000000000001,0.16999999999999993,-0.01,0.1089,0.2671
0.06000000000000001,0.16999999999999993,-0.01,0.084,0.2661
0.065,0.16999999999999993,-0.01,0.0643,0.2654
0.07,0.16999999999999993,-0.01,0.0484,0.2643
0.07500000000000001,0.16999999999999993,-0.01,0.0378,0.2631
0.08000000000000002,0.16999999999999993,-0.01,0.0314,0.2624
0.02,0.16999999999999993,-0.005,0.3996,0.3997
0.025,0.16999999999999993,-0.005,0.3523,0.3535
0.030000000000000002,0.16999999999999993,-0.005,0.3083,0.316
0.035,0.16999999999999993,-0.005,0.2591,0.2932
0.04000000000000001,0.16999999999999993,-0.005,0.2156,0.2798
0.045000000000000005,0.16999999999999993,-0.005,0.1743,0.273
0.05,0.16999999999999993,-0.005,0.139,0.2686
0.05500000000000001,0.16999999999999993,-0.005,0.1089,0.2671
0.06000000000000001,0.16999999999999993,-0.005,0.084,0.2661
0.065,0.16999999999999993,-0.005,0.0643,0.2654
0.07,0.16999999999999993,-0.005,0.0484,0.2643
0.07500000000000001,0.16999999999999993,-0.005,0.0378,0.2631
0.08000000000000002,0.16999999999999993,-0.005,0.0314,0.2624
0.02,0.16999999999999993,0.0,0.3996,0.3997
0.025,0.16999999999999993,0.0,0.3523,0.3535
0.030000000000000002,0.16999999999999993,0.0,0.3083,0.316
0.035,0.16999999999999993,0.0,0.2591,0.2932
0.04000000000000001,0.16999999999999993,0.0,0.2156,0.2798
0.045000000000000005,0.16999999999999993,0.0,0.1743,0.273
0.05,0.16999999999999993,0.0,0.139,0.2686
0.05500000000000001,0.16999999999999993,0.0,0.1089,0.2671
0.06000000000000001,0.16999999999999993,0.0,0.084,0.2661
0.065,0.16999999999999993,0.0,0.0643,0.2654
0.07,0.16999999999999993,0.0,0.0484,0.2643
0.07500000000000001,0.16999999999999993,0.0,0.0378,0.2631
0.08000000000000002,0.16999999999999993,0.0,0.0314,0.2624
0.02,0.16999999999999993,0.005,0.3996,0.3997
0.025,0.16999999999999993,0.005,0.3523,0.3535
0.030000000000000002,0.16999999999999993,0.005,0.3083,0.316
0.035,0.16999999999999993,0.005,0.2591,0.2932
0.04000000000000001,0.16999999999999993,0.005,0.2156,0.2798
0.045000000000000005,0.16999999999999993,0.005,0.1743,0.273
0.05,0.16999999999999993,0.005,0.139,0.2686
0.05500000000000001,0.16999999999999993,0.005,0.1089,0.2671
0.06000000000000001,0.16999999999999993,0.005,0.084,0.2661
0.065,0.16999999999999993,0.005,0.0643,0.2654
0.07,0.16999999999999993,0.005,0.0484,0.2643
0.07500000000000001,0.16999999999999993,0.005,0.0378,0.2631
0.08000000000000002,0.16999999999999993,0.005,0.0314,0.2624
0.02,0.16999999999999993,0.01,0.3996,0.3997
0.025,0.16999999999999993,0.01,0.3523,0.3535
0.030000000000000002,0.16999999999999993,0.01,0.3083,0.316
0.035,0.16999999999999993,0.01,0.2591,0.2932
0.04000000000000001,0.16999999999999993,0.01,0.2156,0.2798
0.045000000000000005,0.16999999999999993,0.01,0.1743,0.273
0.05,0.16999999999999993,0.01,0.139,0.2686
0.05500000000000001,0.16999999999999993,0.01,0.1089,0.2671
0.06000000000000001,0.16999999999999993,0.01,0.084,0.2661
0.065,0.16999999999999993,0.01,0.0643,0.2654
0.07,0.16999999999999993,0.01,0.0484,0.2643
0.07500000000000001,0.16999999999999993,0.01,0.0378,0.2631
0.08000000000000002,0.16999999999999993,0.01,0.0314,0.2624
0.02,0.16999999999999993,0.015,0.3996,0.3997
0.025,0.16999999999999993,0.015,0.3523,0.3535
0.030000000000000002,0.16999999999999993,0.015,0.3083,0.316
0.035,0.16999999999999993,0.015,0.2591,0.2932
0.04000000000000001,0.16999999999999993,0.015,0.2156,0.2798
0.045000000000000005,0.16999999999999993,0.015,0.1743,0.273
0.05,0.16999999999999993,0.015,0.139,0.2686
0.05500000000000001,0.16999999999999993,0.015,0.1089,0.2671
0.06000000000000001,0.16999999999999993,0.015,0.084,0.2661
0.065,0.16999999999999993,0.015,0.0643,0.2654
0.07,0.16999999999999993,0.015,0.0484,0.2643
0.07500000000000001,0.16999999999999993,0.015,0.0378,0.2631
0.08000000000000002,0.16999999999999993,0.015,0.0314,0.2624
0.02,0.16999999999999993,0.02,0.3173,0.3174
0.025,0.16999999999999993,0.02,0.2814,0.2821
0.030000000000000002,0.16999999999999993,0.02,0.2453,0.2515
0.035,0.16999999999999993,0.02,0.2063,0.2331
0.04000000000000001,0.16999999999999993,0.02,0.171,0.2227
0.045000000000000005,0.16999999999999993,0.02,0.1377,0.2171
0.05,0.16999999999999993,0.02,0.1109,0.2137
0.05500000000000001,0.16999999999999993,0.02,0.086,0.2125
0.06000000000000001,0.16999999999999993,0.02,0.067,0.2118
0.065,0.16999999999999993,0.02,0.0509,0.2112
0.07,0.16999999999999993,0.02,0.0382,0.2103
0.07500000000000001,0.16999999999999993,0.02,0.0302,0.2096
0.08000000000000002,0.16999999999999993,0.02,0.0252,0.209
0.02,0.16999999999999993,0.025,0.3173,0.3174
0.025,0.16999999999999993,0.025,0.2814,0.2821
0.030000000000000002,0.16999999999999993,0.025,0.2453,0.2515
0.035,0.16999999999999993,0.025,0.2063,0.2331
0.04000000000000001,0.16999999999999993,0.025,0.171,0.2227
0.045000000000000005,0.16999999999999993,0.025,0.1377,0.2171
0.05,0.16999999999999993,0.025,0.1109,0.2137
0.05500000000000001,0.16999999999999993,0.025,0.086,0.2125
0.06000000000000001,0.16999999999999993,0.025,0.067,0.2118
0.065,0.16999999999999993,0.025,0.0509,0.2112
0.07,0.16999999999999993,0.025,0.0382,0.2103
0.07500000000000001,0.16999999999999993,0.025,0.0302,0.2096
0.08000000000000002,0.16999999999999993,0.025,0.0252,0.209
0.02,0.16999999999999993,0.03,0.3173,0.3174
0.025,0.16999999999999993,0.03,0.2814,0.2821
0.030000000000000002,0.16999999999999993,0.03,0.2453,0.2515
0.035,0.16999999999999993,0.03,0.2063,0.2331
0.04000000000000001,0.16999999999999993,0.03,0.171,0.2227
0.045000000000000005,0.16999999999999993,0.03,0.1377,0.2171
0.05,0.16999999999999993,0.03,0.1109,0.2137
0.05500000000000001,0.16999999999999993,0.03,0.086,0.2125
0.06000000000000001,0.16999999999999993,0.03,0.067,0.2118
0.065,0.16999999999999993,0.03,0.0509,0.2112
0.07,0.16999999999999993,0.03,0.0382,0.2103
0.07500000000000001,0.16999999999999993,0.03,0.0302,0.2096
0.08000000000000002,0.16999999999999993,0.03,0.0252,0.209
0.02,0.16999999999999993,0.035,0.3173,0.3174
0.025,0.16999999999999993,0.035,0.2814,0.2821
0.030000000000000002,0.16999999999999993,0.035,0.2453,0.2515
0.035,0.16999999999999993,0.035,0.2063,0.2331
0.04000000000000001,0.16999999999999993,0.035,0.171,0.2227
0.045000000000000005,0.16999999999999993,0.035,0.1377,0.2171
0.05,0.16999999999999993,0.035,0.1109,0.2137
0.05500000000000001,0.16999999999999993,0.035,0.086,0.2125
0.06000000000000001,0.16999999999999993,0.035,0.067,0.2118
0.065,0.16999999999999993,0.035,0.0509,0.2112
0.07,0.16999999999999993,0.035,0.0382,0.2103
0.07500000000000001,0.16999999999999993,0.035,0.0302,0.2096
0.08000000000000002,0.16999999999999993,0.035,0.0252,0.209
0.02,0.17499999999999993,-0.01,0.3996,0.3997
0.025,0.17499999999999993,-0.01,0.3523,0.3535
0.030000000000000002,0.17499999999999993,-0.01,0.3083,0.316
0.035,0.17499999999999993,-0.01,0.2591,0.2932
0.04000000000000001,0.17499999999999993,-0.01,0.2156,0.2798
0.045000000000000005,0.17499999999999993,-0.01,0.1743,0.273
0.05,0.17499999999999993,-0.01,0.139,0.2686
0.05500000000000001,0.17499999999999993,-0.01,0.1089,0.2671
0.06000000000000001,0.17499999999999993,-0.01,0.084,0.2661
0.065,0.17499999999999993,-0.01,0.0643,0.2654
0.07,0.17499999999999993,-0.01,0.0484,0.2643
0.07500000000000001,0.17499999999999993,-0.01,0.0378,0.2631
0.08000000000000002,0.17499999999999993,-0.01,0.0314,0.2624
0.02,0.17499999999999993,-0.005,0.3996,0.3997
0.025,0.17499999999999993,-0.005,0.3523,0.3535
0.030000000000000002,0.17499999999999993,-0.005,0.3083,0.316
0.035,0.17499999999999993,-0.005,0.2591,0.2932
0.04000000000000001,0.17499999999999993,-0.005,0.2156,0.2798
0.045000000000000005,0.17499999999999993,-0.005,0.1743,0.273
0.05,0.17499999999999993,-0.005,0.139,0.2686
0.05500000000000001,0.17499999999999993,-0.005,0.1089,0.2671
0.06000000000000001,0.17499999999999993,-0.005,0.084,0.2661
0.065,0.17499999999999993,-0.005,0.0643,0.2654
0.07,0.17499999999999993,-0.005,0.0484,0.2643
0.07500000000000001,0.17499999999999993,-0.005,0.0378,0.2631
0.08000000000000002,0.17499999999999993,-0.005,0.0314,0.2624
0.02,0.17499999999999993,0.0,0.3996,0.3997
0.025,0.17499999999999993,0.0,0.3523,0.3535
0.030000000000000002,0.17499999999999993,0.0,0.3083,0.316
0.035,0.17499999999999993,0.0,0.2591,0.2932
0.04000000000000001,0.17499999999999993,0.0,0.2156,0.2798
0.045000000000000005,0.17499999999999993,0.0,0.1743,0.273
0.05,0.17499999999999993,0.0,0.139,0.2686
0.05500000000000001,0.17499999999999993,0.0,0.1089,0.2671
0.06000000000000001,0.17499999999999993,0.0,0.084,0.2661
0.065,0.17499999999999993,0.0,0.0643,0.2654
0.07,0.17499999999999993,0.0,0.0484,0.2643
0.07500000000000001,0.17499999999999993,0.0,0.0378,0.2631
0.08000000000000002,0.17499999999999993,0.0,0.0314,0.2624
0.02,0.17499999999999993,0.005,0.3996,0.3997
0.025,0.17499999999999993,0.005,0.3523,0.3535
0.030000000000000002,0.17499999999999993,0.005,0.3083,0.316
0.035,0.17499999999999993,0.005,0.2591,0.2932
0.04000000000000001,0.17499999999999993,0.005,0.2156,0.2798
0.045000000000000005,0.17499999999999993,0.005,0.1743,0.273
0.05,0.17499999999999993,0.005,0.139,0.2686
0.05500000000000001,0.17499999999999993,0.005,0.1089,0.2671
0.06000000000000001,0.17499999999999993,0.005,0.084,0.2661
0.065,0.17499999999999993,0.005,0.0643,0.2654
0.07,0.17499999999999993,0.005,0.0484,0.2643
0.07500000000000001,0.17499999999999993,0.005,0.0378,0.2631
0.08000000000000002,0.17499999999999993,0.005,0.0314,0.2624
0.02,0.17499999999999993,0.01,0.3996,0.3997
0.025,0.17499999999999993,0.01,0.3523,0.3535
0.030000000000000002,0.17499999999999993,0.01,0.3083,0.316
0.035,0.17499999999999993,0.01,0.2591,0.2932
0.04000000000000001,0.17499999999999993,0.01,0.2156,0.2798
0.045000000000000005,0.17499999999999993,0.01,0.1743,0.273
0.05,0.17499999999999993,0.01,0.139,0.2686
0.05500000000000001,0.17499999999999993,0.01,0.1089,0.2671
0.06000000000000001,0.17499999999999993,0.01,0.084,0.2661
0.065,0.17499999999999993,0.01,0.0643,0.2654
0.07,0.17499999999999993,0.01,0.0484,0.2643
0.07500000000000001,0.17499999999999993,0.01,0.0378,0.2631
0.08000000000000002,0.17499999999999993,0.01,0.0314,0.2624
0.02,0.17499999999999993,0.015,0.3996,0.3997
0.025,0.17499999999999993,0.015,0.3523,0.3535
0.030000000000000002,0.17499999999999993,0.015,0.3083,0.316
0.035,0.17499999999999993,0.015,0.2591,0.2932
0.04000000000000001,0.17499999999999993,0.015,0.2156,0.2798
0.045000000000000005,0.17499999999999993,0.015,0.1743,0.273
0.05,0.17499999999999993,0.015,0.139,0.2686
0.05500000000000001,0.17499999999999993,0.015,0.1089,0.2671
0.06000000000000001,0.17499999999999993,0.015,0.084,0.2661
0.065,0.17499999999999993,0.015,0.0643,0.2654
0.07,0.17499999999999993,0.015,0.0484,0.2643
0.07500000000000001,0.17499999999999993,0.015,0.0378,0.2631
0.08000000000000002,0.17499999999999993,0.015,0.0314,0.2624
0.02,0.17499999999999993,0.02,0.3173,0.3174
0.025,0.17499999999999993,0.02,0.2814,0.2821
0.030000000000000002,0.17499999999999993,0.02,0.2453,0.2515
0.035,0.17499999999999993,0.02,0.2063,0.2331
0.04000000000000001,0.17499999999999993,0.02,0.171,0.2227
0.045000000000000005,0.17499999999999993,0.02,0.1377,0.2171
0.05,0.17499999999999993,0.02,0.1109,0.2137
0.05500000000000001,0.17499999999999993,0.02,0.086,0.2125
0.06000000000000001,0.17499999999999993,0.02,0.067,0.2118
0.065,0.17499999999999993,0.02,0.0509,0.2112
0.07,0.17499999999999993,0.02,0.0382,0.2103
0.07500000000000001,0.17499999999999993,0.02,0.0302,0.2096
0.08000000000000002,0.17499999999999993,0.02,0.0252,0.209
0.02,0.17499999999999993,0.025,0.3173,0.3174
0.025,0.17499999999999993,0.025,0.2814,0.2821
0.030000000000000002,0.17499999999999993,0.025,0.2453,0.2515
0.035,0.17499999999999993,0.025,0.2063,0.2331
0.04000000000000001,0.17499999999999993,0.025,0.171,0.2227
0.045000000000000005,0.17499999999999993,0.025,0.1377,0.2171
0.05,0.17499999999999993,0.025,0.1109,0.2137
0.05500000000000001,0.17499999999999993,0.025,0.086,0.2125
0.06000000000000001,0.17499999999999993,0.025,0.067,0.2118
0.065,0.17499999999999993,0.025,0.0509,0.2112
0.07,0.17499999999999993,0.025,0.0382,0.2103
0.07500000000000001,0.17499999999999993,0.025,0.0302,0.2096
0.08000000000000002,0.17499999999999993,0.025,0.0252,0.209
0.02,0.17499999999999993,0.03,0.3173,0.3174
0.025,0.17499999999999993,0.03,0.2814,0.2821
0.030000000000000002,0.17499999999999993,0.03,0.2453,0.2515
0.035,0.17499999999999993,0.03,0.2063,0.2331
0.04000000000000001,0.17499999999999993,0.03,0.171,0.2227
0.045000000000000005,0.17499999999999993,0.03,0.1377,0.2171
0.05,0.17499999999999993,0.03,0.1109,0.2137
0.05500000000000001,0.17499999999999993,0.03,0.086,0.2125
0.06000000000000001,0.17499999999999993,0.03,0.067,0.2118
0.065,0.17499999999999993,0.03,0.0509,0.2112
0.07,0.17499999999999993,0.03,0.0382,0.2103
0.07500000000000001,0.17499999999999993,0.03,0.0302,0.2096
0.08000000000000002,0.17499999999999993,0.03,0.0252,0.209
0.02,0.17499999999999993,0.035,0.3173,0.3174
0.025,0.17499999999999993,0.035,0.2814,0.2821
0.030000000000000002,0.17499999999999993,0.035,0.2453,0.2515
0.035,0.17499999999999993,0.035,0.2063,0.2331
0.04000000000000001,0.17499999999999993,0.035,0.171,0.2227
0.045000000000000005,0.17499999999999993,0.035,0.1377,0.2171
0.05,0.17499999999999993,0.035,0.1109,0.2137
0.05500000000000001,0.17499999999999993,0.035,0.086,0.2125
0.06000000000000001,0.17499999999999993,0.035,0.067,0.2118
0.065,0.17499999999999993,0.035,0.0509,0.2112
0.07,0.17499999999999993,0.035,0.0382,0.2103
0.07500000000000001,0.17499999999999993,0.035,0.0302,0.2096
0.08000000000000002,0.17499999999999993,0.035,0.0252,0.209
