Market_Rate,Friction,Rate_Velocity,CPR_US,CPR_Danish
0.02,0.05,-0.01,0.8115,0.8115
0.025,0.05,-0.01,0.7474,0.7493
0.030000000000000002,0.05,-0.01,0.6782,0.6952
0.035,0.05,-0.01,0.5861,0.6616
0.04000000000000001,0.05,-0.01,0.4885,0.637
0.045000000000000005,0.05,-0.01,0.4023,0.6229
0.05,0.05,-0.01,0.3295,0.6137
0.05500000000000001,0.05,-0.01,0.264,0.6101
0.06000000000000001,0.05,-0.01,0.2078,0.6081
0.065,0.05,-0.01,0.1666,0.6059
0.07,0.05,-0.01,0.1308,0.6035
0.07500000000000001,0.05,-0.01,0.1037,0.6006
0.08000000000000002,0.05,-0.01,0.0818,0.599
0.02,0.05,-0.005,0.8115,0.8115
0.025,0.05,-0.005,0.7474,0.7493
0.030000000000000002,0.05,-0.005,0.6782,0.6952
0.035,0.05,-0.005,0.5861,0.6616
0.04000000000000001,0.05,-0.005,0.4885,0.637
0.045000000000000005,0.05,-0.005,0.4023,0.6229
0.05,0.05,-0.005,0.3295,0.6137
0.05500000000000001,0.05,-0.005,0.264,0.6101
0.06000000000000001,0.05,-0.005,0.2078,0.6081
0.065,0.05,-0.005,0.1666,0.6059
0.07,0.05,-0.005,0.1308,0.6035
0.07500000000000001,0.05,-0.005,0.1037,0.6006
0.08000000000000002,0.05,-0.005,0.0818,0.599
0.02,0.05,0.0,0.8115,0.8115
0.025,0.05,0.0,0.7474,0.7493
0.030000000000000002,0.05,0.0,0.6782,0.6952
0.035,0.05,0.0,0.5861,0.6616
0.04000000000000001,0.05,0.0,0.4885,0.637
0.045000000000000005,0.05,0.0,0.4023,0.6229
0.05,0.05,0.0,0.3295,0.6137
0.05500000000000001,0.05,0.0,0.264,0.6101
0.06000000000000001,0.05,0.0,0.2078,0.6081
0.065,0.05,0.0,0.1666,0.6059
0.07,0.05,0.0,0.1308,0.6035
0.07500000000000001,0.05,0.0,0.1037,0.6006
0.08000000000000002,0.05,0.0,0.0818,0.599
0.02,0.05,0.005,0.8115,0.8115
0.025,0.05,0.005,0.7474,0.7493
0.030000000000000002,0.05,0.005,0.6782,0.6952
0.035,0.05,0.005,0.5861,0.6616
0.04000000000000001,0.05,0.005,0.4885,0.637
0.045000000000000005,0.05,0.005,0.4023,0.6229
0.05,0.05,0.005,0.3295,0.6137
0.05500000000000001,0.05,0.005,0.264,0.6101
0.06000000000000001,0.05,0.005,0.2078,0.6081
0.065,0.05,0.005,0.1666,0.6059
0.07,0.05,0.005,0.1308,0.6035
0.07500000000000001,0.05,0.005,0.1037,0.6006
0.08000000000000002,0.05,0.005,0.0818,0.599
0.02,0.05,0.01,0.8115,0.8115
0.025,0.05,0.01,0.7474,0.7493
0.030000000000000002,0.05,0.01,0.6782,0.6952
0.035,0.05,0.01,0.5861,0.6616
0.04000000000000001,0.05,0.01,0.4885,0.637
0.045000000000000005,0.05,0.01,0.4023,0.6229
0.05,0.05,0.01,0.3295,0.6137
0.05500000000000001,0.05,0.01,0.264,0.6101
0.06000000000000001,0.05,0.01,0.2078,0.6081
0.065,0.05,0.01,0.1666,0.6059
0.07,0.05,0.01,0.1308,0.6035
0.07500000000000001,0.05,0.01,0.1037,0.6006
0.08000000000000002,0.05,0.01,0.0818,0.599
0.02,0.05,0.015,0.8115,0.8115
0.025,0.05,0.015,0.7474,0.7493
0.030000000000000002,0.05,0.015,0.6782,0.6952
0.035,0.05,0.015,0.5861,0.6616
0.04000000000000001,0.05,0.015,0.4885,0.637
0.045000000000000005,0.05,0.015,0.4023,0.6229
0.05,0.05,0.015,0.3295,0.6137
0.05500000000000001,0.05,0.015,0.264,0.6101
0.06000000000000001,0.05,0.015,0.2078,0.6081
0.065,0.05,0.015,0.1666,0.6059
0.07,0.05,0.015,0.1308,0.6035
0.07500000000000001,0.05,0.015,0.1037,0.6006
0.08000000000000002,0.05,0.015,0.0818,0.599
0.02,0.05,0.02,0.6475,0.6475
0.025,0.05,0.02,0.5956,0.5968
0.030000000000000002,0.05,0.02,0.5387,0.5526
0.035,0.05,0.02,0.4651,0.5257
0.04000000000000001,0.05,0.02,0.3878,0.5065
0.045000000000000005,0.05,0.02,0.318,0.4952
0.05,0.05,0.02,0.2607,0.4883
0.05500000000000001,0.05,0.02,0.2082,0.4857
0.06000000000000001,0.05,0.02,0.1632,0.4842
0.065,0.05,0.02,0.1314,0.4825
0.07,0.05,0.02,0.1037,0.4803
0.07500000000000001,0.05,0.02,0.0825,0.4781
0.08000000000000002,0.05,0.02,0.0648,0.4769
0.02,0.05,0.025,0.6475,0.6475
0.025,0.05,0.025,0.5956,0.5968
0.030000000000000002,0.05,0.025,0.5387,0.5526
0.035,0.05,0.025,0.4651,0.5257
0.04000000000000001,0.05,0.025,0.3878,0.5065
0.045000000000000005,0.05,0.025,0.318,0.4952
0.05,0.05,0.025,0.2607,0.4883
0.05500000000000001,0.05,0.025,0.2082,0.4857
0.06000000000000001,0.05,0.025,0.1632,0.4842
0.065,0.05,0.025,0.1314,0.4825
0.07,0.05,0.025,0.1037,0.4803
0.07500000000000001,0.05,0.025,0.0825,0.4781
0.08000000000000002,0.05,0.025,0.0648,0.4769
0.02,0.05,0.03,0.6475,0.6475
0.025,0.05,0.03,0.5956,0.5968
0.030000000000000002,0.05,0.03,0.5387,0.5526
0.035,0.05,0.03,0.4651,0.5257
0.04000000000000001,0.05,0.03,0.3878,0.5065
0.045000000000000005,0.05,0.03,0.318,0.4952
0.05,0.05,0.03,0.2607,0.4883
0.05500000000000001,0.05,0.03,0.2082,0.4857
0.06000000000000001,0.05,0.03,0.1632,0.4842
0.065,0.05,0.03,0.1314,0.4825
0.07,0.05,0.03,0.1037,0.4803
0.07500000000000001,0.05,0.03,0.0825,0.4781
0.08000000000000002,0.05,0.03,0.0648,0.4769
0.02,0.05,0.035,0.6475,0.6475
0.025,0.05,0.035,0.5956,0.5968
0.030000000000000002,0.05,0.035,0.5387,0.5526
0.035,0.05,0.035,0.4651,0.5257
0.04000000000000001,0.05,0.035,0.3878,0.5065
0.045000000000000005,0.05,0.035,0.318,0.4952
0.05,0.05,0.035,0.2607,0.4883
0.05500000000000001,0.05,0.035,0.2082,0.4857
0.06000000000000001,0.05,0.035,0.1632,0.4842
0.065,0.05,0.035,0.1314,0.4825
0.07,0.05,0.035,0.1037,0.4803
0.07500000000000001,0.05,0.035,0.0825,0.4781
0.08000000000000002,0.05,0.035,0.0648,0.4769
0.02,0.055,-0.01,0.7856,0.7856
0.025,0.055,-0.01,0.7227,0.7248
0.030000000000000002,0.055,-0.01,0.6541,0.6708
0.035,0.055,-0.01,0.5619,0.635
0.04000000000000001,0.055,-0.01,0.47,0.6113
0.045000000000000005,0.055,-0.01,0.3864,0.5973
0.05,0.055,-0.01,0.3164,0.59
0.05500000000000001,0.055,-0.01,0.2531,0.5865
0.06000000000000001,0.055,-0.01,0.2009,0.5838
0.065,0.055,-0.01,0.1606,0.5808
0.07,0.055,-0.01,0.1263,0.5787
0.07500000000000001,0.055,-0.01,0.1001,0.5769
0.08000000000000002,0.055,-0.01,0.0785,0.5745
0.02,0.055,-0.005,0.7856,0.7856
0.025,0.055,-0.005,0.7227,0.7248
0.030000000000000002,0.055,-0.005,0.6541,0.6708
0.035,0.055,-0.005,0.5619,0.635
0.04000000000000001,0.055,-0.005,0.47,0.6113
0.045000000000000005,0.055,-0.005,0.3864,0.5973
0.05,0.055,-0.005,0.3164,0.59
0.05500000000000001,0.055,-0.005,0.2531,0.5865
0.06000000000000001,0.055,-0.005,0.2009,0.5838
0.065,0.055,-0.005,0.1606,0.5808
0.07,0.055,-0.005,0.1263,0.5787
0.07500000000000001,0.055,-0.005,0.1001,0.5769
0.08000000000000002,0.055,-0.005,0.0785,0.5745
0.02,0.055,0.0,0.7856,0.7856
0.025,0.055,0.0,0.7227,0.7248
0.030000000000000002,0.055,0.0,0.6541,0.6708
0.035,0.055,0.0,0.5619,0.635
0.04000000000000001,0.055,0.0,0.47,0.6113
0.045000000000000005,0.055,0.0,0.3864,0.5973
0.05,0.055,0.0,0.3164,0.59
0.05500000000000001,0.055,0.0,0.2531,0.5865
0.06000000000000001,0.055,0.0,0.2009,0.5838
0.065,0.055,0.0,0.1606,0.5808
0.07,0.055,0.0,0.1263,0.5787
0.07500000000000001,0.055,0.0,0.1001,0.5769
0.08000000000000002,0.055,0.0,0.0785,0.5745
0.02,0.055,0.005,0.7856,0.7856
0.025,0.055,0.005,0.7227,0.7248
0.030000000000000002,0.055,0.005,0.6541,0.6708
0.035,0.055,0.005,0.5619,0.635
0.04000000000000001,0.055,0.005,0.47,0.6113
0.045000000000000005,0.055,0.005,0.3864,0.5973
0.05,0.055,0.005,0.3164,0.59
0.05500000000000001,0.055,0.005,0.2531,0.5865
0.06000000000000001,0.055,0.005,0.2009,0.5838
0.065,0.055,0.005,0.1606,0.5808
0.07,0.055,0.005,0.1263,0.5787
0.07500000000000001,0.055,0.005,0.1001,0.5769
0.08000000000000002,0.055,0.005,0.0785,0.5745
0.02,0.055,0.01,0.7856,0.7856
0.025,0.055,0.01,0.7227,0.7248
0.030000000000000002,0.055,0.01,0.6541,0.6708
0.035,0.055,0.01,0.5619,0.635
0.04000000000000001,0.055,0.01,0.47,0.6113
0.045000000000000005,0.055,0.01,0.3864,0.5973
0.05,0.055,0.01,0.3164,0.59
0.05500000000000001,0.055,0.01,0.2531,0.5865
0.06000000000000001,0.055,0.01,0.2009,0.5838
0.065,0.055,0.01,0.1606,0.5808
0.07,0.055,0.01,0.1263,0.5787
0.07500000000000001,0.055,0.01,0.1001,0.5769
0.08000000000000002,0.055,0.01,0.0785,0.5745
0.02,0.055,0.015,0.7856,0.7856
0.025,0.055,0.015,0.7227,0.7248
0.030000000000000002,0.055,0.015,0.6541,0.6708
0.035,0.055,0.015,0.5619,0.635
0.04000000000000001,0.055,0.015,0.47,0.6113
0.045000000000000005,0.055,0.015,0.3864,0.5973
0.05,0.055,0.015,0.3164,0.59
0.05500000000000001,0.055,0.015,0.2531,0.5865
0.06000000000000001,0.055,0.015,0.2009,0.5838
0.065,0.055,0.015,0.1606,0.5808
0.07,0.055,0.015,0.1263,0.5787
0.07500000000000001,0.055,0.015,0.1001,0.5769
0.08000000000000002,0.055,0.015,0.0785,0.5745
0.02,0.055,0.02,0.6264,0.6264
0.025,0.055,0.02,0.5754,0.5772
0.030000000000000002,0.055,0.02,0.5192,0.5328
0.035,0.055,0.02,0.4461,0.5045
0.04000000000000001,0.055,0.02,0.3724,0.4854
0.045000000000000005,0.055,0.02,0.3045,0.4748
0.05,0.055,0.02,0.2501,0.4691
0.05500000000000001,0.055,0.02,0.1992,0.4664
0.06000000000000001,0.055,0.02,0.158,0.4645
0.065,0.055,0.02,0.1266,0.4619
0.07,0.055,0.02,0.0998,0.4603
0.07500000000000001,0.055,0.02,0.08,0.4588
0.08000000000000002,0.055,0.02,0.0624,0.4568
0.02,0.055,0.025,0.6264,0.6264
0.025,0.055,0.025,0.5754,0.5772
0.030000000000000002,0.055,0.025,0.5192,0.5328
0.035,0.055,0.025,0.4461,0.5045
0.04000000000000001,0.055,0.025,0.3724,0.4854
0.045000000000000005,0.055,0.025,0.3045,0.4748
0.05,0.055,0.025,0.2501,0.4691
0.05500000000000001,0.055,0.025,0.1992,0.4664
0.06000000000000001,0.055,0.025,0.158,0.4645
0.065,0.055,0.025,0.1266,0.4619
0.07,0.055,0.025,0.0998,0.4603
0.07500000000000001,0.055,0.025,0.08,0.4588
0.08000000000000002,0.055,0.025,0.0624,0.4568
0.02,0.055,0.03,0.6264,0.6264
0.025,0.055,0.03,0.5754,0.5772
0.030000000000000002,0.055,0.03,0.5192,0.5328
0.035,0.055,0.03,0.4461,0.5045
0.04000000000000001,0.055,0.03,0.3724,0.4854
0.045000000000000005,0.055,0.03,0.3045,0.4748
0.05,0.055,0.03,0.2501,0.4691
0.05500000000000001,0.055,0.03,0.1992,0.4664
0.06000000000000001,0.055,0.03,0.158,0.4645
0.065,0.055,0.03,0.1266,0.4619
0.07,0.055,0.03,0.0998,0.4603
0.07500000000000001,0.055,0.03,0.08,0.4588
0.08000000000000002,0.055,0.03,0.0624,0.4568
0.02,0.055,0.035,0.6264,0.6264
0.025,0.055,0.035,0.5754,0.5772
0.030000000000000002,0.055,0.035,0.5192,0.5328
0.035,0.055,0.035,0.4461,0.5045
0.04000000000000001,0.055,0.035,0.3724,0.4854
0.045000000000000005,0.055,0.035,0.3045,0.4748
0.05,0.055,0.035,0.2501,0.4691
0.05500000000000001,0.055,0.035,0.1992,0.4664
0.06000000000000001,0.055,0.035,0.158,0.4645
0.065,0.055,0.035,0.1266,0.4619
0.07,0.055,0.035,0.0998,0.4603
0.07500000000000001,0.055,0.035,0.08,0.4588
0.08000000000000002,0.055,0.035,0.0624,0.4568
0.02,0.06,-0.01,0.7585,0.7585
0.025,0.06,-0.01,0.6982,0.7
0.030000000000000002,0.06,-0.01,0.6291,0.6452
0.035,0.06,-0.01,0.5374,0.6078
0.04000000000000001,0.06,-0.01,0.4506,0.5852
0.045000000000000005,0.06,-0.01,0.3698,0.5711
0.05,0.06,-0.01,0.3047,0.5629
0.05500000000000001,0.06,-0.01,0.2429,0.5595
0.06000000000000001,0.06,-0.01,0.1937,0.5565
0.065,0.06,-0.01,0.1547,0.5541
0.07,0.06,-0.01,0.1211,0.5521
0.07500000000000001,0.06,-0.01,0.0962,0.5507
0.08000000000000002,0.06,-0.01,0.0755,0.5486
0.02,0.06,-0.005,0.7585,0.7585
0.025,0.06,-0.005,0.6982,0.7
0.030000000000000002,0.06,-0.005,0.6291,0.6452
0.035,0.06,-0.005,0.5374,0.6078
0.04000000000000001,0.06,-0.005,0.4506,0.5852
0.045000000000000005,0.06,-0.005,0.3698,0.5711
0.05,0.06,-0.005,0.3047,0.5629
0.05500000000000001,0.06,-0.005,0.2429,0.5595
0.06000000000000001,0.06,-0.005,0.1937,0.5565
0.065,0.06,-0.005,0.1547,0.5541
0.07,0.06,-0.005,0.1211,0.5521
0.07500000000000001,0.06,-0.005,0.0962,0.5507
0.08000000000000002,0.06,-0.005,0.0755,0.5486
0.02,0.06,0.0,0.7585,0.7585
0.025,0.06,0.0,0.6982,0.7
0.030000000000000002,0.06,0.0,0.6291,0.6452
0.035,0.06,0.0,0.5374,0.6078
0.04000000000000001,0.06,0.0,0.4506,0.5852
0.045000000000000005,0.06,0.0,0.3698,0.5711
0.05,0.06,0.0,0.3047,0.5629
0.05500000000000001,0.06,0.0,0.2429,0.5595
0.06000000000000001,0.06,0.0,0.1937,0.5565
0.065,0.06,0.0,0.1547,0.5541
0.07,0.06,0.0,0.1211,0.5521
0.07500000000000001,0.06,0.0,0.0962,0.5507
0.08000000000000002,0.06,0.0,0.0755,0.5486
0.02,0.06,0.005,0.7585,0.7585
0.025,0.06,0.005,0.6982,0.7
0.030000000000000002,0.06,0.005,0.6291,0.6452
0.035,0.06,0.005,0.5374,0.6078
0.04000000000000001,0.06,0.005,0.4506,0.5852
0.045000000000000005,0.06,0.005,0.3698,0.5711
0.05,0.06,0.005,0.3047,0.5629
0.05500000000000001,0.06,0.005,0.2429,0.5595
0.06000000000000001,0.06,0.005,0.1937,0.5565
0.065,0.06,0.005,0.1547,0.5541
0.07,0.06,0.005,0.1211,0.5521
0.07500000000000001,0.06,0.005,0.0962,0.5507
0.08000000000000002,0.06,0.005,0.0755,0.5486
0.02,0.06,0.01,0.7585,0.7585
0.025,0.06,0.01,0.6982,0.7
0.030000000000000002,0.06,0.01,0.6291,0.6452
0.035,0.06,0.01,0.5374,0.6078
0.04000000000000001,0.06,0.01,0.4506,0.5852
0.045000000000000005,0.06,0.01,0.3698,0.5711
0.05,0.06,0.01,0.3047,0.5629
0.05500000000000001,0.06,0.01,0.2429,0.5595
0.06000000000000001,0.06,0.01,0.1937,0.5565
0.065,0.06,0.01,0.1547,0.5541
0.07,0.06,0.01,0.1211,0.5521
0.07500000000000001,0.06,0.01,0.0962,0.5507
0.08000000000000002,0.06,0.01,0.0755,0.5486
0.02,0.06,0.015,0.7585,0.7585
0.025,0.06,0.015,0.6982,0.7
0.030000000000000002,0.06,0.015,0.6291,0.6452
0.035,0.06,0.015,0.5374,0.6078
0.04000000000000001,0.06,0.015,0.4506,0.5852
0.045000000000000005,0.06,0.015,0.3698,0.5711
0.05,0.06,0.015,0.3047,0.5629
0.05500000000000001,0.06,0.015,0.2429,0.5595
0.06000000000000001,0.06,0.015,0.1937,0.5565
0.065,0.06,0.015,0.1547,0.5541
0.07,0.06,0.015,0.1211,0.5521
0.07500000000000001,0.06,0.015,0.0962,0.5507
0.08000000000000002,0.06,0.015,0.0755,0.5486
0.02,0.06,0.02,0.6033,0.6033
0.025,0.06,0.02,0.5549,0.5564
0.030000000000000002,0.06,0.02,0.499,0.5125
0.035,0.06,0.02,0.4273,0.4832
0.04000000000000001,0.06,0.02,0.3568,0.4648
0.045000000000000005,0.06,0.02,0.2918,0.4541
0.05,0.06,0.02,0.2409,0.4473
0.05500000000000001,0.06,0.02,0.1908,0.4444
0.06000000000000001,0.06,0.02,0.1526,0.4423
0.065,0.06,0.02,0.1218,0.4404
0.07,0.06,0.02,0.096,0.4385
0.07500000000000001,0.06,0.02,0.0765,0.4372
0.08000000000000002,0.06,0.02,0.06,0.4353
0.02,0.06,0.025,0.6033,0.6033
0.025,0.06,0.025,0.5549,0.5564
0.030000000000000002,0.06,0.025,0.499,0.5125
0.035,0.06,0.025,0.4273,0.4832
0.04000000000000001,0.06,0.025,0.3568,0.4648
0.045000000000000005,0.06,0.025,0.2918,0.4541
0.05,0.06,0.025,0.2409,0.4473
0.05500000000000001,0.06,0.025,0.1908,0.4444
0.06000000000000001,0.06,0.025,0.1526,0.4423
0.065,0.06,0.025,0.1218,0.4404
0.07,0.06,0.025,0.096,0.4385
0.07500000000000001,0.06,0.025,0.0765,0.4372
0.08000000000000002,0.06,0.025,0.06,0.4353
0.02,0.06,0.03,0.6033,0.6033
0.025,0.06,0.03,0.5549,0.5564
0.030000000000000002,0.06,0.03,0.499,0.5125
0.035,0.06,0.03,0.4273,0.4832
0.04000000000000001,0.06,0.03,0.3568,0.4648
0.045000000000000005,0.06,0.03,0.2918,0.4541
0.05,0.06,0.03,0.2409,0.4473
0.05500000000000001,0.06,0.03,0.1908,0.4444
0.06000000000000001,0.06,0.03,0.1526,0.4423
0.065,0.06,0.03,0.1218,0.4404
0.07,0.06,0.03,0.096,0.4385
0.07500000000000001,0.06,0.03,0.0765,0.4372
0.08000000000000002,0.06,0.03,0.06,0.4353
0.02,0.06,0.035,0.6033,0.6033
0.025,0.06,0.035,0.5549,0.5564
0.030000000000000002,0.06,0.035,0.499,0.5125
0.035,0.06,0.035,0.4273,0.4832
0.04000000000000001,0.06,0.035,0.3568,0.4648
0.045000000000000005,0.06,0.035,0.2918,0.4541
0.05,0.06,0.035,0.2409,0.4473
0.05500000000000001,0.06,0.035,0.1908,0.4444
0.06000000000000001,0.06,0.035,0.1526,0.4423
0.065,0.06,0.035,0.1218,0.4404
0.07,0.06,0.035,0.096,0.4385
0.07500000000000001,0.06,0.035,0.0765,0.4372
0.08000000000000002,0.06,0.035,0.06,0.4353
0.02,0.065,-0.01,0.7324,0.7324
0.025,0.065,-0.01,0.6721,0.6744
0.030000000000000002,0.065,-0.01,0.6022,0.62
0.035,0.065,-0.01,0.5163,0.5844
0.04000000000000001,0.065,-0.01,0.4335,0.5624
0.045000000000000005,0.065,-0.01,0.3559,0.5483
0.05,0.065,-0.01,0.2911,0.5413
0.05500000000000001,0.065,-0.01,0.2326,0.5368
0.06000000000000001,0.065,-0.01,0.1862,0.5348
0.065,0.065,-0.01,0.1492,0.5324
0.07,0.065,-0.01,0.116,0.53
0.07500000000000001,0.065,-0.01,0.092,0.5282
0.08000000000000002,0.065,-0.01,0.0725,0.5263
0.02,0.065,-0.005,0.7324,0.7324
0.025,0.065,-0.005,0.6721,0.6744
0.030000000000000002,0.065,-0.005,0.6022,0.62
0.035,0.065,-0.005,0.5163,0.5844
0.04000000000000001,0.065,-0.005,0.4335,0.5624
0.045000000000000005,0.065,-0.005,0.3559,0.5483
0.05,0.065,-0.005,0.2911,0.5413
0.05500000000000001,0.065,-0.005,0.2326,0.5368
0.06000000000000001,0.065,-0.005,0.1862,0.5348
0.065,0.065,-0.005,0.1492,0.5324
0.07,0.065,-0.005,0.116,0.53
0.07500000000000001,0.065,-0.005,0.092,0.5282
0.08000000000000002,0.065,-0.005,0.0725,0.5263
0.02,0.065,0.0,0.7324,0.7324
0.025,0.065,0.0,0.6721,0.6744
0.030000000000000002,0.065,0.0,0.6022,0.62
0.035,0.065,0.0,0.5163,0.5844
0.04000000000000001,0.065,0.0,0.4335,0.5624
0.045000000000000005,0.065,0.0,0.3559,0.5483
0.05,0.065,0.0,0.2911,0.5413
0.05500000000000001,0.065,0.0,0.2326,0.5368
0.06000000000000001,0.065,0.0,0.1862,0.5348
0.065,0.065,0.0,0.1492,0.5324
0.07,0.065,0.0,0.116,0.53
0.07500000000000001,0.065,0.0,0.092,0.5282
0.08000000000000002,0.065,0.0,0.0725,0.5263
0.02,0.065,0.005,0.7324,0.7324
0.025,0.065,0.005,0.6721,0.6744
0.030000000000000002,0.065,0.005,0.6022,0.62
0.035,0.065,0.005,0.5163,0.5844
0.04000000000000001,0.065,0.005,0.4335,0.5624
0.045000000000000005,0.065,0.005,0.3559,0.5483
0.05,0.065,0.005,0.2911,0.5413
0.05500000000000001,0.065,0.005,0.2326,0.5368
0.06000000000000001,0.065,0.005,0.1862,0.5348
0.065,0.065,0.005,0.1492,0.5324
0.07,0.065,0.005,0.116,0.53
0.07500000000000001,0.065,0.005,0.092,0.5282
0.08000000000000002,0.065,0.005,0.0725,0.5263
0.02,0.065,0.01,0.7324,0.7324
0.025,0.065,0.01,0.6721,0.6744
0.030000000000000002,0.065,0.01,0.6022,0.62
0.035,0.065,0.01,0.5163,0.5844
0.04000000000000001,0.065,0.01,0.4335,0.5624
0.045000000000000005,0.065,0.01,0.3559,0.5483
0.05,0.065,0.01,0.2911,0.5413
0.05500000000000001,0.065,0.01,0.2326,0.5368
0.06000000000000001,0.065,0.01,0.1862,0.5348
0.065,0.065,0.01,0.1492,0.5324
0.07,0.065,0.01,0.116,0.53
0.07500000000000001,0.065,0.01,0.092,0.5282
0.08000000000000002,0.065,0.01,0.0725,0.5263
0.02,0.065,0.015,0.7324,0.7324
0.025,0.065,0.015,0.6721,0.6744
0.030000000000000002,0.065,0.015,0.6022,0.62
0.035,0.065,0.015,0.5163,0.5844
0.04000000000000001,0.065,0.015,0.4335,0.5624
0.045000000000000005,0.065,0.015,0.3559,0.5483
0.05,0.065,0.015,0.2911,0.5413
0.05500000000000001,0.065,0.015,0.2326,0.5368
0.06000000000000001,0.065,0.015,0.1862,0.5348
0.065,0.065,0.015,0.1492,0.5324
0.07,0.065,0.015,0.116,0.53
0.07500000000000001,0.065,0.015,0.092,0.5282
0.08000000000000002,0.065,0.015,0.0725,0.5263
0.02,0.065,0.02,0.582,0.582
0.025,0.065,0.02,0.5338,0.5357
0.030000000000000002,0.065,0.02,0.478,0.492
0.035,0.065,0.02,0.41,0.4632
0.04000000000000001,0.065,0.02,0.3431,0.4456
0.045000000000000005,0.065,0.02,0.2813,0.4348
0.05,0.065,0.02,0.2302,0.4291
0.05500000000000001,0.065,0.02,0.1832,0.4254
0.06000000000000001,0.065,0.02,0.1467,0.4242
0.065,0.065,0.02,0.1177,0.4221
0.07,0.065,0.02,0.0923,0.4206
0.07500000000000001,0.065,0.02,0.0733,0.4192
0.08000000000000002,0.065,0.02,0.0576,0.4179
0.02,0.065,0.025,0.582,0.582
0.025,0.065,0.025,0.5338,0.5357
0.030000000000000002,0.065,0.025,0.478,0.492
0.035,0.065,0.025,0.41,0.4632
0.04000000000000001,0.065,0.025,0.3431,0.4456
0.045000000000000005,0.065,0.025,0.2813,0.4348
0.05,0.065,0.025,0.2302,0.4291
0.05500000000000001,0.065,0.025,0.1832,0.4254
0.06000000000000001,0.065,0.025,0.1467,0.4242
0.065,0.065,0.025,0.1177,0.4221
0.07,0.065,0.025,0.0923,0.4206
0.07500000000000001,0.065,0.025,0.0733,0.4192
0.08000000000000002,0.065,0.025,0.0576,0.4179
0.02,0.065,0.03,0.582,0.582
0.025,0.065,0.03,0.5338,0.5357
0.030000000000000002,0.065,0.03,0.478,0.492
0.035,0.065,0.03,0.41,0.4632
0.04000000000000001,0.065,0.03,0.3431,0.4456
0.045000000000000005,0.065,0.03,0.2813,0.4348
0.05,0.065,0.03,0.2302,0.4291
0.05500000000000001,0.065,0.03,0.1832,0.4254
0.06000000000000001,0.065,0.03,0.1467,0.4242
0.065,0.065,0.03,0.1177,0.4221
0.07,0.065,0.03,0.0923,0.4206
0.07500000000000001,0.065,0.03,0.0733,0.4192
0.08000000000000002,0.065,0.03,0.0576,0.4179
0.02,0.065,0.035,0.582,0.582
0.025,0.065,0.035,0.5338,0.5357
0.030000000000000002,0.065,0.035,0.478,0.492
0.035,0.065,0.035,0.41,0.4632
0.04000000000000001,0.065,0.035,0.3431,0.4456
0.045000000000000005,0.065,0.035,0.2813,0.4348
0.05,0.065,0.035,0.2302,0.4291
0.05500000000000001,0.065,0.035,0.1832,0.4254
0.06000000000000001,0.065,0.035,0.1467,0.4242
0.065,0.065,0.035,0.1177,0.4221
0.07,0.065,0.035,0.0923,0.4206
0.07500000000000001,0.065,0.035,0.0733,0.4192
0.08000000000000002,0.065,0.035,0.0576,0.4179
0.02,0.06999999999999999,-0.01,0.7092,0.7092
0.025,0.06999999999999999,-0.01,0.6451,0.6475
0.030000000000000002,0.06999999999999999,-0.01,0.5757,0.5914
0.035,0.06999999999999999,-0.01,0.4937,0.5577
0.04000000000000001,0.06999999999999999,-0.01,0.414,0.5352
0.045000000000000005,0.06999999999999999,-0.01,0.3401,0.5221
0.05,0.06999999999999999,-0.01,0.2793,0.5151
0.05500000000000001,0.06999999999999999,-0.01,0.2244,0.5114
0.06000000000000001,0.06999999999999999,-0.01,0.1804,0.509
0.065,0.06999999999999999,-0.01,0.1437,0.5074
0.07,0.06999999999999999,-0.01,0.1118,0.5054
0.07500000000000001,0.06999999999999999,-0.01,0.0888,0.503
0.08000000000000002,0.06999999999999999,-0.01,0.0702,0.5012
0.02,0.06999999999999999,-0.005,0.7092,0.7092
0.025,0.06999999999999999,-0.005,0.6451,0.6475
0.030000000000000002,0.06999999999999999,-0.005,0.5757,0.5914
0.035,0.06999999999999999,-0.005,0.4937,0.5577
0.04000000000000001,0.06999999999999999,-0.005,0.414,0.5352
0.045000000000000005,0.06999999999999999,-0.005,0.3401,0.5221
0.05,0.06999999999999999,-0.005,0.2793,0.5151
0.05500000000000001,0.06999999999999999,-0.005,0.2244,0.5114
0.06000000000000001,0.06999999999999999,-0.005,0.1804,0.509
0.065,0.06999999999999999,-0.005,0.1437,0.5074
0.07,0.06999999999999999,-0.005,0.1118,0.5054
0.07500000000000001,0.06999999999999999,-0.005,0.0888,0.503
0.08000000000000002,0.06999999999999999,-0.005,0.0702,0.5012
0.02,0.06999999999999999,0.0,0.7092,0.7092
0.025,0.06999999999999999,0.0,0.6451,0.6475
0.030000000000000002,0.06999999999999999,0.0,0.5757,0.5914
0.035,0.06999999999999999,0.0,0.4937,0.5577
0.04000000000000001,0.06999999999999999,0.0,0.414,0.5352
0.045000000000000005,0.06999999999999999,0.0,0.3401,0.5221
0.05,0.06999999999999999,0.0,0.2793,0.5151
0.05500000000000001,0.06999999999999999,0.0,0.2244,0.5114
0.06000000000000001,0.06999999999999999,0.0,0.1804,0.509
0.065,0.06999999999999999,0.0,0.1437,0.5074
0.07,0.06999999999999999,0.0,0.1118,0.5054
0.07500000000000001,0.06999999999999999,0.0,0.0888,0.503
0.08000000000000002,0.06999999999999999,0.0,0.0702,0.5012
0.02,0.06999999999999999,0.005,0.7092,0.7092
0.025,0.06999999999999999,0.005,0.6451,0.6475
0.030000000000000002,0.06999999999999999,0.005,0.5757,0.5914
0.035,0.06999999999999999,0.005,0.4937,0.5577
0.04000000000000001,0.06999999999999999,0.005,0.414,0.5352
0.045000000000000005,0.06999999999999999,0.005,0.3401,0.5221
0.05,0.06999999999999999,0.005,0.2793,0.5151
0.05500000000000001,0.06999999999999999,0.005,0.2244,0.5114
0.06000000000000001,0.06999999999999999,0.005,0.1804,0.509
0.065,0.06999999999999999,0.005,0.1437,0.5074
0.07,0.06999999999999999,0.005,0.1118,0.5054
0.07500000000000001,0.06999999999999999,0.005,0.0888,0.503
0.08000000000000002,0.06999999999999999,0.005,0.0702,0.5012
0.02,0.06999999999999999,0.01,0.7092,0.7092
0.025,0.06999999999999999,0.01,0.6451,0.6475
0.030000000000000002,0.06999999999999999,0.01,0.5757,0.5914
0.035,0.06999999999999999,0.01,0.4937,0.5577
0.04000000000000001,0.06999999999999999,0.01,0.414,0.5352
0.045000000000000005,0.06999999999999999,0.01,0.3401,0.5221
0.05,0.06999999999999999,0.01,0.2793,0.5151
0.05500000000000001,0.06999999999999999,0.01,0.2244,0.5114
0.06000000000000001,0.06999999999999999,0.01,0.1804,0.509
0.065,0.06999999999999999,0.01,0.1437,0.5074
0.07,0.06999999999999999,0.01,0.1118,0.5054
0.07500000000000001,0.06999999999999999,0.01,0.0888,0.503
0.08000000000000002,0.06999999999999999,0.01,0.0702,0.5012
0.02,0.06999999999999999,0.015,0.7092,0.7092
0.025,0.06999999999999999,0.015,0.6451,0.6475
0.030000000000000002,0.06999999999999999,0.015,0.5757,0.5914
0.035,0.06999999999999999,0.015,0.4937,0.5577
0.04000000000000001,0.06999999999999999,0.015,0.414,0.5352
0.045000000000000005,0.06999999999999999,0.015,0.3401,0.5221
0.05,0.06999999999999999,0.015,0.2793,0.5151
0.05500000000000001,0.06999999999999999,0.015,0.2244,0.5114
0.06000000000000001,0.06999999999999999,0.015,0.1804,0.509
0.065,0.06999999999999999,0.015,0.1437,0.5074
0.07,0.06999999999999999,0.015,0.1118,0.5054
0.07500000000000001,0.06999999999999999,0.015,0.0888,0.503
0.08000000000000002,0.06999999999999999,0.015,0.0702,0.5012
0.02,0.06999999999999999,0.02,0.5636,0.5636
0.025,0.06999999999999999,0.02,0.5121,0.5142
0.030000000000000002,0.06999999999999999,0.02,0.4577,0.47
0.035,0.06999999999999999,0.02,0.3923,0.4429
0.04000000000000001,0.06999999999999999,0.02,0.3267,0.4248
0.045000000000000005,0.06999999999999999,0.02,0.2702,0.4151
0.05,0.06999999999999999,0.02,0.2206,0.4093
0.05500000000000001,0.06999999999999999,0.02,0.1761,0.4061
0.06000000000000001,0.06999999999999999,0.02,0.1425,0.4047
0.065,0.06999999999999999,0.02,0.1137,0.4032
0.07,0.06999999999999999,0.02,0.0889,0.4018
0.07500000000000001,0.06999999999999999,0.02,0.0707,0.3999
0.08000000000000002,0.06999999999999999,0.02,0.0558,0.3986
0.02,0.06999999999999999,0.025,0.5636,0.5636
0.025,0.06999999999999999,0.025,0.5121,0.5142
0.030000000000000002,0.06999999999999999,0.025,0.4577,0.47
0.035,0.06999999999999999,0.025,0.3923,0.4429
0.04000000000000001,0.06999999999999999,0.025,0.3267,0.4248
0.045000000000000005,0.06999999999999999,0.025,0.2702,0.4151
0.05,0.06999999999999999,0.025,0.2206,0.4093
0.05500000000000001,0.06999999999999999,0.025,0.1761,0.4061
0.06000000000000001,0.06999999999999999,0.025,0.1425,0.4047
0.065,0.06999999999999999,0.025,0.1137,0.4032
0.07,0.06999999999999999,0.025,0.0889,0.4018
0.07500000000000001,0.06999999999999999,0.025,0.0707,0.3999
0.08000000000000002,0.06999999999999999,0.025,0.0558,0.3986
0.02,0.06999999999999999,0.03,0.5636,0.5636
0.025,0.06999999999999999,0.03,0.5121,0.5142
0.030000000000000002,0.06999999999999999,0.03,0.4577,0.47
0.035,0.06999999999999999,0.03,0.3923,0.4429
0.04000000000000001,0.06999999999999999,0.03,0.3267,0.4248
0.045000000000000005,0.06999999999999999,0.03,0.2702,0.4151
0.05,0.06999999999999999,0.03,0.2206,0.4093
0.05500000000000001,0.06999999999999999,0.03,0.1761,0.4061
0.06000000000000001,0.06999999999999999,0.03,0.1425,0.4047
0.065,0.06999999999999999,0.03,0.1137,0.4032
0.07,0.06999999999999999,0.03,0.0889,0.4018
0.07500000000000001,0.06999999999999999,0.03,0.0707,0.3999
0.08000000000000002,0.06999999999999999,0.03,0.0558,0.3986
0.02,0.06999999999999999,0.035,0.5636,0.5636
0.025,0.06999999999999999,0.035,0.5121,0.5142
0.030000000000000002,0.06999999999999999,0.035,0.4577,0.47
0.035,0.06999999999999999,0.035,0.3923,0.4429
0.04000000000000001,0.06999999999999999,0.035,0.3267,0.4248
0.045000000000000005,0.06999999999999999,0.035,0.2702,0.4151
0.05,0.06999999999999999,0.035,0.2206,0.4093
0.05500000000000001,0.06999999999999999,0.035,0.1761,0.4061
0.06000000000000001,0.06999999999999999,0.035,0.1425,0.4047
0.065,0.06999999999999999,0.035,0.1137,0.4032
0.07,0.06999999999999999,0.035,0.0889,0.4018
0.07500000000000001,0.06999999999999999,0.035,0.0707,0.3999
0.08000000000000002,0.06999999999999999,0.035,0.0558,0.3986
0.02,0.07499999999999998,-0.01,0.6826,0.6828
0.025,0.07499999999999998,-0.01,0.6214,0.6232
0.030000000000000002,0.07499999999999998,-0.01,0.5504,0.566
0.035,0.07499999999999998,-0.01,0.4728,0.5316
0.04000000000000001,0.07499999999999998,-0.01,0.3954,0.5104
0.045000000000000005,0.07499999999999998,-0.01,0.3278,0.4986
0.05,0.07499999999999998,-0.01,0.2673,0.4921
0.05500000000000001,0.07499999999999998,-0.01,0.2163,0.4884
0.06000000000000001,0.07499999999999998,-0.01,0.1728,0.4856
0.065,0.07499999999999998,-0.01,0.1375,0.4837
0.07,0.07499999999999998,-0.01,0.1074,0.4816
0.07500000000000001,0.07499999999999998,-0.01,0.0847,0.4799
0.08000000000000002,0.07499999999999998,-0.01,0.0684,0.479
0.02,0.07499999999999998,-0.005,0.6826,0.6828
0.025,0.07499999999999998,-0.005,0.6214,0.6232
0.030000000000000002,0.07499999999999998,-0.005,0.5504,0.566
0.035,0.07499999999999998,-0.005,0.4728,0.5316
0.04000000000000001,0.07499999999999998,-0.005,0.3954,0.5104
0.045000000000000005,0.07499999999999998,-0.005,0.3278,0.4986
0.05,0.07499999999999998,-0.005,0.2673,0.4921
0.05500000000000001,0.07499999999999998,-0.005,0.2163,0.4884
0.06000000000000001,0.07499999999999998,-0.005,0.1728,0.4856
0.065,0.07499999999999998,-0.005,0.1375,0.4837
0.07,0.07499999999999998,-0.005,0.1074,0.4816
0.07500000000000001,0.07499999999999998,-0.005,0.0847,0.4799
0.08000000000000002,0.07499999999999998,-0.005,0.0684,0.479
0.02,0.07499999999999998,0.0,0.6826,0.6828
0.025,0.07499999999999998,0.0,0.6214,0.6232
0.030000000000000002,0.07499999999999998,0.0,0.5504,0.566
0.035,0.07499999999999998,0.0,0.4728,0.5316
0.04000000000000001,0.07499999999999998,0.0,0.3954,0.5104
0.045000000000000005,0.07499999999999998,0.0,0.3278,0.4986
0.05,0.07499999999999998,0.0,0.2673,0.4921
0.05500000000000001,0.07499999999999998,0.0,0.2163,0.4884
0.06000000000000001,0.07499999999999998,0.0,0.1728,0.4856
0.065,0.07499999999999998,0.0,0.1375,0.4837
0.07,0.07499999999999998,0.0,0.1074,0.4816
0.07500000000000001,0.07499999999999998,0.0,0.0847,0.4799
0.08000000000000002,0.07499999999999998,0.0,0.0684,0.479
0.02,0.07499999999999998,0.005,0.6826,0.6828
0.025,0.07499999999999998,0.005,0.6214,0.6232
0.030000000000000002,0.07499999999999998,0.005,0.5504,0.566
0.035,0.07499999999999998,0.005,0.4728,0.5316
0.04000000000000001,0.07499999999999998,0.005,0.3954,0.5104
0.045000000000000005,0.07499999999999998,0.005,0.3278,0.4986
0.05,0.07499999999999998,0.005,0.2673,0.4921
0.05500000000000001,0.07499999999999998,0.005,0.2163,0.4884
0.06000000000000001,0.07499999999999998,0.005,0.1728,0.4856
0.065,0.07499999999999998,0.005,0.1375,0.4837
0.07,0.07499999999999998,0.005,0.1074,0.4816
0.07500000000000001,0.07499999999999998,0.005,0.0847,0.4799
0.08000000000000002,0.07499999999999998,0.005,0.0684,0.479
0.02,0.07499999999999998,0.01,0.6826,0.6828
0.025,0.07499999999999998,0.01,0.6214,0.6232
0.030000000000000002,0.07499999999999998,0.01,0.5504,0.566
0.035,0.07499999999999998,0.01,0.4728,0.5316
0.04000000000000001,0.07499999999999998,0.01,0.3954,0.5104
0.045000000000000005,0.07499999999999998,0.01,0.3278,0.4986
0.05,0.07499999999999998,0.01,0.2673,0.4921
0.05500000000000001,0.07499999999999998,0.01,0.2163,0.4884
0.06000000000000001,0.07499999999999998,0.01,0.1728,0.4856
0.065,0.07499999999999998,0.01,0.1375,0.4837
0.07,0.07499999999999998,0.01,0.1074,0.4816
0.07500000000000001,0.07499999999999998,0.01,0.0847,0.4799
0.08000000000000002,0.07499999999999998,0.01,0.0684,0.479
0.02,0.07499999999999998,0.015,0.6826,0.6828
0.025,0.07499999999999998,0.015,0.6214,0.6232
0.030000000000000002,0.07499999999999998,0.015,0.5504,0.566
0.035,0.07499999999999998,0.015,0.4728,0.5316
0.04000000000000001,0.07499999999999998,0.015,0.3954,0.5104
0.045000000000000005,0.07499999999999998,0.015,0.3278,0.4986
0.05,0.07499999999999998,0.015,0.2673,0.4921
0.05500000000000001,0.07499999999999998,0.015,0.2163,0.4884
0.06000000000000001,0.07499999999999998,0.015,0.1728,0.4856
0.065,0.07499999999999998,0.015,0.1375,0.4837
0.07,0.07499999999999998,0.015,0.1074,0.4816
0.07500000000000001,0.07499999999999998,0.015,0.0847,0.4799
0.08000000000000002,0.07499999999999998,0.015,0.0684,0.479
0.02,0.07499999999999998,0.02,0.5409,0.5411
0.025,0.07499999999999998,0.02,0.4932,0.4947
0.030000000000000002,0.07499999999999998,0.02,0.4373,0.4495
0.035,0.07499999999999998,0.02,0.3749,0.422
0.04000000000000001,0.07499999999999998,0.02,0.312,0.4056
0.045000000000000005,0.07499999999999998,0.02,0.2597,0.3964
0.05,0.07499999999999998,0.02,0.2108,0.3911
0.05500000000000001,0.07499999999999998,0.02,0.1696,0.3878
0.06000000000000001,0.07499999999999998,0.02,0.1364,0.386
0.065,0.07499999999999998,0.02,0.109,0.3847
0.07,0.07499999999999998,0.02,0.0854,0.3831
0.07500000000000001,0.07499999999999998,0.02,0.0676,0.3816
0.08000000000000002,0.07499999999999998,0.02,0.0542,0.3809
0.02,0.07499999999999998,0.025,0.5409,0.5411
0.025,0.07499999999999998,0.025,0.4932,0.4947
0.030000000000000002,0.07499999999999998,0.025,0.4373,0.4495
0.035,0.07499999999999998,0.025,0.3749,0.422
0.04000000000000001,0.07499999999999998,0.025,0.312,0.4056
0.045000000000000005,0.07499999999999998,0.025,0.2597,0.3964
0.05,0.07499999999999998,0.025,0.2108,0.3911
0.05500000000000001,0.07499999999999998,0.025,0.1696,0.3878
0.06000000000000001,0.07499999999999998,0.025,0.1364,0.386
0.065,0.07499999999999998,0.025,0.109,0.3847
0.07,0.07499999999999998,0.025,0.0854,0.3831
0.07500000000000001,0.07499999999999998,0.025,0.0676,0.3816
0.08000000000000002,0.07499999999999998,0.025,0.0542,0.3809
0.02,0.07499999999999998,0.03,0.5409,0.5411
0.025,0.07499999999999998,0.03,0.4932,0.4947
0.030000000000000002,0.07499999999999998,0.03,0.4373,0.4495
0.035,0.07499999999999998,0.03,0.3749,0.422
0.04000000000000001,0.07499999999999998,0.03,0.312,0.4056
0.045000000000000005,0.07499999999999998,0.03,0.2597,0.3964
0.05,0.07499999999999998,0.03,0.2108,0.3911
0.05500000000000001,0.07499999999999998,0.03,0.1696,0.3878
0.06000000000000001,0.07499999999999998,0.03,0.1364,0.386
0.065,0.07499999999999998,0.03,0.109,0.3847
0.07,0.07499999999999998,0.03,0.0854,0.3831
0.07500000000000001,0.07499999999999998,0.03,0.0676,0.3816
0.08000000000000002,0.07499999999999998,0.03,0.0542,0.3809
0.02,0.07499999999999998,0.035,0.5409,0.5411
0.025,0.07499999999999998,0.035,0.4932,0.4947
0.030000000000000002,0.07499999999999998,0.035,0.4373,0.4495
0.035,0.07499999999999998,0.035,0.3749,0.422
0.04000000000000001,0.07499999999999998,0.035,0.312,0.4056
0.045000000000000005,0.07499999999999998,0.035,0.2597,0.3964
0.05,0.07499999999999998,0.035,0.2108,0.3911
0.05500000000000001,0.07499999999999998,0.035,0.1696,0.3878
0.06000000000000001,0.07499999999999998,0.035,0.1364,0.386
0.065,0.07499999999999998,0.035,0.109,0.3847
0.07,0.07499999999999998,0.035,0.0854,0.3831
0.07500000000000001,0.07499999999999998,0.035,0.0676,0.3816
0.08000000000000002,0.07499999999999998,0.035,0.0542,0.3809
0.02,0.07999999999999999,-0.01,0.654,0.6541
0.025,0.07999999999999999,-0.01,0.5934,0.595
0.030000000000000002,0.07999999999999999,-0.01,0.5268,0.541
0.035,0.07999999999999999,-0.01,0.4515,0.5085
0.04000000000000001,0.07999999999999999,-0.01,0.3765,0.488
0.045000000000000005,0.07999999999999999,-0.01,0.3152,0.4784
0.05,0.07999999999999999,-0.01,0.2563,0.4713
0.05500000000000001,0.07999999999999999,-0.01,0.2076,0.4685
0.06000000000000001,0.07999999999999999,-0.01,0.1669,0.4657
0.065,0.07999999999999999,-0.01,0.1316,0.4634
0.07,0.07999999999999999,-0.01,0.1038,0.4619
0.07500000000000001,0.07999999999999999,-0.01,0.0809,0.4608
0.08000000000000002,0.07999999999999999,-0.01,0.0664,0.4594
0.02,0.07999999999999999,-0.005,0.654,0.6541
0.025,0.07999999999999999,-0.005,0.5934,0.595
0.030000000000000002,0.07999999999999999,-0.005,0.5268,0.541
0.035,0.07999999999999999,-0.005,0.4515,0.5085
0.04000000000000001,0.07999999999999999,-0.005,0.3765,0.488
0.045000000000000005,0.07999999999999999,-0.005,0.3152,0.4784
0.05,0.07999999999999999,-0.005,0.2563,0.4713
0.05500000000000001,0.07999999999999999,-0.005,0.2076,0.4685
0.06000000000000001,0.07999999999999999,-0.005,0.1669,0.4657
0.065,0.07999999999999999,-0.005,0.1316,0.4634
0.07,0.07999999999999999,-0.005,0.1038,0.4619
0.07500000000000001,0.07999999999999999,-0.005,0.0809,0.4608
0.08000000000000002,0.07999999999999999,-0.005,0.0664,0.4594
0.02,0.07999999999999999,0.0,0.654,0.6541
0.025,0.07999999999999999,0.0,0.5934,0.595
0.030000000000000002,0.07999999999999999,0.0,0.5268,0.541
0.035,0.07999999999999999,0.0,0.4515,0.5085
0.04000000000000001,0.07999999999999999,0.0,0.3765,0.488
0.045000000000000005,0.07999999999999999,0.0,0.3152,0.4784
0.05,0.07999999999999999,0.0,0.2563,0.4713
0.05500000000000001,0.07999999999999999,0.0,0.2076,0.4685
0.06000000000000001,0.07999999999999999,0.0,0.1669,0.4657
0.065,0.07999999999999999,0.0,0.1316,0.4634
0.07,0.07999999999999999,0.0,0.1038,0.4619
0.07500000000000001,0.07999999999999999,0.0,0.0809,0.4608
0.08000000000000002,0.07999999999999999,0.0,0.0664,0.4594
0.02,0.07999999999999999,0.005,0.654,0.6541
0.025,0.07999999999999999,0.005,0.5934,0.595
0.030000000000000002,0.07999999999999999,0.005,0.5268,0.541
0.035,0.07999999999999999,0.005,0.4515,0.5085
0.04000000000000001,0.07999999999999999,0.005,0.3765,0.488
0.045000000000000005,0.07999999999999999,0.005,0.3152,0.4784
0.05,0.07999999999999999,0.005,0.2563,0.4713
0.05500000000000001,0.07999999999999999,0.005,0.2076,0.4685
0.06000000000000001,0.07999999999999999,0.005,0.1669,0.4657
0.065,0.07999999999999999,0.005,0.1316,0.4634
0.07,0.07999999999999999,0.005,0.1038,0.4619
0.07500000000000001,0.07999999999999999,0.005,0.0809,0.4608
0.08000000000000002,0.07999999999999999,0.005,0.0664,0.4594
0.02,0.07999999999999999,0.01,0.654,0.6541
0.025,0.07999999999999999,0.01,0.5934,0.595
0.030000000000000002,0.07999999999999999,0.01,0.5268,0.541
0.035,0.07999999999999999,0.01,0.4515,0.5085
0.04000000000000001,0.07999999999999999,0.01,0.3765,0.488
0.045000000000000005,0.07999999999999999,0.01,0.3152,0.4784
0.05,0.07999999999999999,0.01,0.2563,0.4713
0.05500000000000001,0.07999999999999999,0.01,0.2076,0.4685
0.06000000000000001,0.07999999999999999,0.01,0.1669,0.4657
0.065,0.07999999999999999,0.01,0.1316,0.4634
0.07,0.07999999999999999,0.01,0.1038,0.4619
0.07500000000000001,0.07999999999999999,0.01,0.0809,0.4608
0.08000000000000002,0.07999999999999999,0.01,0.0664,0.4594
0.02,0.07999999999999999,0.015,0.654,0.6541
0.025,0.07999999999999999,0.015,0.5934,0.595
0.030000000000000002,0.07999999999999999,0.015,0.5268,0.541
0.035,0.07999999999999999,0.015,0.4515,0.5085
0.04000000000000001,0.07999999999999999,0.015,0.3765,0.488
0.045000000000000005,0.07999999999999999,0.015,0.3152,0.4784
0.05,0.07999999999999999,0.015,0.2563,0.4713
0.05500000000000001,0.07999999999999999,0.015,0.2076,0.4685
0.06000000000000001,0.07999999999999999,0.015,0.1669,0.4657
0.065,0.07999999999999999,0.015,0.1316,0.4634
0.07,0.07999999999999999,0.015,0.1038,0.4619
0.07500000000000001,0.07999999999999999,0.015,0.0809,0.4608
0.08000000000000002,0.07999999999999999,0.015,0.0664,0.4594
0.02,0.07999999999999999,0.02,0.519,0.5191
0.025,0.07999999999999999,0.02,0.4715,0.4727
0.030000000000000002,0.07999999999999999,0.02,0.4186,0.4303
0.035,0.07999999999999999,0.02,0.3575,0.4045
0.04000000000000001,0.07999999999999999,0.02,0.2967,0.3889
0.045000000000000005,0.07999999999999999,0.02,0.2495,0.3814
0.05,0.07999999999999999,0.02,0.2017,0.3755
0.05500000000000001,0.07999999999999999,0.02,0.1627,0.3735
0.06000000000000001,0.07999999999999999,0.02,0.1315,0.371
0.065,0.07999999999999999,0.02,0.1043,0.3691
0.07,0.07999999999999999,0.02,0.0828,0.3679
0.07500000000000001,0.07999999999999999,0.02,0.0644,0.3669
0.08000000000000002,0.07999999999999999,0.02,0.0526,0.3656
0.02,0.07999999999999999,0.025,0.519,0.5191
0.025,0.07999999999999999,0.025,0.4715,0.4727
0.030000000000000002,0.07999999999999999,0.025,0.4186,0.4303
0.035,0.07999999999999999,0.025,0.3575,0.4045
0.04000000000000001,0.07999999999999999,0.025,0.2967,0.3889
0.045000000000000005,0.07999999999999999,0.025,0.2495,0.3814
0.05,0.07999999999999999,0.025,0.2017,0.3755
0.05500000000000001,0.07999999999999999,0.025,0.1627,0.3735
0.06000000000000001,0.07999999999999999,0.025,0.1315,0.371
0.065,0.07999999999999999,0.025,0.1043,0.3691
0.07,0.07999999999999999,0.025,0.0828,0.3679
0.07500000000000001,0.07999999999999999,0.025,0.0644,0.3669
0.08000000000000002,0.07999999999999999,0.025,0.0526,0.3656
0.02,0.07999999999999999,0.03,0.519,0.5191
0.025,0.07999999999999999,0.03,0.4715,0.4727
0.030000000000000002,0.07999999999999999,0.03,0.4186,0.4303
0.035,0.07999999999999999,0.03,0.3575,0.4045
0.04000000000000001,0.07999999999999999,0.03,0.2967,0.3889
0.045000000000000005,0.07999999999999999,0.03,0.2495,0.3814
0.05,0.07999999999999999,0.03,0.2017,0.3755
0.05500000000000001,0.07999999999999999,0.03,0.1627,0.3735
0.06000000000000001,0.07999999999999999,0.03,0.1315,0.371
0.065,0.07999999999999999,0.03,0.1043,0.3691
0.07,0.07999999999999999,0.03,0.0828,0.3679
0.07500000000000001,0.07999999999999999,0.03,0.0644,0.3669
0.08000000000000002,0.07999999999999999,0.03,0.0526,0.3656
0.02,0.07999999999999999,0.035,0.519,0.5191
0.025,0.07999999999999999,0.035,0.4715,0.4727
0.030000000000000002,0.07999999999999999,0.035,0.4186,0.4303
0.035,0.07999999999999999,0.035,0.3575,0.4045
0.04000000000000001,0.07999999999999999,0.035,0.2967,0.3889
0.045000000000000005,0.07999999999999999,0.035,0.2495,0.3814
0.05,0.07999999999999999,0.035,0.2017,0.3755
0.05500000000000001,0.07999999999999999,0.035,0.1627,0.3735
0.06000000000000001,0.07999999999999999,0.035,0.1315,0.371
0.065,0.07999999999999999,0.035,0.1043,0.3691
0.07,0.07999999999999999,0.035,0.0828,0.3679
0.07500000000000001,0.07999999999999999,0.035,0.0644,0.3669
0.08000000000000002,0.07999999999999999,0.035,0.0526,0.3656
0.02,0.08499999999999999,-0.01,0.6308,0.6309
0.025,0.08499999999999999,-0.01,0.5675,0.5691
0.030000000000000002,0.08499999999999999,-0.01,0.5057,0.517
0.035,0.08499999999999999,-0.01,0.4323,0.4849
0.04000000000000001,0.08499999999999999,-0.01,0.3624,0.4667
0.045000000000000005,0.08499999999999999,-0.01,0.3032,0.4567
0.05,0.08499999999999999,-0.01,0.2469,0.4489
0.05500000000000001,0.08499999999999999,-0.01,0.199,0.4461
0.06000000000000001,0.08499999999999999,-0.01,0.1626,0.4444
0.065,0.08499999999999999,-0.01,0.1268,0.4424
0.07,0.08499999999999999,-0.01,0.0999,0.4412
0.07500000000000001,0.08499999999999999,-0.01,0.0784,0.44
0.08000000000000002,0.08499999999999999,-0.01,0.064,0.4391
0.02,0.08499999999999999,-0.005,0.6308,0.6309
0.025,0.08499999999999999,-0.005,0.5675,0.5691
0.030000000000000002,0.08499999999999999,-0.005,0.5057,0.517
0.035,0.08499999999999999,-0.005,0.4323,0.4849
0.04000000000000001,0.08499999999999999,-0.005,0.3624,0.4667
0.045000000000000005,0.08499999999999999,-0.005,0.3032,0.4567
0.05,0.08499999999999999,-0.005,0.2469,0.4489
0.05500000000000001,0.08499999999999999,-0.005,0.199,0.4461
0.06000000000000001,0.08499999999999999,-0.005,0.1626,0.4444
0.065,0.08499999999999999,-0.005,0.1268,0.4424
0.07,0.08499999999999999,-0.005,0.0999,0.4412
0.07500000000000001,0.08499999999999999,-0.005,0.0784,0.44
0.08000000000000002,0.08499999999999999,-0.005,0.064,0.4391
0.02,0.08499999999999999,0.0,0.6308,0.6309
0.025,0.08499999999999999,0.0,0.5675,0.5691
0.030000000000000002,0.08499999999999999,0.0,0.5057,0.517
0.035,0.08499999999999999,0.0,0.4323,0.4849
0.04000000000000001,0.08499999999999999,0.0,0.3624,0.4667
0.045000000000000005,0.08499999999999999,0.0,0.3032,0.4567
0.05,0.08499999999999999,0.0,0.2469,0.4489
0.05500000000000001,0.08499999999999999,0.0,0.199,0.4461
0.06000000000000001,0.08499999999999999,0.0,0.1626,0.4444
0.065,0.08499999999999999,0.0,0.1268,0.4424
0.07,0.08499999999999999,0.0,0.0999,0.4412
0.07500000000000001,0.08499999999999999,0.0,0.0784,0.44
0.08000000000000002,0.08499999999999999,0.0,0.064,0.4391
0.02,0.08499999999999999,0.005,0.6308,0.6309
0.025,0.08499999999999999,0.005,0.5675,0.5691
0.030000000000000002,0.08499999999999999,0.005,0.5057,0.517
0.035,0.08499999999999999,0.005,0.4323,0.4849
0.04000000000000001,0.08499999999999999,0.005,0.3624,0.4667
0.045000000000000005,0.08499999999999999,0.005,0.3032,0.4567
0.05,0.08499999999999999,0.005,0.2469,0.4489
0.05500000000000001,0.08499999999999999,0.005,0.199,0.4461
0.06000000000000001,0.08499999999999999,0.005,0.1626,0.4444
0.065,0.08499999999999999,0.005,0.1268,0.4424
0.07,0.08499999999999999,0.005,0.0999,0.4412
0.07500000000000001,0.08499999999999999,0.005,0.0784,0.44
0.08000000000000002,0.08499999999999999,0.005,0.064,0.4391
0.02,0.08499999999999999,0.01,0.6308,0.6309
0.025,0.08499999999999999,0.01,0.5675,0.5691
0.030000000000000002,0.08499999999999999,0.01,0.5057,0.517
0.035,0.08499999999999999,0.01,0.4323,0.4849
0.04000000000000001,0.08499999999999999,0.01,0.3624,0.4667
0.045000000000000005,0.08499999999999999,0.01,0.3032,0.4567
0.05,0.08499999999999999,0.01,0.2469,0.4489
0.05500000000000001,0.08499999999999999,0.01,0.199,0.4461
0.06000000000000001,0.08499999999999999,0.01,0.1626,0.4444
0.065,0.08499999999999999,0.01,0.1268,0.4424
0.07,0.08499999999999999,0.01,0.0999,0.4412
0.07500000000000001,0.08499999999999999,0.01,0.0784,0.44
0.08000000000000002,0.08499999999999999,0.01,0.064,0.4391
0.02,0.08499999999999999,0.015,0.6308,0.6309
0.025,0.08499999999999999,0.015,0.5675,0.5691
0.030000000000000002,0.08499999999999999,0.015,0.5057,0.517
0.035,0.08499999999999999,0.015,0.4323,0.4849
0.04000000000000001,0.08499999999999999,0.015,0.3624,0.4667
0.045000000000000005,0.08499999999999999,0.015,0.3032,0.4567
0.05,0.08499999999999999,0.015,0.2469,0.4489
0.05500000000000001,0.08499999999999999,0.015,0.199,0.4461
0.06000000000000001,0.08499999999999999,0.015,0.1626,0.4444
0.065,0.08499999999999999,0.015,0.1268,0.4424
0.07,0.08499999999999999,0.015,0.0999,0.4412
0.07500000000000001,0.08499999999999999,0.015,0.0784,0.44
0.08000000000000002,0.08499999999999999,0.015,0.064,0.4391
0.02,0.08499999999999999,0.02,0.4998,0.4999
0.025,0.08499999999999999,0.02,0.4508,0.452
0.030000000000000002,0.08499999999999999,0.02,0.4017,0.4109
0.035,0.08499999999999999,0.02,0.3425,0.3858
0.04000000000000001,0.08499999999999999,0.02,0.2864,0.3716
0.045000000000000005,0.08499999999999999,0.02,0.2403,0.3631
0.05,0.08499999999999999,0.02,0.1943,0.3568
0.05500000000000001,0.08499999999999999,0.02,0.1567,0.3548
0.06000000000000001,0.08499999999999999,0.02,0.1284,0.3535
0.065,0.08499999999999999,0.02,0.1004,0.3519
0.07,0.08499999999999999,0.02,0.0794,0.3508
0.07500000000000001,0.08499999999999999,0.02,0.0624,0.3498
0.08000000000000002,0.08499999999999999,0.02,0.0507,0.3492
0.02,0.08499999999999999,0.025,0.4998,0.4999
0.025,0.08499999999999999,0.025,0.4508,0.452
0.030000000000000002,0.08499999999999999,0.025,0.4017,0.4109
0.035,0.08499999999999999,0.025,0.3425,0.3858
0.04000000000000001,0.08499999999999999,0.025,0.2864,0.3716
0.045000000000000005,0.08499999999999999,0.025,0.2403,0.3631
0.05,0.08499999999999999,0.025,0.1943,0.3568
0.05500000000000001,0.08499999999999999,0.025,0.1567,0.3548
0.06000000000000001,0.08499999999999999,0.025,0.1284,0.3535
0.065,0.08499999999999999,0.025,0.1004,0.3519
0.07,0.08499999999999999,0.025,0.0794,0.3508
0.07500000000000001,0.08499999999999999,0.025,0.0624,0.3498
0.08000000000000002,0.08499999999999999,0.025,0.0507,0.3492
0.02,0.08499999999999999,0.03,0.4998,0.4999
0.025,0.08499999999999999,0.03,0.4508,0.452
0.030000000000000002,0.08499999999999999,0.03,0.4017,0.4109
0.035,0.08499999999999999,0.03,0.3425,0.3858
0.04000000000000001,0.08499999999999999,0.03,0.2864,0.3716
0.045000000000000005,0.08499999999999999,0.03,0.2403,0.3631
0.05,0.08499999999999999,0.03,0.1943,0.3568
0.05500000000000001,0.08499999999999999,0.03,0.1567,0.3548
0.06000000000000001,0.08499999999999999,0.03,0.1284,0.3535
0.065,0.08499999999999999,0.03,0.1004,0.3519
0.07,0.08499999999999999,0.03,0.0794,0.3508
0.07500000000000001,0.08499999999999999,0.03,0.0624,0.3498
0.08000000000000002,0.08499999999999999,0.03,0.0507,0.3492
0.02,0.08499999999999999,0.035,0.4998,0.4999
0.025,0.08499999999999999,0.035,0.4508,0.452
0.030000000000000002,0.08499999999999999,0.035,0.4017,0.4109
0.035,0.08499999999999999,0.035,0.3425,0.3858
0.04000000000000001,0.08499999999999999,0.035,0.2864,0.3716
0.045000000000000005,0.08499999999999999,0.035,0.2403,0.3631
0.05,0.08499999999999999,0.035,0.1943,0.3568
0.05500000000000001,0.08499999999999999,0.035,0.1567,0.3548
0.06000000000000001,0.08499999999999999,0.035,0.1284,0.3535
0.065,0.08499999999999999,0.035,0.1004,0.3519
0.07,0.08499999999999999,0.035,0.0794,0.3508
0.07500000000000001,0.08499999999999999,0.035,0.0624,0.3498
0.08000000000000002,0.08499999999999999,0.035,0.0507,0.3492
0.02,0.08999999999999998,-0.01,0.6038,0.6038
0.025,0.08999999999999998,-0.01,0.5428,0.5436
0.030000000000000002,0.08999999999999998,-0.01,0.4839,0.4943
0.035,0.08999999999999998,-0.01,0.4148,0.4646
0.04000000000000001,0.08999999999999998,-0.01,0.3495,0.4485
0.045000000000000005,0.08999999999999998,-0.01,0.2908,0.4362
0.05,0.08999999999999998,-0.01,0.2377,0.4308
0.05500000000000001,0.08999999999999998,-0.01,0.1924,0.4279
0.06000000000000001,0.08999999999999998,-0.01,0.1553,0.4262
0.065,0.08999999999999998,-0.01,0.1224,0.4248
0.07,0.08999999999999998,-0.01,0.0959,0.4239
0.07500000000000001,0.08999999999999998,-0.01,0.0762,0.4222
0.08000000000000002,0.08999999999999998,-0.01,0.0613,0.4209
0.02,0.08999999999999998,-0.005,0.6038,0.6038
0.025,0.08999999999999998,-0.005,0.5428,0.5436
0.030000000000000002,0.08999999999999998,-0.005,0.4839,0.4943
0.035,0.08999999999999998,-0.005,0.4148,0.4646
0.04000000000000001,0.08999999999999998,-0.005,0.3495,0.4485
0.045000000000000005,0.08999999999999998,-0.005,0.2908,0.4362
0.05,0.08999999999999998,-0.005,0.2377,0.4308
0.05500000000000001,0.08999999999999998,-0.005,0.1924,0.4279
0.06000000000000001,0.08999999999999998,-0.005,0.1553,0.4262
0.065,0.08999999999999998,-0.005,0.1224,0.4248
0.07,0.08999999999999998,-0.005,0.0959,0.4239
0.07500000000000001,0.08999999999999998,-0.005,0.0762,0.4222
0.08000000000000002,0.08999999999999998,-0.005,0.0613,0.4209
0.02,0.08999999999999998,0.0,0.6038,0.6038
0.025,0.08999999999999998,0.0,0.5428,0.5436
0.030000000000000002,0.08999999999999998,0.0,0.4839,0.4943
0.035,0.08999999999999998,0.0,0.4148,0.4646
0.04000000000000001,0.08999999999999998,0.0,0.3495,0.4485
0.045000000000000005,0.08999999999999998,0.0,0.2908,0.4362
0.05,0.08999999999999998,0.0,0.2377,0.4308
0.05500000000000001,0.08999999999999998,0.0,0.1924,0.4279
0.06000000000000001,0.08999999999999998,0.0,0.1553,0.4262
0.065,0.08999999999999998,0.0,0.1224,0.4248
0.07,0.08999999999999998,0.0,0.0959,0.4239
0.07500000000000001,0.08999999999999998,0.0,0.0762,0.4222
0.08000000000000002,0.08999999999999998,0.0,0.0613,0.4209
0.02,0.08999999999999998,0.005,0.6038,0.6038
0.025,0.08999999999999998,0.005,0.5428,0.5436
0.030000000000000002,0.08999999999999998,0.005,0.4839,0.4943
0.035,0.08999999999999998,0.005,0.4148,0.4646
0.04000000000000001,0.08999999999999998,0.005,0.3495,0.4485
0.045000000000000005,0.08999999999999998,0.005,0.2908,0.4362
0.05,0.08999999999999998,0.005,0.2377,0.4308
0.05500000000000001,0.08999999999999998,0.005,0.1924,0.4279
0.06000000000000001,0.08999999999999998,0.005,0.1553,0.4262
0.065,0.08999999999999998,0.005,0.1224,0.4248
0.07,0.08999999999999998,0.005,0.0959,0.4239
0.07500000000000001,0.08999999999999998,0.005,0.0762,0.4222
0.08000000000000002,0.08999999999999998,0.005,0.0613,0.4209
0.02,0.08999999999999998,0.01,0.6038,0.6038
0.025,0.08999999999999998,0.01,0.5428,0.5436
0.030000000000000002,0.08999999999999998,0.01,0.4839,0.4943
0.035,0.08999999999999998,0.01,0.4148,0.4646
0.04000000000000001,0.08999999999999998,0.01,0.3495,0.4485
0.045000000000000005,0.08999999999999998,0.01,0.2908,0.4362
0.05,0.08999999999999998,0.01,0.2377,0.4308
0.05500000000000001,0.08999999999999998,0.01,0.1924,0.4279
0.06000000000000001,0.08999999999999998,0.01,0.1553,0.4262
0.065,0.08999999999999998,0.01,0.1224,0.4248
0.07,0.08999999999999998,0.01,0.0959,0.4239
0.07500000000000001,0.08999999999999998,0.01,0.0762,0.4222
0.08000000000000002,0.08999999999999998,0.01,0.0613,0.4209
0.02,0.08999999999999998,0.015,0.6038,0.6038
0.025,0.08999999999999998,0.015,0.5428,0.5436
0.030000000000000002,0.08999999999999998,0.015,0.4839,0.4943
0.035,0.08999999999999998,0.015,0.4148,0.4646
0.04000000000000001,0.08999999999999998,0.015,0.3495,0.4485
0.045000000000000005,0.08999999999999998,0.015,0.2908,0.4362
0.05,0.08999999999999998,0.015,0.2377,0.4308
0.05500000000000001,0.08999999999999998,0.015,0.1924,0.4279
0.06000000000000001,0.08999999999999998,0.015,0.1553,0.4262
0.065,0.08999999999999998,0.015,0.1224,0.4248
0.07,0.08999999999999998,0.015,0.0959,0.4239
0.07500000000000001,0.08999999999999998,0.015,0.0762,0.4222
0.08000000000000002,0.08999999999999998,0.015,0.0613,0.4209
0.02,0.08999999999999998,0.02,0.4794,0.4794
0.025,0.08999999999999998,0.02,0.4311,0.4319
0.030000000000000002,0.08999999999999998,0.02,0.3841,0.3926
0.035,0.08999999999999998,0.02,0.328,0.3693
0.04000000000000001,0.08999999999999998,0.02,0.276,0.3566
0.045000000000000005,0.08999999999999998,0.02,0.2297,0.3471
0.05,0.08999999999999998,0.02,0.1869,0.3431
0.05500000000000001,0.08999999999999998,0.02,0.1518,0.3406
0.06000000000000001,0.08999999999999998,0.02,0.123,0.3392
0.065,0.08999999999999998,0.02,0.0968,0.338
0.07,0.08999999999999998,0.02,0.0762,0.3374
0.07500000000000001,0.08999999999999998,0.02,0.0612,0.3363
0.08000000000000002,0.08999999999999998,0.02,0.0484,0.3354
0.02,0.08999999999999998,0.025,0.4794,0.4794
0.025,0.08999999999999998,0.025,0.4311,0.4319
0.030000000000000002,0.08999999999999998,0.025,0.3841,0.3926
0.035,0.08999999999999998,0.025,0.328,0.3693
0.04000000000000001,0.08999999999999998,0.025,0.276,0.3566
0.045000000000000005,0.08999999999999998,0.025,0.2297,0.3471
0.05,0.08999999999999998,0.025,0.1869,0.3431
0.05500000000000001,0.08999999999999998,0.025,0.1518,0.3406
0.06000000000000001,0.08999999999999998,0.025,0.123,0.3392
0.065,0.08999999999999998,0.025,0.0968,0.338
0.07,0.08999999999999998,0.025,0.0762,0.3374
0.07500000000000001,0.08999999999999998,0.025,0.0612,0.3363
0.08000000000000002,0.08999999999999998,0.025,0.0484,0.3354
0.02,0.08999999999999998,0.03,0.4794,0.4794
0.025,0.08999999999999998,0.03,0.4311,0.4319
0.030000000000000002,0.08999999999999998,0.03,0.3841,0.3926
0.035,0.08999999999999998,0.03,0.328,0.3693
0.04000000000000001,0.08999999999999998,0.03,0.276,0.3566
0.045000000000000005,0.08999999999999998,0.03,0.2297,0.3471
0.05,0.08999999999999998,0.03,0.1869,0.3431
0.05500000000000001,0.08999999999999998,0.03,0.1518,0.3406
0.06000000000000001,0.08999999999999998,0.03,0.123,0.3392
0.065,0.08999999999999998,0.03,0.0968,0.338
0.07,0.08999999999999998,0.03,0.0762,0.3374
0.07500000000000001,0.08999999999999998,0.03,0.0612,0.3363
0.08000000000000002,0.08999999999999998,0.03,0.0484,0.3354
0.02,0.08999999999999998,0.035,0.4794,0.4794
0.025,0.08999999999999998,0.035,0.4311,0.4319
0.030000000000000002,0.08999999999999998,0.035,0.3841,0.3926
0.035,0.08999999999999998,0.035,0.328,0.3693
0.04000000000000001,0.08999999999999998,0.035,0.276,0.3566
0.045000000000000005,0.08999999999999998,0.035,0.2297,0.3471
0.05,0.08999999999999998,0.035,0.1869,0.3431
0.05500000000000001,0.08999999999999998,0.035,0.1518,0.3406
0.06000000000000001,0.08999999999999998,0.035,0.123,0.3392
0.065,0.08999999999999998,0.035,0.0968,0.338
0.07,0.08999999999999998,0.035,0.0762,0.3374
0.07500000000000001,0.08999999999999998,0.035,0.0612,0.3363
0.08000000000000002,0.08999999999999998,0.035,0.0484,0.3354
0.02,0.09499999999999997,-0.01,0.5801,0.5801
0.025,0.09499999999999997,-0.01,0.5202,0.5213
0.030000000000000002,0.09499999999999997,-0.01,0.4623,0.4743
0.035,0.09499999999999997,-0.01,0.3966,0.4448
0.04000000000000001,0.09499999999999997,-0.01,0.3363,0.43
0.045000000000000005,0.09499999999999997,-0.01,0.2777,0.4185
0.05,0.09499999999999997,-0.01,0.2271,0.4135
0.05500000000000001,0.09499999999999997,-0.01,0.187,0.4118
0.06000000000000001,0.09499999999999997,-0.01,0.1485,0.4094
0.065,0.09499999999999997,-0.01,0.1167,0.408
0.07,0.09499999999999997,-0.01,0.0915,0.4071
0.07500000000000001,0.09499999999999997,-0.01,0.0732,0.4058
0.08000000000000002,0.09499999999999997,-0.01,0.0593,0.405
0.02,0.09499999999999997,-0.005,0.5801,0.5801
0.025,0.09499999999999997,-0.005,0.5202,0.5213
0.030000000000000002,0.09499999999999997,-0.005,0.4623,0.4743
0.035,0.09499999999999997,-0.005,0.3966,0.4448
0.04000000000000001,0.09499999999999997,-0.005,0.3363,0.43
0.045000000000000005,0.09499999999999997,-0.005,0.2777,0.4185
0.05,0.09499999999999997,-0.005,0.2271,0.4135
0.05500000000000001,0.09499999999999997,-0.005,0.187,0.4118
0.06000000000000001,0.09499999999999997,-0.005,0.1485,0.4094
0.065,0.09499999999999997,-0.005,0.1167,0.408
0.07,0.09499999999999997,-0.005,0.0915,0.4071
0.07500000000000001,0.09499999999999997,-0.005,0.0732,0.4058
0.08000000000000002,0.09499999999999997,-0.005,0.0593,0.405
0.02,0.09499999999999997,0.0,0.5801,0.5801
0.025,0.09499999999999997,0.0,0.5202,0.5213
0.030000000000000002,0.09499999999999997,0.0,0.4623,0.4743
0.035,0.09499999999999997,0.0,0.3966,0.4448
0.04000000000000001,0.09499999999999997,0.0,0.3363,0.43
0.045000000000000005,0.09499999999999997,0.0,0.2777,0.4185
0.05,0.09499999999999997,0.0,0.2271,0.4135
0.05500000000000001,0.09499999999999997,0.0,0.187,0.4118
0.06000000000000001,0.09499999999999997,0.0,0.1485,0.4094
0.065,0.09499999999999997,0.0,0.1167,0.408
0.07,0.09499999999999997,0.0,0.0915,0.4071
0.07500000000000001,0.09499999999999997,0.0,0.0732,0.4058
0.08000000000000002,0.09499999999999997,0.0,0.0593,0.405
0.02,0.09499999999999997,0.005,0.5801,0.5801
0.025,0.09499999999999997,0.005,0.5202,0.5213
0.030000000000000002,0.09499999999999997,0.005,0.4623,0.4743
0.035,0.09499999999999997,0.005,0.3966,0.4448
0.04000000000000001,0.09499999999999997,0.005,0.3363,0.43
0.045000000000000005,0.09499999999999997,0.005,0.2777,0.4185
0.05,0.09499999999999997,0.005,0.2271,0.4135
0.05500000000000001,0.09499999999999997,0.005,0.187,0.4118
0.06000000000000001,0.09499999999999997,0.005,0.1485,0.4094
0.065,0.09499999999999997,0.005,0.1167,0.408
0.07,0.09499999999999997,0.005,0.0915,0.4071
0.07500000000000001,0.09499999999999997,0.005,0.0732,0.4058
0.08000000000000002,0.09499999999999997,0.005,0.0593,0.405
0.02,0.09499999999999997,0.01,0.5801,0.5801
0.025,0.09499999999999997,0.01,0.5202,0.5213
0.030000000000000002,0.09499999999999997,0.01,0.4623,0.4743
0.035,0.09499999999999997,0.01,0.3966,0.4448
0.04000000000000001,0.09499999999999997,0.01,0.3363,0.43
0.045000000000000005,0.09499999999999997,0.01,0.2777,0.4185
0.05,0.09499999999999997,0.01,0.2271,0.4135
0.05500000000000001,0.09499999999999997,0.01,0.187,0.4118
0.06000000000000001,0.09499999999999997,0.01,0.1485,0.4094
0.065,0.09499999999999997,0.01,0.1167,0.408
0.07,0.09499999999999997,0.01,0.0915,0.4071
0.07500000000000001,0.09499999999999997,0.01,0.0732,0.4058
0.08000000000000002,0.09499999999999997,0.01,0.0593,0.405
0.02,0.09499999999999997,0.015,0.5801,0.5801
0.025,0.09499999999999997,0.015,0.5202,0.5213
0.030000000000000002,0.09499999999999997,0.015,0.4623,0.4743
0.035,0.09499999999999997,0.015,0.3966,0.4448
0.04000000000000001,0.09499999999999997,0.015,0.3363,0.43
0.045000000000000005,0.09499999999999997,0.015,0.2777,0.4185
0.05,0.09499999999999997,0.015,0.2271,0.4135
0.05500000000000001,0.09499999999999997,0.015,0.187,0.4118
0.06000000000000001,0.09499999999999997,0.015,0.1485,0.4094
0.065,0.09499999999999997,0.015,0.1167,0.408
0.07,0.09499999999999997,0.015,0.0915,0.4071
0.07500000000000001,0.09499999999999997,0.015,0.0732,0.4058
0.08000000000000002,0.09499999999999997,0.015,0.0593,0.405
0.02,0.09499999999999997,0.02,0.4606,0.4606
0.025,0.09499999999999997,0.02,0.4138,0.4149
0.030000000000000002,0.09499999999999997,0.02,0.3669,0.377
0.035,0.09499999999999997,0.02,0.3138,0.354
0.04000000000000001,0.09499999999999997,0.02,0.2667,0.3422
0.045000000000000005,0.09499999999999997,0.02,0.2192,0.3333
0.05,0.09499999999999997,0.02,0.1781,0.3299
0.05500000000000001,0.09499999999999997,0.02,0.1475,0.3283
0.06000000000000001,0.09499999999999997,0.02,0.1176,0.3266
0.065,0.09499999999999997,0.02,0.0925,0.3253
0.07,0.09499999999999997,0.02,0.0727,0.3246
0.07500000000000001,0.09499999999999997,0.02,0.0586,0.3236
0.08000000000000002,0.09499999999999997,0.02,0.0468,0.3228
0.02,0.09499999999999997,0.025,0.4606,0.4606
0.025,0.09499999999999997,0.025,0.4138,0.4149
0.030000000000000002,0.09499999999999997,0.025,0.3669,0.377
0.035,0.09499999999999997,0.025,0.3138,0.354
0.04000000000000001,0.09499999999999997,0.025,0.2667,0.3422
0.045000000000000005,0.09499999999999997,0.025,0.2192,0.3333
0.05,0.09499999999999997,0.025,0.1781,0.3299
0.05500000000000001,0.09499999999999997,0.025,0.1475,0.3283
0.06000000000000001,0.09499999999999997,0.025,0.1176,0.3266
0.065,0.09499999999999997,0.025,0.0925,0.3253
0.07,0.09499999999999997,0.025,0.0727,0.3246
0.07500000000000001,0.09499999999999997,0.025,0.0586,0.3236
0.08000000000000002,0.09499999999999997,0.025,0.0468,0.3228
0.02,0.09499999999999997,0.03,0.4606,0.4606
0.025,0.09499999999999997,0.03,0.4138,0.4149
0.030000000000000002,0.09499999999999997,0.03,0.3669,0.377
0.035,0.09499999999999997,0.03,0.3138,0.354
0.04000000000000001,0.09499999999999997,0.03,0.2667,0.3422
0.045000000000000005,0.09499999999999997,0.03,0.2192,0.3333
0.05,0.09499999999999997,0.03,0.1781,0.3299
0.05500000000000001,0.09499999999999997,0.03,0.1475,0.3283
0.06000000000000001,0.09499999999999997,0.03,0.1176,0.3266
0.065,0.09499999999999997,0.03,0.0925,0.3253
0.07,0.09499999999999997,0.03,0.0727,0.3246
0.07500000000000001,0.09499999999999997,0.03,0.0586,0.3236
0.08000000000000002,0.09499999999999997,0.03,0.0468,0.3228
0.02,0.09499999999999997,0.035,0.4606,0.4606
0.025,0.09499999999999997,0.035,0.4138,0.4149
0.030000000000000002,0.09499999999999997,0.035,0.3669,0.377
0.035,0.09499999999999997,0.035,0.3138,0.354
0.04000000000000001,0.09499999999999997,0.035,0.2667,0.3422
0.045000000000000005,0.09499999999999997,0.035,0.2192,0.3333
0.05,0.09499999999999997,0.035,0.1781,0.3299
0.05500000000000001,0.09499999999999997,0.035,0.1475,0.3283
0.06000000000000001,0.09499999999999997,0.035,0.1176,0.3266
0.065,0.09499999999999997,0.035,0.0925,0.3253
0.07,0.09499999999999997,0.035,0.0727,0.3246
0.07500000000000001,0.09499999999999997,0.035,0.0586,0.3236
0.08000000000000002,0.09499999999999997,0.035,0.0468,0.3228
0.02,0.09999999999999998,-0.01,0.5548,0.5548
0.025,0.09999999999999998,-0.01,0.499,0.5002
0.030000000000000002,0.09999999999999998,-0.01,0.4431,0.4555
0.035,0.09999999999999998,-0.01,0.3825,0.4309
0.04000000000000001,0.09999999999999998,-0.01,0.3241,0.4145
0.045000000000000005,0.09999999999999998,-0.01,0.267,0.404
0.05,0.09999999999999998,-0.01,0.2205,0.398
0.05500000000000001,0.09999999999999998,-0.01,0.1817,0.3961
0.06000000000000001,0.09999999999999998,-0.01,0.1421,0.3946
0.065,0.09999999999999998,-0.01,0.113,0.3932
0.07,0.09999999999999998,-0.01,0.0887,0.3918
0.07500000000000001,0.09999999999999998,-0.01,0.0707,0.3905
0.08000000000000002,0.09999999999999998,-0.01,0.0575,0.3893
0.02,0.09999999999999998,-0.005,0.5548,0.5548
0.025,0.09999999999999998,-0.005,0.499,0.5002
0.030000000000000002,0.09999999999999998,-0.005,0.4431,0.4555
0.035,0.09999999999999998,-0.005,0.3825,0.4309
0.04000000000000001,0.09999999999999998,-0.005,0.3241,0.4145
0.045000000000000005,0.09999999999999998,-0.005,0.267,0.404
0.05,0.09999999999999998,-0.005,0.2205,0.398
0.05500000000000001,0.09999999999999998,-0.005,0.1817,0.3961
0.06000000000000001,0.09999999999999998,-0.005,0.1421,0.3946
0.065,0.09999999999999998,-0.005,0.113,0.3932
0.07,0.09999999999999998,-0.005,0.0887,0.3918
0.07500000000000001,0.09999999999999998,-0.005,0.0707,0.3905
0.08000000000000002,0.09999999999999998,-0.005,0.0575,0.3893
0.02,0.09999999999999998,0.0,0.5548,0.5548
0.025,0.09999999999999998,0.0,0.499,0.5002
0.030000000000000002,0.09999999999999998,0.0,0.4431,0.4555
0.035,0.09999999999999998,0.0,0.3825,0.4309
0.04000000000000001,0.09999999999999998,0.0,0.3241,0.4145
0.045000000000000005,0.09999999999999998,0.0,0.267,0.404
0.05,0.09999999999999998,0.0,0.2205,0.398
0.05500000000000001,0.09999999999999998,0.0,0.1817,0.3961
0.06000000000000001,0.09999999999999998,0.0,0.1421,0.3946
0.065,0.09999999999999998,0.0,0.113,0.3932
0.07,0.09999999999999998,0.0,0.0887,0.3918
0.07500000000000001,0.09999999999999998,0.0,0.0707,0.3905
0.08000000000000002,0.09999999999999998,0.0,0.0575,0.3893
0.02,0.09999999999999998,0.005,0.5548,0.5548
0.025,0.09999999999999998,0.005,0.499,0.5002
0.030000000000000002,0.09999999999999998,0.005,0.4431,0.4555
0.035,0.09999999999999998,0.005,0.3825,0.4309
0.04000000000000001,0.09999999999999998,0.005,0.3241,0.4145
0.045000000000000005,0.09999999999999998,0.005,0.267,0.404
0.05,0.09999999999999998,0.005,0.2205,0.398
0.05500000000000001,0.09999999999999998,0.005,0.1817,0.3961
0.06000000000000001,0.09999999999999998,0.005,0.1421,0.3946
0.065,0.09999999999999998,0.005,0.113,0.3932
0.07,0.09999999999999998,0.005,0.0887,0.3918
0.07500000000000001,0.09999999999999998,0.005,0.0707,0.3905
0.08000000000000002,0.09999999999999998,0.005,0.0575,0.3893
0.02,0.09999999999999998,0.01,0.5548,0.5548
0.025,0.09999999999999998,0.01,0.499,0.5002
0.030000000000000002,0.09999999999999998,0.01,0.4431,0.4555
0.035,0.09999999999999998,0.01,0.3825,0.4309
0.04000000000000001,0.09999999999999998,0.01,0.3241,0.4145
0.045000000000000005,0.09999999999999998,0.01,0.267,0.404
0.05,0.09999999999999998,0.01,0.2205,0.398
0.05500000000000001,0.09999999999999998,0.01,0.1817,0.3961
0.06000000000000001,0.09999999999999998,0.01,0.1421,0.3946
0.065,0.09999999999999998,0.01,0.113,0.3932
0.07,0.09999999999999998,0.01,0.0887,0.3918
0.07500000000000001,0.09999999999999998,0.01,0.0707,0.3905
0.08000000000000002,0.09999999999999998,0.01,0.0575,0.3893
0.02,0.09999999999999998,0.015,0.5548,0.5548
0.025,0.09999999999999998,0.015,0.499,0.5002
0.030000000000000002,0.09999999999999998,0.015,0.4431,0.4555
0.035,0.09999999999999998,0.015,0.3825,0.4309
0.04000000000000001,0.09999999999999998,0.015,0.3241,0.4145
0.045000000000000005,0.09999999999999998,0.015,0.267,0.404
0.05,0.09999999999999998,0.015,0.2205,0.398
0.05500000000000001,0.09999999999999998,0.015,0.1817,0.3961
0.06000000000000001,0.09999999999999998,0.015,0.1421,0.3946
0.065,0.09999999999999998,0.015,0.113,0.3932
0.07,0.09999999999999998,0.015,0.0887,0.3918
0.07500000000000001,0.09999999999999998,0.015,0.0707,0.3905
0.08000000000000002,0.09999999999999998,0.015,0.0575,0.3893
0.02,0.09999999999999998,0.02,0.4411,0.4411
0.025,0.09999999999999998,0.02,0.3968,0.3979
0.030000000000000002,0.09999999999999998,0.02,0.3513,0.3618
0.035,0.09999999999999998,0.02,0.3027,0.3429
0.04000000000000001,0.09999999999999998,0.02,0.2571,0.3302
0.045000000000000005,0.09999999999999998,0.02,0.2104,0.3219
0.05,0.09999999999999998,0.02,0.1736,0.3176
0.05500000000000001,0.09999999999999998,0.02,0.1432,0.3159
0.06000000000000001,0.09999999999999998,0.02,0.1132,0.3148
0.065,0.09999999999999998,0.02,0.0898,0.3136
0.07,0.09999999999999998,0.02,0.0704,0.3128
0.07500000000000001,0.09999999999999998,0.02,0.0567,0.3115
0.08000000000000002,0.09999999999999998,0.02,0.0456,0.3104
0.02,0.09999999999999998,0.025,0.4411,0.4411
0.025,0.09999999999999998,0.025,0.3968,0.3979
0.030000000000000002,0.09999999999999998,0.025,0.3513,0.3618
0.035,0.09999999999999998,0.025,0.3027,0.3429
0.04000000000000001,0.09999999999999998,0.025,0.2571,0.3302
0.045000000000000005,0.09999999999999998,0.025,0.2104,0.3219
0.05,0.09999999999999998,0.025,0.1736,0.3176
0.05500000000000001,0.09999999999999998,0.025,0.1432,0.3159
0.06000000000000001,0.09999999999999998,0.025,0.1132,0.3148
0.065,0.09999999999999998,0.025,0.0898,0.3136
0.07,0.09999999999999998,0.025,0.0704,0.3128
0.07500000000000001,0.09999999999999998,0.025,0.0567,0.3115
0.08000000000000002,0.09999999999999998,0.025,0.0456,0.3104
0.02,0.09999999999999998,0.03,0.4411,0.4411
0.025,0.09999999999999998,0.03,0.3968,0.3979
0.030000000000000002,0.09999999999999998,0.03,0.3513,0.3618
0.035,0.09999999999999998,0.03,0.3027,0.3429
0.04000000000000001,0.09999999999999998,0.03,0.2571,0.3302
0.045000000000000005,0.09999999999999998,0.03,0.2104,0.3219
0.05,0.09999999999999998,0.03,0.1736,0.3176
0.05500000000000001,0.09999999999999998,0.03,0.1432,0.3159
0.06000000000000001,0.09999999999999998,0.03,0.1132,0.3148
0.065,0.09999999999999998,0.03,0.0898,0.3136
0.07,0.09999999999999998,0.03,0.0704,0.3128
0.07500000000000001,0.09999999999999998,0.03,0.0567,0.3115
0.08000000000000002,0.09999999999999998,0.03,0.0456,0.3104
0.02,0.09999999999999998,0.035,0.4411,0.4411
0.025,0.09999999999999998,0.035,0.3968,0.3979
0.030000000000000002,0.09999999999999998,0.035,0.3513,0.3618
0.035,0.09999999999999998,0.035,0.3027,0.3429
0.04000000000000001,0.09999999999999998,0.035,0.2571,0.3302
0.045000000000000005,0.09999999999999998,0.035,0.2104,0.3219
0.05,0.09999999999999998,0.035,0.1736,0.3176
0.05500000000000001,0.09999999999999998,0.035,0.1432,0.3159
0.06000000000000001,0.09999999999999998,0.035,0.1132,0.3148
0.065,0.09999999999999998,0.035,0.0898,0.3136
0.07,0.09999999999999998,0.035,0.0704,0.3128
0.07500000000000001,0.09999999999999998,0.035,0.0567,0.3115
0.08000000000000002,0.09999999999999998,0.035,0.0456,0.3104
0.02,0.10499999999999998,-0.01,0.5337,0.5337
0.025,0.10499999999999998,-0.01,0.4802,0.4809
0.030000000000000002,0.10499999999999998,-0.01,0.4272,0.4389
0.035,0.10499999999999998,-0.01,0.3691,0.4146
0.04000000000000001,0.10499999999999998,-0.01,0.3121,0.3983
0.045000000000000005,0.10499999999999998,-0.01,0.2565,0.3889
0.05,0.10499999999999998,-0.01,0.2123,0.3841
0.05500000000000001,0.10499999999999998,-0.01,0.1736,0.3824
0.06000000000000001,0.10499999999999998,-0.01,0.1378,0.3806
0.065,0.10499999999999998,-0.01,0.1086,0.3793
0.07,0.10499999999999998,-0.01,0.0857,0.3771
0.07500000000000001,0.10499999999999998,-0.01,0.0681,0.376
0.08000000000000002,0.10499999999999998,-0.01,0.0553,0.3754
0.02,0.10499999999999998,-0.005,0.5337,0.5337
0.025,0.10499999999999998,-0.005,0.4802,0.4809
0.030000000000000002,0.10499999999999998,-0.005,0.4272,0.4389
0.035,0.10499999999999998,-0.005,0.3691,0.4146
0.04000000000000001,0.10499999999999998,-0.005,0.3121,0.3983
0.045000000000000005,0.10499999999999998,-0.005,0.2565,0.3889
0.05,0.10499999999999998,-0.005,0.2123,0.3841
0.05500000000000001,0.10499999999999998,-0.005,0.1736,0.3824
0.06000000000000001,0.10499999999999998,-0.005,0.1378,0.3806
0.065,0.10499999999999998,-0.005,0.1086,0.3793
0.07,0.10499999999999998,-0.005,0.0857,0.3771
0.07500000000000001,0.10499999999999998,-0.005,0.0681,0.376
0.08000000000000002,0.10499999999999998,-0.005,0.0553,0.3754
0.02,0.10499999999999998,0.0,0.5337,0.5337
0.025,0.10499999999999998,0.0,0.4802,0.4809
0.030000000000000002,0.10499999999999998,0.0,0.4272,0.4389
0.035,0.10499999999999998,0.0,0.3691,0.4146
0.04000000000000001,0.10499999999999998,0.0,0.3121,0.3983
0.045000000000000005,0.10499999999999998,0.0,0.2565,0.3889
0.05,0.10499999999999998,0.0,0.2123,0.3841
0.05500000000000001,0.10499999999999998,0.0,0.1736,0.3824
0.06000000000000001,0.10499999999999998,0.0,0.1378,0.3806
0.065,0.10499999999999998,0.0,0.1086,0.3793
0.07,0.10499999999999998,0.0,0.0857,0.3771
0.07500000000000001,0.10499999999999998,0.0,0.0681,0.376
0.08000000000000002,0.10499999999999998,0.0,0.0553,0.3754
0.02,0.10499999999999998,0.005,0.5337,0.5337
0.025,0.10499999999999998,0.005,0.4802,0.4809
0.030000000000000002,0.10499999999999998,0.005,0.4272,0.4389
0.035,0.10499999999999998,0.005,0.3691,0.4146
0.04000000000000001,0.10499999999999998,0.005,0.3121,0.3983
0.045000000000000005,0.10499999999999998,0.005,0.2565,0.3889
0.05,0.10499999999999998,0.005,0.2123,0.3841
0.05500000000000001,0.10499999999999998,0.005,0.1736,0.3824
0.06000000000000001,0.10499999999999998,0.005,0.1378,0.3806
0.065,0.10499999999999998,0.005,0.1086,0.3793
0.07,0.10499999999999998,0.005,0.0857,0.3771
0.07500000000000001,0.10499999999999998,0.005,0.0681,0.376
0.08000000000000002,0.10499999999999998,0.005,0.0553,0.3754
0.02,0.10499999999999998,0.01,0.5337,0.5337
0.025,0.10499999999999998,0.01,0.4802,0.4809
0.030000000000000002,0.10499999999999998,0.01,0.4272,0.4389
0.035,0.10499999999999998,0.01,0.3691,0.4146
0.04000000000000001,0.10499999999999998,0.01,0.3121,0.3983
0.045000000000000005,0.10499999999999998,0.01,0.2565,0.3889
0.05,0.10499999999999998,0.01,0.2123,0.3841
0.05500000000000001,0.10499999999999998,0.01,0.1736,0.3824
0.06000000000000001,0.10499999999999998,0.01,0.1378,0.3806
0.065,0.10499999999999998,0.01,0.1086,0.3793
0.07,0.10499999999999998,0.01,0.0857,0.3771
0.07500000000000001,0.10499999999999998,0.01,0.0681,0.376
0.08000000000000002,0.10499999999999998,0.01,0.0553,0.3754
0.02,0.10499999999999998,0.015,0.5337,0.5337
0.025,0.10499999999999998,0.015,0.4802,0.4809
0.030000000000000002,0.10499999999999998,0.015,0.4272,0.4389
0.035,0.10499999999999998,0.015,0.3691,0.4146
0.04000000000000001,0.10499999999999998,0.015,0.3121,0.3983
0.045000000000000005,0.10499999999999998,0.015,0.2565,0.3889
0.05,0.10499999999999998,0.015,0.2123,0.3841
0.05500000000000001,0.10499999999999998,0.015,0.1736,0.3824
0.06000000000000001,0.10499999999999998,0.015,0.1378,0.3806
0.065,0.10499999999999998,0.015,0.1086,0.3793
0.07,0.10499999999999998,0.015,0.0857,0.3771
0.07500000000000001,0.10499999999999998,0.015,0.0681,0.376
0.08000000000000002,0.10499999999999998,0.015,0.0553,0.3754
0.02,0.10499999999999998,0.02,0.424,0.424
0.025,0.10499999999999998,0.02,0.3814,0.382
0.030000000000000002,0.10499999999999998,0.02,0.3386,0.3482
0.035,0.10499999999999998,0.02,0.2929,0.3303
0.04000000000000001,0.10499999999999998,0.02,0.2478,0.3176
0.045000000000000005,0.10499999999999998,0.02,0.2027,0.3101
0.05,0.10499999999999998,0.02,0.1665,0.3061
0.05500000000000001,0.10499999999999998,0.02,0.1369,0.3046
0.06000000000000001,0.10499999999999998,0.02,0.1098,0.3031
0.065,0.10499999999999998,0.02,0.0867,0.3021
0.07,0.10499999999999998,0.02,0.0684,0.3002
0.07500000000000001,0.10499999999999998,0.02,0.0544,0.2992
0.08000000000000002,0.10499999999999998,0.02,0.044,0.2986
0.02,0.10499999999999998,0.025,0.424,0.424
0.025,0.10499999999999998,0.025,0.3814,0.382
0.030000000000000002,0.10499999999999998,0.025,0.3386,0.3482
0.035,0.10499999999999998,0.025,0.2929,0.3303
0.04000000000000001,0.10499999999999998,0.025,0.2478,0.3176
0.045000000000000005,0.10499999999999998,0.025,0.2027,0.3101
0.05,0.10499999999999998,0.025,0.1665,0.3061
0.05500000000000001,0.10499999999999998,0.025,0.1369,0.3046
0.06000000000000001,0.10499999999999998,0.025,0.1098,0.3031
0.065,0.10499999999999998,0.025,0.0867,0.3021
0.07,0.10499999999999998,0.025,0.0684,0.3002
0.07500000000000001,0.10499999999999998,0.025,0.0544,0.2992
0.08000000000000002,0.10499999999999998,0.025,0.044,0.2986
0.02,0.10499999999999998,0.03,0.424,0.424
0.025,0.10499999999999998,0.03,0.3814,0.382
0.030000000000000002,0.10499999999999998,0.03,0.3386,0.3482
0.035,0.10499999999999998,0.03,0.2929,0.3303
0.04000000000000001,0.10499999999999998,0.03,0.2478,0.3176
0.045000000000000005,0.10499999999999998,0.03,0.2027,0.3101
0.05,0.10499999999999998,0.03,0.1665,0.3061
0.05500000000000001,0.10499999999999998,0.03,0.1369,0.3046
0.06000000000000001,0.10499999999999998,0.03,0.1098,0.3031
0.065,0.10499999999999998,0.03,0.0867,0.3021
0.07,0.10499999999999998,0.03,0.0684,0.3002
0.07500000000000001,0.10499999999999998,0.03,0.0544,0.2992
0.08000000000000002,0.10499999999999998,0.03,0.044,0.2986
0.02,0.10499999999999998,0.035,0.424,0.424
0.025,0.10499999999999998,0.035,0.3814,0.382
0.030000000000000002,0.10499999999999998,0.035,0.3386,0.3482
0.035,0.10499999999999998,0.035,0.2929,0.3303
0.04000000000000001,0.10499999999999998,0.035,0.2478,0.3176
0.045000000000000005,0.10499999999999998,0.035,0.2027,0.3101
0.05,0.10499999999999998,0.035,0.1665,0.3061
0.05500000000000001,0.10499999999999998,0.035,0.1369,0.3046
0.06000000000000001,0.10499999999999998,0.035,0.1098,0.3031
0.065,0.10499999999999998,0.035,0.0867,0.3021
0.07,0.10499999999999998,0.035,0.0684,0.3002
0.07500000000000001,0.10499999999999998,0.035,0.0544,0.2992
0.08000000000000002,0.10499999999999998,0.035,0.044,0.2986
0.02,0.10999999999999997,-0.01,0.5156,0.5156
0.025,0.10999999999999997,-0.01,0.4618,0.4623
0.030000000000000002,0.10999999999999997,-0.01,0.4122,0.4229
0.035,0.10999999999999997,-0.01,0.3555,0.3989
0.04000000000000001,0.10999999999999997,-0.01,0.3026,0.3842
0.045000000000000005,0.10999999999999997,-0.01,0.2472,0.3745
0.05,0.10999999999999997,-0.01,0.2053,0.3702
0.05500000000000001,0.10999999999999997,-0.01,0.1692,0.3679
0.06000000000000001,0.10999999999999997,-0.01,0.1333,0.367
0.065,0.10999999999999997,-0.01,0.1048,0.366
0.07,0.10999999999999997,-0.01,0.0836,0.3648
0.07500000000000001,0.10999999999999997,-0.01,0.0671,0.3633
0.08000000000000002,0.10999999999999997,-0.01,0.0542,0.362
0.02,0.10999999999999997,-0.005,0.5156,0.5156
0.025,0.10999999999999997,-0.005,0.4618,0.4623
0.030000000000000002,0.10999999999999997,-0.005,0.4122,0.4229
0.035,0.10999999999999997,-0.005,0.3555,0.3989
0.04000000000000001,0.10999999999999997,-0.005,0.3026,0.3842
0.045000000000000005,0.10999999999999997,-0.005,0.2472,0.3745
0.05,0.10999999999999997,-0.005,0.2053,0.3702
0.05500000000000001,0.10999999999999997,-0.005,0.1692,0.3679
0.06000000000000001,0.10999999999999997,-0.005,0.1333,0.367
0.065,0.10999999999999997,-0.005,0.1048,0.366
0.07,0.10999999999999997,-0.005,0.0836,0.3648
0.07500000000000001,0.10999999999999997,-0.005,0.0671,0.3633
0.08000000000000002,0.10999999999999997,-0.005,0.0542,0.362
0.02,0.10999999999999997,0.0,0.5156,0.5156
0.025,0.10999999999999997,0.0,0.4618,0.4623
0.030000000000000002,0.10999999999999997,0.0,0.4122,0.4229
0.035,0.10999999999999997,0.0,0.3555,0.3989
0.04000000000000001,0.10999999999999997,0.0,0.3026,0.3842
0.045000000000000005,0.10999999999999997,0.0,0.2472,0.3745
0.05,0.10999999999999997,0.0,0.2053,0.3702
0.05500000000000001,0.10999999999999997,0.0,0.1692,0.3679
0.06000000000000001,0.10999999999999997,0.0,0.1333,0.367
0.065,0.10999999999999997,0.0,0.1048,0.366
0.07,0.10999999999999997,0.0,0.0836,0.3648
0.07500000000000001,0.10999999999999997,0.0,0.0671,0.3633
0.08000000000000002,0.10999999999999997,0.0,0.0542,0.362
0.02,0.10999999999999997,0.005,0.5156,0.5156
0.025,0.10999999999999997,0.005,0.4618,0.4623
0.030000000000000002,0.10999999999999997,0.005,0.4122,0.4229
0.035,0.10999999999999997,0.005,0.3555,0.3989
0.04000000000000001,0.10999999999999997,0.005,0.3026,0.3842
0.045000000000000005,0.10999999999999997,0.005,0.2472,0.3745
0.05,0.10999999999999997,0.005,0.2053,0.3702
0.05500000000000001,0.10999999999999997,0.005,0.1692,0.3679
0.06000000000000001,0.10999999999999997,0.005,0.1333,0.367
0.065,0.10999999999999997,0.005,0.1048,0.366
0.07,0.10999999999999997,0.005,0.0836,0.3648
0.07500000000000001,0.10999999999999997,0.005,0.0671,0.3633
0.08000000000000002,0.10999999999999997,0.005,0.0542,0.362
0.02,0.10999999999999997,0.01,0.5156,0.5156
0.025,0.10999999999999997,0.01,0.4618,0.4623
0.030000000000000002,0.10999999999999997,0.01,0.4122,0.4229
0.035,0.10999999999999997,0.01,0.3555,0.3989
0.04000000000000001,0.10999999999999997,0.01,0.3026,0.3842
0.045000000000000005,0.10999999999999997,0.01,0.2472,0.3745
0.05,0.10999999999999997,0.01,0.2053,0.3702
0.05500000000000001,0.10999999999999997,0.01,0.1692,0.3679
0.06000000000000001,0.10999999999999997,0.01,0.1333,0.367
0.065,0.10999999999999997,0.01,0.1048,0.366
0.07,0.10999999999999997,0.01,0.0836,0.3648
0.07500000000000001,0.10999999999999997,0.01,0.0671,0.3633
0.08000000000000002,0.10999999999999997,0.01,0.0542,0.362
0.02,0.10999999999999997,0.015,0.5156,0.5156
0.025,0.10999999999999997,0.015,0.4618,0.4623
0.030000000000000002,0.10999999999999997,0.015,0.4122,0.4229
0.035,0.10999999999999997,0.015,0.3555,0.3989
0.04000000000000001,0.10999999999999997,0.015,0.3026,0.3842
0.045000000000000005,0.10999999999999997,0.015,0.2472,0.3745
0.05,0.10999999999999997,0.015,0.2053,0.3702
0.05500000000000001,0.10999999999999997,0.015,0.1692,0.3679
0.06000000000000001,0.10999999999999997,0.015,0.1333,0.367
0.065,0.10999999999999997,0.015,0.1048,0.366
0.07,0.10999999999999997,0.015,0.0836,0.3648
0.07500000000000001,0.10999999999999997,0.015,0.0671,0.3633
0.08000000000000002,0.10999999999999997,0.015,0.0542,0.362
0.02,0.10999999999999997,0.02,0.4096,0.4096
0.025,0.10999999999999997,0.02,0.3667,0.3671
0.030000000000000002,0.10999999999999997,0.02,0.3267,0.3349
0.035,0.10999999999999997,0.02,0.2821,0.3167
0.04000000000000001,0.10999999999999997,0.02,0.2397,0.3049
0.045000000000000005,0.10999999999999997,0.02,0.1953,0.2974
0.05,0.10999999999999997,0.02,0.1604,0.2941
0.05500000000000001,0.10999999999999997,0.02,0.1335,0.2924
0.06000000000000001,0.10999999999999997,0.02,0.1058,0.2916
0.065,0.10999999999999997,0.02,0.0834,0.2908
0.07,0.10999999999999997,0.02,0.0668,0.2898
0.07500000000000001,0.10999999999999997,0.02,0.0534,0.2886
0.08000000000000002,0.10999999999999997,0.02,0.043,0.2879
0.02,0.10999999999999997,0.025,0.4096,0.4096
0.025,0.10999999999999997,0.025,0.3667,0.3671
0.030000000000000002,0.10999999999999997,0.025,0.3267,0.3349
0.035,0.10999999999999997,0.025,0.2821,0.3167
0.04000000000000001,0.10999999999999997,0.025,0.2397,0.3049
0.045000000000000005,0.10999999999999997,0.025,0.1953,0.2974
0.05,0.10999999999999997,0.025,0.1604,0.2941
0.05500000000000001,0.10999999999999997,0.025,0.1335,0.2924
0.06000000000000001,0.10999999999999997,0.025,0.1058,0.2916
0.065,0.10999999999999997,0.025,0.0834,0.2908
0.07,0.10999999999999997,0.025,0.0668,0.2898
0.07500000000000001,0.10999999999999997,0.025,0.0534,0.2886
0.08000000000000002,0.10999999999999997,0.025,0.043,0.2879
0.02,0.10999999999999997,0.03,0.4096,0.4096
0.025,0.10999999999999997,0.03,0.3667,0.3671
0.030000000000000002,0.10999999999999997,0.03,0.3267,0.3349
0.035,0.10999999999999997,0.03,0.2821,0.3167
0.04000000000000001,0.10999999999999997,0.03,0.2397,0.3049
0.045000000000000005,0.10999999999999997,0.03,0.1953,0.2974
0.05,0.10999999999999997,0.03,0.1604,0.2941
0.05500000000000001,0.10999999999999997,0.03,0.1335,0.2924
0.06000000000000001,0.10999999999999997,0.03,0.1058,0.2916
0.065,0.10999999999999997,0.03,0.0834,0.2908
0.07,0.10999999999999997,0.03,0.0668,0.2898
0.07500000000000001,0.10999999999999997,0.03,0.0534,0.2886
0.08000000000000002,0.10999999999999997,0.03,0.043,0.2879
0.02,0.10999999999999997,0.035,0.4096,0.4096
0.025,0.10999999999999997,0.035,0.3667,0.3671
0.030000000000000002,0.10999999999999997,0.035,0.3267,0.3349
0.035,0.10999999999999997,0.035,0.2821,0.3167
0.04000000000000001,0.10999999999999997,0.035,0.2397,0.3049
0.045000000000000005,0.10999999999999997,0.035,0.1953,0.2974
0.05,0.10999999999999997,0.035,0.1604,0.2941
0.05500000000000001,0.10999999999999997,0.035,0.1335,0.2924
0.06000000000000001,0.10999999999999997,0.035,0.1058,0.2916
0.065,0.10999999999999997,0.035,0.0834,0.2908
0.07,0.10999999999999997,0.035,0.0668,0.2898
0.07500000000000001,0.10999999999999997,0.035,0.0534,0.2886
0.08000000000000002,0.10999999999999997,0.035,0.043,0.2879
0.02,0.11499999999999996,-0.01,0.4994,0.4994
0.025,0.11499999999999996,-0.01,0.4485,0.4492
0.030000000000000002,0.11499999999999996,-0.01,0.4002,0.4101
0.035,0.11499999999999996,-0.01,0.3446,0.3865
0.04000000000000001,0.11499999999999996,-0.01,0.2911,0.3717
0.045000000000000005,0.11499999999999996,-0.01,0.2416,0.3632
0.05,0.11499999999999996,-0.01,0.2005,0.3592
0.05500000000000001,0.11499999999999996,-0.01,0.1638,0.3573
0.06000000000000001,0.11499999999999996,-0.01,0.129,0.3561
0.065,0.11499999999999996,-0.01,0.1023,0.3548
0.07,0.11499999999999996,-0.01,0.081,0.3539
0.07500000000000001,0.11499999999999996,-0.01,0.0657,0.353
0.08000000000000002,0.11499999999999996,-0.01,0.0523,0.3519
0.02,0.11499999999999996,-0.005,0.4994,0.4994
0.025,0.11499999999999996,-0.005,0.4485,0.4492
0.030000000000000002,0.11499999999999996,-0.005,0.4002,0.4101
0.035,0.11499999999999996,-0.005,0.3446,0.3865
0.04000000000000001,0.11499999999999996,-0.005,0.2911,0.3717
0.045000000000000005,0.11499999999999996,-0.005,0.2416,0.3632
0.05,0.11499999999999996,-0.005,0.2005,0.3592
0.05500000000000001,0.11499999999999996,-0.005,0.1638,0.3573
0.06000000000000001,0.11499999999999996,-0.005,0.129,0.3561
0.065,0.11499999999999996,-0.005,0.1023,0.3548
0.07,0.11499999999999996,-0.005,0.081,0.3539
0.07500000000000001,0.11499999999999996,-0.005,0.0657,0.353
0.08000000000000002,0.11499999999999996,-0.005,0.0523,0.3519
0.02,0.11499999999999996,0.0,0.4994,0.4994
0.025,0.11499999999999996,0.0,0.4485,0.4492
0.030000000000000002,0.11499999999999996,0.0,0.4002,0.4101
0.035,0.11499999999999996,0.0,0.3446,0.3865
0.04000000000000001,0.11499999999999996,0.0,0.2911,0.3717
0.045000000000000005,0.11499999999999996,0.0,0.2416,0.3632
0.05,0.11499999999999996,0.0,0.2005,0.3592
0.05500000000000001,0.11499999999999996,0.0,0.1638,0.3573
0.06000000000000001,0.11499999999999996,0.0,0.129,0.3561
0.065,0.11499999999999996,0.0,0.1023,0.3548
0.07,0.11499999999999996,0.0,0.081,0.3539
0.07500000000000001,0.11499999999999996,0.0,0.0657,0.353
0.08000000000000002,0.11499999999999996,0.0,0.0523,0.3519
0.02,0.11499999999999996,0.005,0.4994,0.4994
0.025,0.11499999999999996,0.005,0.4485,0.4492
0.030000000000000002,0.11499999999999996,0.005,0.4002,0.4101
0.035,0.11499999999999996,0.005,0.3446,0.3865
0.04000000000000001,0.11499999999999996,0.005,0.2911,0.3717
0.045000000000000005,0.11499999999999996,0.005,0.2416,0.3632
0.05,0.11499999999999996,0.005,0.2005,0.3592
0.05500000000000001,0.11499999999999996,0.005,0.1638,0.3573
0.06000000000000001,0.11499999999999996,0.005,0.129,0.3561
0.065,0.11499999999999996,0.005,0.1023,0.3548
0.07,0.11499999999999996,0.005,0.081,0.3539
0.07500000000000001,0.11499999999999996,0.005,0.0657,0.353
0.08000000000000002,0.11499999999999996,0.005,0.0523,0.3519
0.02,0.11499999999999996,0.01,0.4994,0.4994
0.025,0.11499999999999996,0.01,0.4485,0.4492
0.030000000000000002,0.11499999999999996,0.01,0.4002,0.4101
0.035,0.11499999999999996,0.01,0.3446,0.3865
0.04000000000000001,0.11499999999999996,0.01,0.2911,0.3717
0.045000000000000005,0.11499999999999996,0.01,0.2416,0.3632
0.05,0.11499999999999996,0.01,0.2005,0.3592
0.05500000000000001,0.11499999999999996,0.01,0.1638,0.3573
0.06000000000000001,0.11499999999999996,0.01,0.129,0.3561
0.065,0.11499999999999996,0.01,0.1023,0.3548
0.07,0.11499999999999996,0.01,0.081,0.3539
0.07500000000000001,0.11499999999999996,0.01,0.0657,0.353
0.08000000000000002,0.11499999999999996,0.01,0.0523,0.3519
0.02,0.11499999999999996,0.015,0.4994,0.4994
0.025,0.11499999999999996,0.015,0.4485,0.4492
0.030000000000000002,0.11499999999999996,0.015,0.4002,0.4101
0.035,0.11499999999999996,0.015,0.3446,0.3865
0.04000000000000001,0.11499999999999996,0.015,0.2911,0.3717
0.045000000000000005,0.11499999999999996,0.015,0.2416,0.3632
0.05,0.11499999999999996,0.015,0.2005,0.3592
0.05500000000000001,0.11499999999999996,0.015,0.1638,0.3573
0.06000000000000001,0.11499999999999996,0.015,0.129,0.3561
0.065,0.11499999999999996,0.015,0.1023,0.3548
0.07,0.11499999999999996,0.015,0.081,0.3539
0.07500000000000001,0.11499999999999996,0.015,0.0657,0.353
0.08000000000000002,0.11499999999999996,0.015,0.0523,0.3519
0.02,0.11499999999999996,0.02,0.3959,0.3959
0.025,0.11499999999999996,0.02,0.3555,0.3561
0.030000000000000002,0.11499999999999996,0.02,0.3167,0.3245
0.035,0.11499999999999996,0.02,0.2737,0.307
0.04000000000000001,0.11499999999999996,0.02,0.2305,0.2952
0.045000000000000005,0.11499999999999996,0.02,0.1909,0.2886
0.05,0.11499999999999996,0.02,0.1566,0.2852
0.05500000000000001,0.11499999999999996,0.02,0.1295,0.2838
0.06000000000000001,0.11499999999999996,0.02,0.1025,0.2828
0.065,0.11499999999999996,0.02,0.0811,0.2818
0.07,0.11499999999999996,0.02,0.0648,0.281
0.07500000000000001,0.11499999999999996,0.02,0.0522,0.2804
0.08000000000000002,0.11499999999999996,0.02,0.0413,0.2794
0.02,0.11499999999999996,0.025,0.3959,0.3959
0.025,0.11499999999999996,0.025,0.3555,0.3561
0.030000000000000002,0.11499999999999996,0.025,0.3167,0.3245
0.035,0.11499999999999996,0.025,0.2737,0.307
0.04000000000000001,0.11499999999999996,0.025,0.2305,0.2952
0.045000000000000005,0.11499999999999996,0.025,0.1909,0.2886
0.05,0.11499999999999996,0.025,0.1566,0.2852
0.05500000000000001,0.11499999999999996,0.025,0.1295,0.2838
0.06000000000000001,0.11499999999999996,0.025,0.1025,0.2828
0.065,0.11499999999999996,0.025,0.0811,0.2818
0.07,0.11499999999999996,0.025,0.0648,0.281
0.07500000000000001,0.11499999999999996,0.025,0.0522,0.2804
0.08000000000000002,0.11499999999999996,0.025,0.0413,0.2794
0.02,0.11499999999999996,0.03,0.3959,0.3959
0.025,0.11499999999999996,0.03,0.3555,0.3561
0.030000000000000002,0.11499999999999996,0.03,0.3167,0.3245
0.035,0.11499999999999996,0.03,0.2737,0.307
0.04000000000000001,0.11499999999999996,0.03,0.2305,0.2952
0.045000000000000005,0.11499999999999996,0.03,0.1909,0.2886
0.05,0.11499999999999996,0.03,0.1566,0.2852
0.05500000000000001,0.11499999999999996,0.03,0.1295,0.2838
0.06000000000000001,0.11499999999999996,0.03,0.1025,0.2828
0.065,0.11499999999999996,0.03,0.0811,0.2818
0.07,0.11499999999999996,0.03,0.0648,0.281
0.07500000000000001,0.11499999999999996,0.03,0.0522,0.2804
0.08000000000000002,0.11499999999999996,0.03,0.0413,0.2794
0.02,0.11499999999999996,0.035,0.3959,0.3959
0.025,0.11499999999999996,0.035,0.3555,0.3561
0.030000000000000002,0.11499999999999996,0.035,0.3167,0.3245
0.035,0.11499999999999996,0.035,0.2737,0.307
0.04000000000000001,0.11499999999999996,0.035,0.2305,0.2952
0.045000000000000005,0.11499999999999996,0.035,0.1909,0.2886
0.05,0.11499999999999996,0.035,0.1566,0.2852
0.05500000000000001,0.11499999999999996,0.035,0.1295,0.2838
0.06000000000000001,0.11499999999999996,0.035,0.1025,0.2828
0.065,0.11499999999999996,0.035,0.0811,0.2818
0.07,0.11499999999999996,0.035,0.0648,0.281
0.07500000000000001,0.11499999999999996,0.035,0.0522,0.2804
0.08000000000000002,0.11499999999999996,0.035,0.0413,0.2794
0.02,0.11999999999999997,-0.01,0.4852,0.4852
0.025,0.11999999999999997,-0.01,0.4361,0.4369
0.030000000000000002,0.11999999999999997,-0.01,0.3911,0.4011
0.035,0.11999999999999997,-0.01,0.3372,0.3779
0.04000000000000001,0.11999999999999997,-0.01,0.2838,0.3626
0.045000000000000005,0.11999999999999997,-0.01,0.2359,0.3538
0.05,0.11999999999999997,-0.01,0.1955,0.3502
0.05500000000000001,0.11999999999999997,-0.01,0.1602,0.3485
0.06000000000000001,0.11999999999999997,-0.01,0.1261,0.3471
0.065,0.11999999999999997,-0.01,0.1,0.3461
0.07,0.11999999999999997,-0.01,0.0791,0.3449
0.07500000000000001,0.11999999999999997,-0.01,0.0642,0.344
0.08000000000000002,0.11999999999999997,-0.01,0.051,0.3432
0.02,0.11999999999999997,-0.005,0.4852,0.4852
0.025,0.11999999999999997,-0.005,0.4361,0.4369
0.030000000000000002,0.11999999999999997,-0.005,0.3911,0.4011
0.035,0.11999999999999997,-0.005,0.3372,0.3779
0.04000000000000001,0.11999999999999997,-0.005,0.2838,0.3626
0.045000000000000005,0.11999999999999997,-0.005,0.2359,0.3538
0.05,0.11999999999999997,-0.005,0.1955,0.3502
0.05500000000000001,0.11999999999999997,-0.005,0.1602,0.3485
0.06000000000000001,0.11999999999999997,-0.005,0.1261,0.3471
0.065,0.11999999999999997,-0.005,0.1,0.3461
0.07,0.11999999999999997,-0.005,0.0791,0.3449
0.07500000000000001,0.11999999999999997,-0.005,0.0642,0.344
0.08000000000000002,0.11999999999999997,-0.005,0.051,0.3432
0.02,0.11999999999999997,0.0,0.4852,0.4852
0.025,0.11999999999999997,0.0,0.4361,0.4369
0.030000000000000002,0.11999999999999997,0.0,0.3911,0.4011
0.035,0.11999999999999997,0.0,0.3372,0.3779
0.04000000000000001,0.11999999999999997,0.0,0.2838,0.3626
0.045000000000000005,0.11999999999999997,0.0,0.2359,0.3538
0.05,0.11999999999999997,0.0,0.1955,0.3502
0.05500000000000001,0.11999999999999997,0.0,0.1602,0.3485
0.06000000000000001,0.11999999999999997,0.0,0.1261,0.3471
0.065,0.11999999999999997,0.0,0.1,0.3461
0.07,0.11999999999999997,0.0,0.0791,0.3449
0.07500000000000001,0.11999999999999997,0.0,0.0642,0.344
0.08000000000000002,0.11999999999999997,0.0,0.051,0.3432
0.02,0.11999999999999997,0.005,0.4852,0.4852
0.025,0.11999999999999997,0.005,0.4361,0.4369
0.030000000000000002,0.11999999999999997,0.005,0.3911,0.4011
0.035,0.11999999999999997,0.005,0.3372,0.3779
0.04000000000000001,0.11999999999999997,0.005,0.2838,0.3626
0.045000000000000005,0.11999999999999997,0.005,0.2359,0.3538
0.05,0.11999999999999997,0.005,0.1955,0.3502
0.05500000000000001,0.11999999999999997,0.005,0.1602,0.3485
0.06000000000000001,0.11999999999999997,0.005,0.1261,0.3471
0.065,0.11999999999999997,0.005,0.1,0.3461
0.07,0.11999999999999997,0.005,0.0791,0.3449
0.07500000000000001,0.11999999999999997,0.005,0.0642,0.344
0.08000000000000002,0.11999999999999997,0.005,0.051,0.3432
0.02,0.11999999999999997,0.01,0.4852,0.4852
0.025,0.11999999999999997,0.01,0.4361,0.4369
0.030000000000000002,0.11999999999999997,0.01,0.3911,0.4011
0.035,0.11999999999999997,0.01,0.3372,0.3779
0.04000000000000001,0.11999999999999997,0.01,0.2838,0.3626
0.045000000000000005,0.11999999999999997,0.01,0.2359,0.3538
0.05,0.11999999999999997,0.01,0.1955,0.3502
0.05500000000000001,0.11999999999999997,0.01,0.1602,0.3485
0.06000000000000001,0.11999999999999997,0.01,0.1261,0.3471
0.065,0.11999999999999997,0.01,0.1,0.3461
0.07,0.11999999999999997,0.01,0.0791,0.3449
0.07500000000000001,0.11999999999999997,0.01,0.0642,0.344
0.08000000000000002,0.11999999999999997,0.01,0.051,0.3432
0.02,0.11999999999999997,0.015,0.4852,0.4852
0.025,0.11999999999999997,0.015,0.4361,0.4369
0.030000000000000002,0.11999999999999997,0.015,0.3911,0.4011
0.035,0.11999999999999997,0.015,0.3372,0.3779
0.04000000000000001,0.11999999999999997,0.015,0.2838,0.3626
0.045000000000000005,0.11999999999999997,0.015,0.2359,0.3538
0.05,0.11999999999999997,0.015,0.1955,0.3502
0.05500000000000001,0.11999999999999997,0.015,0.1602,0.3485
0.06000000000000001,0.11999999999999997,0.015,0.1261,0.3471
0.065,0.11999999999999997,0.015,0.1,0.3461
0.07,0.11999999999999997,0.015,0.0791,0.3449
0.07500000000000001,0.11999999999999997,0.015,0.0642,0.344
0.08000000000000002,0.11999999999999997,0.015,0.051,0.3432
0.02,0.11999999999999997,0.02,0.3838,0.3838
0.025,0.11999999999999997,0.02,0.3457,0.3464
0.030000000000000002,0.11999999999999997,0.02,0.31,0.3179
0.035,0.11999999999999997,0.02,0.2683,0.3006
0.04000000000000001,0.11999999999999997,0.02,0.2244,0.2881
0.045000000000000005,0.11999999999999997,0.02,0.1858,0.2812
0.05,0.11999999999999997,0.02,0.1532,0.2781
0.05500000000000001,0.11999999999999997,0.02,0.1269,0.2768
0.06000000000000001,0.11999999999999997,0.02,0.0999,0.2757
0.065,0.11999999999999997,0.02,0.0793,0.2749
0.07,0.11999999999999997,0.02,0.0632,0.2738
0.07500000000000001,0.11999999999999997,0.02,0.0512,0.2732
0.08000000000000002,0.11999999999999997,0.02,0.04,0.2725
0.02,0.11999999999999997,0.025,0.3838,0.3838
0.025,0.11999999999999997,0.025,0.3457,0.3464
0.030000000000000002,0.11999999999999997,0.025,0.31,0.3179
0.035,0.11999999999999997,0.025,0.2683,0.3006
0.04000000000000001,0.11999999999999997,0.025,0.2244,0.2881
0.045000000000000005,0.11999999999999997,0.025,0.1858,0.2812
0.05,0.11999999999999997,0.025,0.1532,0.2781
0.05500000000000001,0.11999999999999997,0.025,0.1269,0.2768
0.06000000000000001,0.11999999999999997,0.025,0.0999,0.2757
0.065,0.11999999999999997,0.025,0.0793,0.2749
0.07,0.11999999999999997,0.025,0.0632,0.2738
0.07500000000000001,0.11999999999999997,0.025,0.0512,0.2732
0.08000000000000002,0.11999999999999997,0.025,0.04,0.2725
0.02,0.11999999999999997,0.03,0.3838,0.3838
0.025,0.11999999999999997,0.03,0.3457,0.3464
0.030000000000000002,0.11999999999999997,0.03,0.31,0.3179
0.035,0.11999999999999997,0.03,0.2683,0.3006
0.04000000000000001,0.11999999999999997,0.03,0.2244,0.2881
0.045000000000000005,0.11999999999999997,0.03,0.1858,0.2812
0.05,0.11999999999999997,0.03,0.1532,0.2781
0.05500000000000001,0.11999999999999997,0.03,0.1269,0.2768
0.06000000000000001,0.11999999999999997,0.03,0.0999,0.2757
0.065,0.11999999999999997,0.03,0.0793,0.2749
0.07,0.11999999999999997,0.03,0.0632,0.2738
0.07500000000000001,0.11999999999999997,0.03,0.0512,0.2732
0.08000000000000002,0.11999999999999997,0.03,0.04,0.2725
0.02,0.11999999999999997,0.035,0.3838,0.3838
0.025,0.11999999999999997,0.035,0.3457,0.3464
0.030000000000000002,0.11999999999999997,0.035,0.31,0.3179
0.035,0.11999999999999997,0.035,0.2683,0.3006
0.04000000000000001,0.11999999999999997,0.035,0.2244,0.2881
0.045000000000000005,0.11999999999999997,0.035,0.1858,0.2812
0.05,0.11999999999999997,0.035,0.1532,0.2781
0.05500000000000001,0.11999999999999997,0.035,0.1269,0.2768
0.06000000000000001,0.11999999999999997,0.035,0.0999,0.2757
0.065,0.11999999999999997,0.035,0.0793,0.2749
0.07,0.11999999999999997,0.035,0.0632,0.2738
0.07500000000000001,0.11999999999999997,0.035,0.0512,0.2732
0.08000000000000002,0.11999999999999997,0.035,0.04,0.2725
0.02,0.12499999999999997,-0.01,0.4763,0.4763
0.025,0.12499999999999997,-0.01,0.4285,0.4293
0.030000000000000002,0.12499999999999997,-0.01,0.3834,0.3936
0.035,0.12499999999999997,-0.01,0.3304,0.3717
0.04000000000000001,0.12499999999999997,-0.01,0.2784,0.3556
0.045000000000000005,0.12499999999999997,-0.01,0.232,0.3468
0.05,0.12499999999999997,-0.01,0.1926,0.3436
0.05500000000000001,0.12499999999999997,-0.01,0.1567,0.342
0.06000000000000001,0.12499999999999997,-0.01,0.1236,0.3408
0.065,0.12499999999999997,-0.01,0.0985,0.34
0.07,0.12499999999999997,-0.01,0.0773,0.3392
0.07500000000000001,0.12499999999999997,-0.01,0.0634,0.3377
0.08000000000000002,0.12499999999999997,-0.01,0.0502,0.3368
0.02,0.12499999999999997,-0.005,0.4763,0.4763
0.025,0.12499999999999997,-0.005,0.4285,0.4293
0.030000000000000002,0.12499999999999997,-0.005,0.3834,0.3936
0.035,0.12499999999999997,-0.005,0.3304,0.3717
0.04000000000000001,0.12499999999999997,-0.005,0.2784,0.3556
0.045000000000000005,0.12499999999999997,-0.005,0.232,0.3468
0.05,0.12499999999999997,-0.005,0.1926,0.3436
0.05500000000000001,0.12499999999999997,-0.005,0.1567,0.342
0.06000000000000001,0.12499999999999997,-0.005,0.1236,0.3408
0.065,0.12499999999999997,-0.005,0.0985,0.34
0.07,0.12499999999999997,-0.005,0.0773,0.3392
0.07500000000000001,0.12499999999999997,-0.005,0.0634,0.3377
0.08000000000000002,0.12499999999999997,-0.005,0.0502,0.3368
0.02,0.12499999999999997,0.0,0.4763,0.4763
0.025,0.12499999999999997,0.0,0.4285,0.4293
0.030000000000000002,0.12499999999999997,0.0,0.3834,0.3936
0.035,0.12499999999999997,0.0,0.3304,0.3717
0.04000000000000001,0.12499999999999997,0.0,0.2784,0.3556
0.045000000000000005,0.12499999999999997,0.0,0.232,0.3468
0.05,0.12499999999999997,0.0,0.1926,0.3436
0.05500000000000001,0.12499999999999997,0.0,0.1567,0.342
0.06000000000000001,0.12499999999999997,0.0,0.1236,0.3408
0.065,0.12499999999999997,0.0,0.0985,0.34
0.07,0.12499999999999997,0.0,0.0773,0.3392
0.07500000000000001,0.12499999999999997,0.0,0.0634,0.3377
0.08000000000000002,0.12499999999999997,0.0,0.0502,0.3368
0.02,0.12499999999999997,0.005,0.4763,0.4763
0.025,0.12499999999999997,0.005,0.4285,0.4293
0.030000000000000002,0.12499999999999997,0.005,0.3834,0.3936
0.035,0.12499999999999997,0.005,0.3304,0.3717
0.04000000000000001,0.12499999999999997,0.005,0.2784,0.3556
0.045000000000000005,0.12499999999999997,0.005,0.232,0.3468
0.05,0.12499999999999997,0.005,0.1926,0.3436
0.05500000000000001,0.12499999999999997,0.005,0.1567,0.342
0.06000000000000001,0.12499999999999997,0.005,0.1236,0.3408
0.065,0.12499999999999997,0.005,0.0985,0.34
0.07,0.12499999999999997,0.005,0.0773,0.3392
0.07500000000000001,0.12499999999999997,0.005,0.0634,0.3377
0.08000000000000002,0.12499999999999997,0.005,0.0502,0.3368
0.02,0.12499999999999997,0.01,0.4763,0.4763
0.025,0.12499999999999997,0.01,0.4285,0.4293
0.030000000000000002,0.12499999999999997,0.01,0.3834,0.3936
0.035,0.12499999999999997,0.01,0.3304,0.3717
0.04000000000000001,0.12499999999999997,0.01,0.2784,0.3556
0.045000000000000005,0.12499999999999997,0.01,0.232,0.3468
0.05,0.12499999999999997,0.01,0.1926,0.3436
0.05500000000000001,0.12499999999999997,0.01,0.1567,0.342
0.06000000000000001,0.12499999999999997,0.01,0.1236,0.3408
0.065,0.12499999999999997,0.01,0.0985,0.34
0.07,0.12499999999999997,0.01,0.0773,0.3392
0.07500000000000001,0.12499999999999997,0.01,0.0634,0.3377
0.08000000000000002,0.12499999999999997,0.01,0.0502,0.3368
0.02,0.12499999999999997,0.015,0.4763,0.4763
0.025,0.12499999999999997,0.015,0.4285,0.4293
0.030000000000000002,0.12499999999999997,0.015,0.3834,0.3936
0.035,0.12499999999999997,0.015,0.3304,0.3717
0.04000000000000001,0.12499999999999997,0.015,0.2784,0.3556
0.045000000000000005,0.12499999999999997,0.015,0.232,0.3468
0.05,0.12499999999999997,0.015,0.1926,0.3436
0.05500000000000001,0.12499999999999997,0.015,0.1567,0.342
0.06000000000000001,0.12499999999999997,0.015,0.1236,0.3408
0.065,0.12499999999999997,0.015,0.0985,0.34
0.07,0.12499999999999997,0.015,0.0773,0.3392
0.07500000000000001,0.12499999999999997,0.015,0.0634,0.3377
0.08000000000000002,0.12499999999999997,0.015,0.0502,0.3368
0.02,0.12499999999999997,0.02,0.3767,0.3767
0.025,0.12499999999999997,0.02,0.3391,0.3397
0.030000000000000002,0.12499999999999997,0.02,0.3037,0.3118
0.035,0.12499999999999997,0.02,0.2635,0.2957
0.04000000000000001,0.12499999999999997,0.02,0.2207,0.2825
0.045000000000000005,0.12499999999999997,0.02,0.1825,0.2752
0.05,0.12499999999999997,0.02,0.1513,0.2725
0.05500000000000001,0.12499999999999997,0.02,0.1243,0.2714
0.06000000000000001,0.12499999999999997,0.02,0.0979,0.2703
0.065,0.12499999999999997,0.02,0.0786,0.2695
0.07,0.12499999999999997,0.02,0.0618,0.2689
0.07500000000000001,0.12499999999999997,0.02,0.0506,0.2678
0.08000000000000002,0.12499999999999997,0.02,0.0395,0.2671
0.02,0.12499999999999997,0.025,0.3767,0.3767
0.025,0.12499999999999997,0.025,0.3391,0.3397
0.030000000000000002,0.12499999999999997,0.025,0.3037,0.3118
0.035,0.12499999999999997,0.025,0.2635,0.2957
0.04000000000000001,0.12499999999999997,0.025,0.2207,0.2825
0.045000000000000005,0.12499999999999997,0.025,0.1825,0.2752
0.05,0.12499999999999997,0.025,0.1513,0.2725
0.05500000000000001,0.12499999999999997,0.025,0.1243,0.2714
0.06000000000000001,0.12499999999999997,0.025,0.0979,0.2703
0.065,0.12499999999999997,0.025,0.0786,0.2695
0.07,0.12499999999999997,0.025,0.0618,0.2689
0.07500000000000001,0.12499999999999997,0.025,0.0506,0.2678
0.08000000000000002,0.12499999999999997,0.025,0.0395,0.2671
0.02,0.12499999999999997,0.03,0.3767,0.3767
0.025,0.12499999999999997,0.03,0.3391,0.3397
0.030000000000000002,0.12499999999999997,0.03,0.3037,0.3118
0.035,0.12499999999999997,0.03,0.2635,0.2957
0.04000000000000001,0.12499999999999997,0.03,0.2207,0.2825
0.045000000000000005,0.12499999999999997,0.03,0.1825,0.2752
0.05,0.12499999999999997,0.03,0.1513,0.2725
0.05500000000000001,0.12499999999999997,0.03,0.1243,0.2714
0.06000000000000001,0.12499999999999997,0.03,0.0979,0.2703
0.065,0.12499999999999997,0.03,0.0786,0.2695
0.07,0.12499999999999997,0.03,0.0618,0.2689
0.07500000000000001,0.12499999999999997,0.03,0.0506,0.2678
0.08000000000000002,0.12499999999999997,0.03,0.0395,0.2671
0.02,0.12499999999999997,0.035,0.3767,0.3767
0.025,0.12499999999999997,0.035,0.3391,0.3397
0.030000000000000002,0.12499999999999997,0.035,0.3037,0.3118
0.035,0.12499999999999997,0.035,0.2635,0.2957
0.04000000000000001,0.12499999999999997,0.035,0.2207,0.2825
0.045000000000000005,0.12499999999999997,0.035,0.1825,0.2752
0.05,0.12499999999999997,0.035,0.1513,0.2725
0.05500000000000001,0.12499999999999997,0.035,0.1243,0.2714
0.06000000000000001,0.12499999999999997,0.035,0.0979,0.2703
0.065,0.12499999999999997,0.035,0.0786,0.2695
0.07,0.12499999999999997,0.035,0.0618,0.2689
0.07500000000000001,0.12499999999999997,0.035,0.0506,0.2678
0.08000000000000002,0.12499999999999997,0.035,0.0395,0.2671
0.02,0.12999999999999995,-0.01,0.4692,0.4692
0.025,0.12999999999999995,-0.01,0.4236,0.4247
0.030000000000000002,0.12999999999999995,-0.01,0.3782,0.3878
0.035,0.12999999999999995,-0.01,0.3258,0.3661
0.04000000000000001,0.12999999999999995,-0.01,0.2743,0.3505
0.045000000000000005,0.12999999999999995,-0.01,0.2294,0.3424
0.05,0.12999999999999995,-0.01,0.19,0.3392
0.05500000000000001,0.12999999999999995,-0.01,0.1539,0.3375
0.06000000000000001,0.12999999999999995,-0.01,0.1222,0.3363
0.065,0.12999999999999995,-0.01,0.0976,0.3351
0.07,0.12999999999999995,-0.01,0.0762,0.3336
0.07500000000000001,0.12999999999999995,-0.01,0.0626,0.3326
0.08000000000000002,0.12999999999999995,-0.01,0.0499,0.3312
0.02,0.12999999999999995,-0.005,0.4692,0.4692
0.025,0.12999999999999995,-0.005,0.4236,0.4247
0.030000000000000002,0.12999999999999995,-0.005,0.3782,0.3878
0.035,0.12999999999999995,-0.005,0.3258,0.3661
0.04000000000000001,0.12999999999999995,-0.005,0.2743,0.3505
0.045000000000000005,0.12999999999999995,-0.005,0.2294,0.3424
0.05,0.12999999999999995,-0.005,0.19,0.3392
0.05500000000000001,0.12999999999999995,-0.005,0.1539,0.3375
0.06000000000000001,0.12999999999999995,-0.005,0.1222,0.3363
0.065,0.12999999999999995,-0.005,0.0976,0.3351
0.07,0.12999999999999995,-0.005,0.0762,0.3336
0.07500000000000001,0.12999999999999995,-0.005,0.0626,0.3326
0.08000000000000002,0.12999999999999995,-0.005,0.0499,0.3312
0.02,0.12999999999999995,0.0,0.4692,0.4692
0.025,0.12999999999999995,0.0,0.4236,0.4247
0.030000000000000002,0.12999999999999995,0.0,0.3782,0.3878
0.035,0.12999999999999995,0.0,0.3258,0.3661
0.04000000000000001,0.12999999999999995,0.0,0.2743,0.3505
0.045000000000000005,0.12999999999999995,0.0,0.2294,0.3424
0.05,0.12999999999999995,0.0,0.19,0.3392
0.05500000000000001,0.12999999999999995,0.0,0.1539,0.3375
0.06000000000000001,0.12999999999999995,0.0,0.1222,0.3363
0.065,0.12999999999999995,0.0,0.0976,0.3351
0.07,0.12999999999999995,0.0,0.0762,0.3336
0.07500000000000001,0.12999999999999995,0.0,0.0626,0.3326
0.08000000000000002,0.12999999999999995,0.0,0.0499,0.3312
0.02,0.12999999999999995,0.005,0.4692,0.4692
0.025,0.12999999999999995,0.005,0.4236,0.4247
0.030000000000000002,0.12999999999999995,0.005,0.3782,0.3878
0.035,0.12999999999999995,0.005,0.3258,0.3661
0.04000000000000001,0.12999999999999995,0.005,0.2743,0.3505
0.045000000000000005,0.12999999999999995,0.005,0.2294,0.3424
0.05,0.12999999999999995,0.005,0.19,0.3392
0.05500000000000001,0.12999999999999995,0.005,0.1539,0.3375
0.06000000000000001,0.12999999999999995,0.005,0.1222,0.3363
0.065,0.12999999999999995,0.005,0.0976,0.3351
0.07,0.12999999999999995,0.005,0.0762,0.3336
0.07500000000000001,0.12999999999999995,0.005,0.0626,0.3326
0.08000000000000002,0.12999999999999995,0.005,0.0499,0.3312
0.02,0.12999999999999995,0.01,0.4692,0.4692
0.025,0.12999999999999995,0.01,0.4236,0.4247
0.030000000000000002,0.12999999999999995,0.01,0.3782,0.3878
0.035,0.12999999999999995,0.01,0.3258,0.3661
0.04000000000000001,0.12999999999999995,0.01,0.2743,0.3505
0.045000000000000005,0.12999999999999995,0.01,0.2294,0.3424
0.05,0.12999999999999995,0.01,0.19,0.3392
0.05500000000000001,0.12999999999999995,0.01,0.1539,0.3375
0.06000000000000001,0.12999999999999995,0.01,0.1222,0.3363
0.065,0.12999999999999995,0.01,0.0976,0.3351
0.07,0.12999999999999995,0.01,0.0762,0.3336
0.07500000000000001,0.12999999999999995,0.01,0.0626,0.3326
0.08000000000000002,0.12999999999999995,0.01,0.0499,0.3312
0.02,0.12999999999999995,0.015,0.4692,0.4692
0.025,0.12999999999999995,0.015,0.4236,0.4247
0.030000000000000002,0.12999999999999995,0.015,0.3782,0.3878
0.035,0.12999999999999995,0.015,0.3258,0.3661
0.04000000000000001,0.12999999999999995,0.015,0.2743,0.3505
0.045000000000000005,0.12999999999999995,0.015,0.2294,0.3424
0.05,0.12999999999999995,0.015,0.19,0.3392
0.05500000000000001,0.12999999999999995,0.015,0.1539,0.3375
0.06000000000000001,0.12999999999999995,0.015,0.1222,0.3363
0.065,0.12999999999999995,0.015,0.0976,0.3351
0.07,0.12999999999999995,0.015,0.0762,0.3336
0.07500000000000001,0.12999999999999995,0.015,0.0626,0.3326
0.08000000000000002,0.12999999999999995,0.015,0.0499,0.3312
0.02,0.12999999999999995,0.02,0.3711,0.3711
0.025,0.12999999999999995,0.02,0.3356,0.3365
0.030000000000000002,0.12999999999999995,0.02,0.2998,0.3072
0.035,0.12999999999999995,0.02,0.2599,0.2908
0.04000000000000001,0.12999999999999995,0.02,0.2174,0.2778
0.045000000000000005,0.12999999999999995,0.02,0.1803,0.2712
0.05,0.12999999999999995,0.02,0.1496,0.2687
0.05500000000000001,0.12999999999999995,0.02,0.1218,0.2676
0.06000000000000001,0.12999999999999995,0.02,0.0969,0.2667
0.065,0.12999999999999995,0.02,0.0779,0.2657
0.07,0.12999999999999995,0.02,0.0607,0.2645
0.07500000000000001,0.12999999999999995,0.02,0.05,0.2638
0.08000000000000002,0.12999999999999995,0.02,0.0394,0.2627
0.02,0.12999999999999995,0.025,0.3711,0.3711
0.025,0.12999999999999995,0.025,0.3356,0.3365
0.030000000000000002,0.12999999999999995,0.025,0.2998,0.3072
0.035,0.12999999999999995,0.025,0.2599,0.2908
0.04000000000000001,0.12999999999999995,0.025,0.2174,0.2778
0.045000000000000005,0.12999999999999995,0.025,0.1803,0.2712
0.05,0.12999999999999995,0.025,0.1496,0.2687
0.05500000000000001,0.12999999999999995,0.025,0.1218,0.2676
0.06000000000000001,0.12999999999999995,0.025,0.0969,0.2667
0.065,0.12999999999999995,0.025,0.0779,0.2657
0.07,0.12999999999999995,0.025,0.0607,0.2645
0.07500000000000001,0.12999999999999995,0.025,0.05,0.2638
0.08000000000000002,0.12999999999999995,0.025,0.0394,0.2627
0.02,0.12999999999999995,0.03,0.3711,0.3711
0.025,0.12999999999999995,0.03,0.3356,0.3365
0.030000000000000002,0.12999999999999995,0.03,0.2998,0.3072
0.035,0.12999999999999995,0.03,0.2599,0.2908
0.04000000000000001,0.12999999999999995,0.03,0.2174,0.2778
0.045000000000000005,0.12999999999999995,0.03,0.1803,0.2712
0.05,0.12999999999999995,0.03,0.1496,0.2687
0.05500000000000001,0.12999999999999995,0.03,0.1218,0.2676
0.06000000000000001,0.12999999999999995,0.03,0.0969,0.2667
0.065,0.12999999999999995,0.03,0.0779,0.2657
0.07,0.12999999999999995,0.03,0.0607,0.2645
0.07500000000000001,0.12999999999999995,0.03,0.05,0.2638
0.08000000000000002,0.12999999999999995,0.03,0.0394,0.2627
0.02,0.12999999999999995,0.035,0.3711,0.3711
0.025,0.12999999999999995,0.035,0.3356,0.3365
0.030000000000000002,0.12999999999999995,0.035,0.2998,0.3072
0.035,0.12999999999999995,0.035,0.2599,0.2908
0.04000000000000001,0.12999999999999995,0.035,0.2174,0.2778
0.045000000000000005,0.12999999999999995,0.035,0.1803,0.2712
0.05,0.12999999999999995,0.035,0.1496,0.2687
0.05500000000000001,0.12999999999999995,0.035,0.1218,0.2676
0.06000000000000001,0.12999999999999995,0.035,0.0969,0.2667
0.065,0.12999999999999995,0.035,0.0779,0.2657
0.07,0.12999999999999995,0.035,0.0607,0.2645
0.07500000000000001,0.12999999999999995,0.035,0.05,0.2638
0.08000000000000002,0.12999999999999995,0.035,0.0394,0.2627
0.02,0.13499999999999995,-0.01,0.4661,0.4661
0.025,0.13499999999999995,-0.01,0.4199,0.4211
0.030000000000000002,0.13499999999999995,-0.01,0.3748,0.3841
0.035,0.13499999999999995,-0.01,0.3228,0.3627
0.04000000000000001,0.13499999999999995,-0.01,0.2711,0.3472
0.045000000000000005,0.13499999999999995,-0.01,0.2272,0.3393
0.05,0.13499999999999995,-0.01,0.1879,0.3362
0.05500000000000001,0.13499999999999995,-0.01,0.1528,0.3344
0.06000000000000001,0.13499999999999995,-0.01,0.1213,0.3332
0.065,0.13499999999999995,-0.01,0.0963,0.3323
0.07,0.13499999999999995,-0.01,0.0757,0.3313
0.07500000000000001,0.13499999999999995,-0.01,0.0621,0.33
0.08000000000000002,0.13499999999999995,-0.01,0.0495,0.3287
0.02,0.13499999999999995,-0.005,0.4661,0.4661
0.025,0.13499999999999995,-0.005,0.4199,0.4211
0.030000000000000002,0.13499999999999995,-0.005,0.3748,0.3841
0.035,0.13499999999999995,-0.005,0.3228,0.3627
0.04000000000000001,0.13499999999999995,-0.005,0.2711,0.3472
0.045000000000000005,0.13499999999999995,-0.005,0.2272,0.3393
0.05,0.13499999999999995,-0.005,0.1879,0.3362
0.05500000000000001,0.13499999999999995,-0.005,0.1528,0.3344
0.06000000000000001,0.13499999999999995,-0.005,0.1213,0.3332
0.065,0.13499999999999995,-0.005,0.0963,0.3323
0.07,0.13499999999999995,-0.005,0.0757,0.3313
0.07500000000000001,0.13499999999999995,-0.005,0.0621,0.33
0.08000000000000002,0.13499999999999995,-0.005,0.0495,0.3287
0.02,0.13499999999999995,0.0,0.4661,0.4661
0.025,0.13499999999999995,0.0,0.4199,0.4211
0.030000000000000002,0.13499999999999995,0.0,0.3748,0.3841
0.035,0.13499999999999995,0.0,0.3228,0.3627
0.04000000000000001,0.13499999999999995,0.0,0.2711,0.3472
0.045000000000000005,0.13499999999999995,0.0,0.2272,0.3393
0.05,0.13499999999999995,0.0,0.1879,0.3362
0.05500000000000001,0.13499999999999995,0.0,0.1528,0.3344
0.06000000000000001,0.13499999999999995,0.0,0.1213,0.3332
0.065,0.13499999999999995,0.0,0.0963,0.3323
0.07,0.13499999999999995,0.0,0.0757,0.3313
0.07500000000000001,0.13499999999999995,0.0,0.0621,0.33
0.08000000000000002,0.13499999999999995,0.0,0.0495,0.3287
0.02,0.13499999999999995,0.005,0.4661,0.4661
0.025,0.13499999999999995,0.005,0.4199,0.4211
0.030000000000000002,0.13499999999999995,0.005,0.3748,0.3841
0.035,0.13499999999999995,0.005,0.3228,0.3627
0.04000000000000001,0.13499999999999995,0.005,0.2711,0.3472
0.045000000000000005,0.13499999999999995,0.005,0.2272,0.3393
0.05,0.13499999999999995,0.005,0.1879,0.3362
0.05500000000000001,0.13499999999999995,0.005,0.1528,0.3344
0.06000000000000001,0.13499999999999995,0.005,0.1213,0.3332
0.065,0.13499999999999995,0.005,0.0963,0.3323
0.07,0.13499999999999995,0.005,0.0757,0.3313
0.07500000000000001,0.13499999999999995,0.005,0.0621,0.33
0.08000000000000002,0.13499999999999995,0.005,0.0495,0.3287
0.02,0.13499999999999995,0.01,0.4661,0.4661
0.025,0.13499999999999995,0.01,0.4199,0.4211
0.030000000000000002,0.13499999999999995,0.01,0.3748,0.3841
0.035,0.13499999999999995,0.01,0.3228,0.3627
0.04000000000000001,0.13499999999999995,0.01,0.2711,0.3472
0.045000000000000005,0.13499999999999995,0.01,0.2272,0.3393
0.05,0.13499999999999995,0.01,0.1879,0.3362
0.05500000000000001,0.13499999999999995,0.01,0.1528,0.3344
0.06000000000000001,0.13499999999999995,0.01,0.1213,0.3332
0.065,0.13499999999999995,0.01,0.0963,0.3323
0.07,0.13499999999999995,0.01,0.0757,0.3313
0.07500000000000001,0.13499999999999995,0.01,0.0621,0.33
0.08000000000000002,0.13499999999999995,0.01,0.0495,0.3287
0.02,0.13499999999999995,0.015,0.4661,0.4661
0.025,0.13499999999999995,0.015,0.4199,0.4211
0.030000000000000002,0.13499999999999995,0.015,0.3748,0.3841
0.035,0.13499999999999995,0.015,0.3228,0.3627
0.04000000000000001,0.13499999999999995,0.015,0.2711,0.3472
0.045000000000000005,0.13499999999999995,0.015,0.2272,0.3393
0.05,0.13499999999999995,0.015,0.1879,0.3362
0.05500000000000001,0.13499999999999995,0.015,0.1528,0.3344
0.06000000000000001,0.13499999999999995,0.015,0.1213,0.3332
0.065,0.13499999999999995,0.015,0.0963,0.3323
0.07,0.13499999999999995,0.015,0.0757,0.3313
0.07500000000000001,0.13499999999999995,0.015,0.0621,0.33
0.08000000000000002,0.13499999999999995,0.015,0.0495,0.3287
0.02,0.13499999999999995,0.02,0.3683,0.3683
0.025,0.13499999999999995,0.02,0.3326,0.3337
0.030000000000000002,0.13499999999999995,0.02,0.2973,0.3044
0.035,0.13499999999999995,0.02,0.2571,0.2882
0.04000000000000001,0.13499999999999995,0.02,0.2148,0.2753
0.045000000000000005,0.13499999999999995,0.02,0.179,0.2691
0.05,0.13499999999999995,0.02,0.148,0.2667
0.05500000000000001,0.13499999999999995,0.02,0.1211,0.2655
0.06000000000000001,0.13499999999999995,0.02,0.0961,0.2644
0.065,0.13499999999999995,0.02,0.0768,0.2636
0.07,0.13499999999999995,0.02,0.0602,0.2627
0.07500000000000001,0.13499999999999995,0.02,0.0496,0.2617
0.08000000000000002,0.13499999999999995,0.02,0.039,0.2607
0.02,0.13499999999999995,0.025,0.3683,0.3683
0.025,0.13499999999999995,0.025,0.3326,0.3337
0.030000000000000002,0.13499999999999995,0.025,0.2973,0.3044
0.035,0.13499999999999995,0.025,0.2571,0.2882
0.04000000000000001,0.13499999999999995,0.025,0.2148,0.2753
0.045000000000000005,0.13499999999999995,0.025,0.179,0.2691
0.05,0.13499999999999995,0.025,0.148,0.2667
0.05500000000000001,0.13499999999999995,0.025,0.1211,0.2655
0.06000000000000001,0.13499999999999995,0.025,0.0961,0.2644
0.065,0.13499999999999995,0.025,0.0768,0.2636
0.07,0.13499999999999995,0.025,0.0602,0.2627
0.07500000000000001,0.13499999999999995,0.025,0.0496,0.2617
0.08000000000000002,0.13499999999999995,0.025,0.039,0.2607
0.02,0.13499999999999995,0.03,0.3683,0.3683
0.025,0.13499999999999995,0.03,0.3326,0.3337
0.030000000000000002,0.13499999999999995,0.03,0.2973,0.3044
0.035,0.13499999999999995,0.03,0.2571,0.2882
0.04000000000000001,0.13499999999999995,0.03,0.2148,0.2753
0.045000000000000005,0.13499999999999995,0.03,0.179,0.2691
0.05,0.13499999999999995,0.03,0.148,0.2667
0.05500000000000001,0.13499999999999995,0.03,0.1211,0.2655
0.06000000000000001,0.13499999999999995,0.03,0.0961,0.2644
0.065,0.13499999999999995,0.03,0.0768,0.2636
0.07,0.13499999999999995,0.03,0.0602,0.2627
0.07500000000000001,0.13499999999999995,0.03,0.0496,0.2617
0.08000000000000002,0.13499999999999995,0.03,0.039,0.2607
0.02,0.13499999999999995,0.035,0.3683,0.3683
0.025,0.13499999999999995,0.035,0.3326,0.3337
0.030000000000000002,0.13499999999999995,0.035,0.2973,0.3044
0.035,0.13499999999999995,0.035,0.2571,0.2882
0.04000000000000001,0.13499999999999995,0.035,0.2148,0.2753
0.045000000000000005,0.13499999999999995,0.035,0.179,0.2691
0.05,0.13499999999999995,0.035,0.148,0.2667
0.05500000000000001,0.13499999999999995,0.035,0.1211,0.2655
0.06000000000000001,0.13499999999999995,0.035,0.0961,0.2644
0.065,0.13499999999999995,0.035,0.0768,0.2636
0.07,0.13499999999999995,0.035,0.0602,0.2627
0.07500000000000001,0.13499999999999995,0.035,0.0496,0.2617
0.08000000000000002,0.13499999999999995,0.035,0.039,0.2607
0.02,0.13999999999999996,-0.01,0.4634,0.4634
0.025,0.13999999999999996,-0.01,0.4173,0.4186
0.030000000000000002,0.13999999999999996,-0.01,0.3726,0.3822
0.035,0.13999999999999996,-0.01,0.3207,0.3612
0.04000000000000001,0.13999999999999996,-0.01,0.2703,0.3462
0.045000000000000005,0.13999999999999996,-0.01,0.2256,0.3381
0.05,0.13999999999999996,-0.01,0.1867,0.3346
0.05500000000000001,0.13999999999999996,-0.01,0.152,0.3331
0.06000000000000001,0.13999999999999996,-0.01,0.1204,0.332
0.065,0.13999999999999996,-0.01,0.0955,0.3312
0.07,0.13999999999999996,-0.01,0.0756,0.3299
0.07500000000000001,0.13999999999999996,-0.01,0.0619,0.3287
0.08000000000000002,0.13999999999999996,-0.01,0.0492,0.3277
0.02,0.13999999999999996,-0.005,0.4634,0.4634
0.025,0.13999999999999996,-0.005,0.4173,0.4186
0.030000000000000002,0.13999999999999996,-0.005,0.3726,0.3822
0.035,0.13999999999999996,-0.005,0.3207,0.3612
0.04000000000000001,0.13999999999999996,-0.005,0.2703,0.3462
0.045000000000000005,0.13999999999999996,-0.005,0.2256,0.3381
0.05,0.13999999999999996,-0.005,0.1867,0.3346
0.05500000000000001,0.13999999999999996,-0.005,0.152,0.3331
0.06000000000000001,0.13999999999999996,-0.005,0.1204,0.332
0.065,0.13999999999999996,-0.005,0.0955,0.3312
0.07,0.13999999999999996,-0.005,0.0756,0.3299
0.07500000000000001,0.13999999999999996,-0.005,0.0619,0.3287
0.08000000000000002,0.13999999999999996,-0.005,0.0492,0.3277
0.02,0.13999999999999996,0.0,0.4634,0.4634
0.025,0.13999999999999996,0.0,0.4173,0.4186
0.030000000000000002,0.13999999999999996,0.0,0.3726,0.3822
0.035,0.13999999999999996,0.0,0.3207,0.3612
0.04000000000000001,0.13999999999999996,0.0,0.2703,0.3462
0.045000000000000005,0.13999999999999996,0.0,0.2256,0.3381
0.05,0.13999999999999996,0.0,0.1867,0.3346
0.05500000000000001,0.13999999999999996,0.0,0.152,0.3331
0.06000000000000001,0.13999999999999996,0.0,0.1204,0.332
0.065,0.13999999999999996,0.0,0.0955,0.3312
0.07,0.13999999999999996,0.0,0.0756,0.3299
0.07500000000000001,0.13999999999999996,0.0,0.0619,0.3287
0.08000000000000002,0.13999999999999996,0.0,0.0492,0.3277
0.02,0.13999999999999996,0.005,0.4634,0.4634
0.025,0.13999999999999996,0.005,0.4173,0.4186
0.030000000000000002,0.13999999999999996,0.005,0.3726,0.3822
0.035,0.13999999999999996,0.005,0.3207,0.3612
0.04000000000000001,0.13999999999999996,0.005,0.2703,0.3462
0.045000000000000005,0.13999999999999996,0.005,0.2256,0.3381
0.05,0.13999999999999996,0.005,0.1867,0.3346
0.05500000000000001,0.13999999999999996,0.005,0.152,0.3331
0.06000000000000001,0.13999999999999996,0.005,0.1204,0.332
0.065,0.13999999999999996,0.005,0.0955,0.3312
0.07,0.13999999999999996,0.005,0.0756,0.3299
0.07500000000000001,0.13999999999999996,0.005,0.0619,0.3287
0.08000000000000002,0.13999999999999996,0.005,0.0492,0.3277
0.02,0.13999999999999996,0.01,0.4634,0.4634
0.025,0.13999999999999996,0.01,0.4173,0.4186
0.030000000000000002,0.13999999999999996,0.01,0.3726,0.3822
0.035,0.13999999999999996,0.01,0.3207,0.3612
0.04000000000000001,0.13999999999999996,0.01,0.2703,0.3462
0.045000000000000005,0.13999999999999996,0.01,0.2256,0.3381
0.05,0.13999999999999996,0.01,0.1867,0.3346
0.05500000000000001,0.13999999999999996,0.01,0.152,0.3331
0.06000000000000001,0.13999999999999996,0.01,0.1204,0.332
0.065,0.13999999999999996,0.01,0.0955,0.3312
0.07,0.13999999999999996,0.01,0.0756,0.3299
0.07500000000000001,0.13999999999999996,0.01,0.0619,0.3287
0.08000000000000002,0.13999999999999996,0.01,0.0492,0.3277
0.02,0.13999999999999996,0.015,0.4634,0.4634
0.025,0.13999999999999996,0.015,0.4173,0.4186
0.030000000000000002,0.13999999999999996,0.015,0.3726,0.3822
0.035,0.13999999999999996,0.015,0.3207,0.3612
0.04000000000000001,0.13999999999999996,0.015,0.2703,0.3462
0.045000000000000005,0.13999999999999996,0.015,0.2256,0.3381
0.05,0.13999999999999996,0.015,0.1867,0.3346
0.05500000000000001,0.13999999999999996,0.015,0.152,0.3331
0.06000000000000001,0.13999999999999996,0.015,0.1204,0.332
0.065,0.13999999999999996,0.015,0.0955,0.3312
0.07,0.13999999999999996,0.015,0.0756,0.3299
0.07500000000000001,0.13999999999999996,0.015,0.0619,0.3287
0.08000000000000002,0.13999999999999996,0.015,0.0492,0.3277
0.02,0.13999999999999996,0.02,0.3665,0.3665
0.025,0.13999999999999996,0.02,0.3305,0.3317
0.030000000000000002,0.13999999999999996,0.02,0.2957,0.3029
0.035,0.13999999999999996,0.02,0.2554,0.287
0.04000000000000001,0.13999999999999996,0.02,0.2142,0.2746
0.045000000000000005,0.13999999999999996,0.02,0.178,0.2683
0.05,0.13999999999999996,0.02,0.1472,0.2655
0.05500000000000001,0.13999999999999996,0.02,0.1203,0.2644
0.06000000000000001,0.13999999999999996,0.02,0.0954,0.2635
0.065,0.13999999999999996,0.02,0.0761,0.2628
0.07,0.13999999999999996,0.02,0.0602,0.2618
0.07500000000000001,0.13999999999999996,0.02,0.0494,0.2609
0.08000000000000002,0.13999999999999996,0.02,0.0387,0.2601
0.02,0.13999999999999996,0.025,0.3665,0.3665
0.025,0.13999999999999996,0.025,0.3305,0.3317
0.030000000000000002,0.13999999999999996,0.025,0.2957,0.3029
0.035,0.13999999999999996,0.025,0.2554,0.287
0.04000000000000001,0.13999999999999996,0.025,0.2142,0.2746
0.045000000000000005,0.13999999999999996,0.025,0.178,0.2683
0.05,0.13999999999999996,0.025,0.1472,0.2655
0.05500000000000001,0.13999999999999996,0.025,0.1203,0.2644
0.06000000000000001,0.13999999999999996,0.025,0.0954,0.2635
0.065,0.13999999999999996,0.025,0.0761,0.2628
0.07,0.13999999999999996,0.025,0.0602,0.2618
0.07500000000000001,0.13999999999999996,0.025,0.0494,0.2609
0.08000000000000002,0.13999999999999996,0.025,0.0387,0.2601
0.02,0.13999999999999996,0.03,0.3665,0.3665
0.025,0.13999999999999996,0.03,0.3305,0.3317
0.030000000000000002,0.13999999999999996,0.03,0.2957,0.3029
0.035,0.13999999999999996,0.03,0.2554,0.287
0.04000000000000001,0.13999999999999996,0.03,0.2142,0.2746
0.045000000000000005,0.13999999999999996,0.03,0.178,0.2683
0.05,0.13999999999999996,0.03,0.1472,0.2655
0.05500000000000001,0.13999999999999996,0.03,0.1203,0.2644
0.06000000000000001,0.13999999999999996,0.03,0.0954,0.2635
0.065,0.13999999999999996,0.03,0.0761,0.2628
0.07,0.13999999999999996,0.03,0.0602,0.2618
0.07500000000000001,0.13999999999999996,0.03,0.0494,0.2609
0.08000000000000002,0.13999999999999996,0.03,0.0387,0.2601
0.02,0.13999999999999996,0.035,0.3665,0.3665
0.025,0.13999999999999996,0.035,0.3305,0.3317
0.030000000000000002,0.13999999999999996,0.035,0.2957,0.3029
0.035,0.13999999999999996,0.035,0.2554,0.287
0.04000000000000001,0.13999999999999996,0.035,0.2142,0.2746
0.045000000000000005,0.13999999999999996,0.035,0.178,0.2683
0.05,0.13999999999999996,0.035,0.1472,0.2655
0.05500000000000001,0.13999999999999996,0.035,0.1203,0.2644
0.06000000000000001,0.13999999999999996,0.035,0.0954,0.2635
0.065,0.13999999999999996,0.035,0.0761,0.2628
0.07,0.13999999999999996,0.035,0.0602,0.2618
0.07500000000000001,0.13999999999999996,0.035,0.0494,0.2609
0.08000000000000002,0.13999999999999996,0.035,0.0387,0.2601
0.02,0.14499999999999996,-0.01,0.4626,0.4626
0.025,0.14499999999999996,-0.01,0.4158,0.4172
0.030000000000000002,0.14499999999999996,-0.01,0.3718,0.3812
0.035,0.14499999999999996,-0.01,0.3198,0.3599
0.04000000000000001,0.14499999999999996,-0.01,0.2697,0.3449
0.045000000000000005,0.14499999999999996,-0.01,0.225,0.3366
0.05,0.14499999999999996,-0.01,0.1862,0.3329
0.05500000000000001,0.14499999999999996,-0.01,0.1514,0.3314
0.06000000000000001,0.14499999999999996,-0.01,0.1201,0.3304
0.065,0.14499999999999996,-0.01,0.0953,0.3296
0.07,0.14499999999999996,-0.01,0.0752,0.3286
0.07500000000000001,0.14499999999999996,-0.01,0.0618,0.3274
0.08000000000000002,0.14499999999999996,-0.01,0.0492,0.3264
0.02,0.14499999999999996,-0.005,0.4626,0.4626
0.025,0.14499999999999996,-0.005,0.4158,0.4172
0.030000000000000002,0.14499999999999996,-0.005,0.3718,0.3812
0.035,0.14499999999999996,-0.005,0.3198,0.3599
0.04000000000000001,0.14499999999999996,-0.005,0.2697,0.3449
0.045000000000000005,0.14499999999999996,-0.005,0.225,0.3366
0.05,0.14499999999999996,-0.005,0.1862,0.3329
0.05500000000000001,0.14499999999999996,-0.005,0.1514,0.3314
0.06000000000000001,0.14499999999999996,-0.005,0.1201,0.3304
0.065,0.14499999999999996,-0.005,0.0953,0.3296
0.07,0.14499999999999996,-0.005,0.0752,0.3286
0.07500000000000001,0.14499999999999996,-0.005,0.0618,0.3274
0.08000000000000002,0.14499999999999996,-0.005,0.0492,0.3264
0.02,0.14499999999999996,0.0,0.4626,0.4626
0.025,0.14499999999999996,0.0,0.4158,0.4172
0.030000000000000002,0.14499999999999996,0.0,0.3718,0.3812
0.035,0.14499999999999996,0.0,0.3198,0.3599
0.04000000000000001,0.14499999999999996,0.0,0.2697,0.3449
0.045000000000000005,0.14499999999999996,0.0,0.225,0.3366
0.05,0.14499999999999996,0.0,0.1862,0.3329
0.05500000000000001,0.14499999999999996,0.0,0.1514,0.3314
0.06000000000000001,0.14499999999999996,0.0,0.1201,0.3304
0.065,0.14499999999999996,0.0,0.0953,0.3296
0.07,0.14499999999999996,0.0,0.0752,0.3286
0.07500000000000001,0.14499999999999996,0.0,0.0618,0.3274
0.08000000000000002,0.14499999999999996,0.0,0.0492,0.3264
0.02,0.14499999999999996,0.005,0.4626,0.4626
0.025,0.14499999999999996,0.005,0.4158,0.4172
0.030000000000000002,0.14499999999999996,0.005,0.3718,0.3812
0.035,0.14499999999999996,0.005,0.3198,0.3599
0.04000000000000001,0.14499999999999996,0.005,0.2697,0.3449
0.045000000000000005,0.14499999999999996,0.005,0.225,0.3366
0.05,0.14499999999999996,0.005,0.1862,0.3329
0.05500000000000001,0.14499999999999996,0.005,0.1514,0.3314
0.06000000000000001,0.14499999999999996,0.005,0.1201,0.3304
0.065,0.14499999999999996,0.005,0.0953,0.3296
0.07,0.14499999999999996,0.005,0.0752,0.3286
0.07500000000000001,0.14499999999999996,0.005,0.0618,0.3274
0.08000000000000002,0.14499999999999996,0.005,0.0492,0.3264
0.02,0.14499999999999996,0.01,0.4626,0.4626
0.025,0.14499999999999996,0.01,0.4158,0.4172
0.030000000000000002,0.14499999999999996,0.01,0.3718,0.3812
0.035,0.14499999999999996,0.01,0.3198,0.3599
0.04000000000000001,0.14499999999999996,0.01,0.2697,0.3449
0.045000000000000005,0.14499999999999996,0.01,0.225,0.3366
0.05,0.14499999999999996,0.01,0.1862,0.3329
0.05500000000000001,0.14499999999999996,0.01,0.1514,0.3314
0.06000000000000001,0.14499999999999996,0.01,0.1201,0.3304
0.065,0.14499999999999996,0.01,0.0953,0.3296
0.07,0.14499999999999996,0.01,0.0752,0.3286
0.07500000000000001,0.14499999999999996,0.01,0.0618,0.3274
0.08000000000000002,0.14499999999999996,0.01,0.0492,0.3264
0.02,0.14499999999999996,0.015,0.4626,0.4626
0.025,0.14499999999999996,0.015,0.4158,0.4172
0.030000000000000002,0.14499999999999996,0.015,0.3718,0.3812
0.035,0.14499999999999996,0.015,0.3198,0.3599
0.04000000000000001,0.14499999999999996,0.015,0.2697,0.3449
0.045000000000000005,0.14499999999999996,0.015,0.225,0.3366
0.05,0.14499999999999996,0.015,0.1862,0.3329
0.05500000000000001,0.14499999999999996,0.015,0.1514,0.3314
0.06000000000000001,0.14499999999999996,0.015,0.1201,0.3304
0.065,0.14499999999999996,0.015,0.0953,0.3296
0.07,0.14499999999999996,0.015,0.0752,0.3286
0.07500000000000001,0.14499999999999996,0.015,0.0618,0.3274
0.08000000000000002,0.14499999999999996,0.015,0.0492,0.3264
0.02,0.14499999999999996,0.02,0.3659,0.3659
0.025,0.14499999999999996,0.02,0.3293,0.3306
0.030000000000000002,0.14499999999999996,0.02,0.2951,0.3023
0.035,0.14499999999999996,0.02,0.2547,0.2861
0.04000000000000001,0.14499999999999996,0.02,0.2139,0.274
0.045000000000000005,0.14499999999999996,0.02,0.1777,0.2675
0.05,0.14499999999999996,0.02,0.1469,0.2645
0.05500000000000001,0.14499999999999996,0.02,0.1198,0.2634
0.06000000000000001,0.14499999999999996,0.02,0.0951,0.2626
0.065,0.14499999999999996,0.02,0.076,0.2619
0.07,0.14499999999999996,0.02,0.06,0.261
0.07500000000000001,0.14499999999999996,0.02,0.0493,0.2601
0.08000000000000002,0.14499999999999996,0.02,0.0387,0.2593
0.02,0.14499999999999996,0.025,0.3659,0.3659
0.025,0.14499999999999996,0.025,0.3293,0.3306
0.030000000000000002,0.14499999999999996,0.025,0.2951,0.3023
0.035,0.14499999999999996,0.025,0.2547,0.2861
0.04000000000000001,0.14499999999999996,0.025,0.2139,0.274
0.045000000000000005,0.14499999999999996,0.025,0.1777,0.2675
0.05,0.14499999999999996,0.025,0.1469,0.2645
0.05500000000000001,0.14499999999999996,0.025,0.1198,0.2634
0.06000000000000001,0.14499999999999996,0.025,0.0951,0.2626
0.065,0.14499999999999996,0.025,0.076,0.2619
0.07,0.14499999999999996,0.025,0.06,0.261
0.07500000000000001,0.14499999999999996,0.025,0.0493,0.2601
0.08000000000000002,0.14499999999999996,0.025,0.0387,0.2593
0.02,0.14499999999999996,0.03,0.3659,0.3659
0.025,0.14499999999999996,0.03,0.3293,0.3306
0.030000000000000002,0.14499999999999996,0.03,0.2951,0.3023
0.035,0.14499999999999996,0.03,0.2547,0.2861
0.04000000000000001,0.14499999999999996,0.03,0.2139,0.274
0.045000000000000005,0.14499999999999996,0.03,0.1777,0.2675
0.05,0.14499999999999996,0.03,0.1469,0.2645
0.05500000000000001,0.14499999999999996,0.03,0.1198,0.2634
0.06000000000000001,0.14499999999999996,0.03,0.0951,0.2626
0.065,0.14499999999999996,0.03,0.076,0.2619
0.07,0.14499999999999996,0.03,0.06,0.261
0.07500000000000001,0.14499999999999996,0.03,0.0493,0.2601
0.08000000000000002,0.14499999999999996,0.03,0.0387,0.2593
0.02,0.14499999999999996,0.035,0.3659,0.3659
0.025,0.14499999999999996,0.035,0.3293,0.3306
0.030000000000000002,0.14499999999999996,0.035,0.2951,0.3023
0.035,0.14499999999999996,0.035,0.2547,0.2861
0.04000000000000001,0.14499999999999996,0.035,0.2139,0.274
0.045000000000000005,0.14499999999999996,0.035,0.1777,0.2675
0.05,0.14499999999999996,0.035,0.1469,0.2645
0.05500000000000001,0.14499999999999996,0.035,0.1198,0.2634
0.06000000000000001,0.14499999999999996,0.035,0.0951,0.2626
0.065,0.14499999999999996,0.035,0.076,0.2619
0.07,0.14499999999999996,0.035,0.06,0.261
0.07500000000000001,0.14499999999999996,0.035,0.0493,0.2601
0.08000000000000002,0.14499999999999996,0.035,0.0387,0.2593
0.02,0.14999999999999997,-0.01,0.4615,0.4615
0.025,0.14999999999999997,-0.01,0.4154,0.4167
0.030000000000000002,0.14999999999999997,-0.01,0.371,0.3806
0.035,0.14999999999999997,-0.01,0.3192,0.3595
0.04000000000000001,0.14999999999999997,-0.01,0.2695,0.3446
0.045000000000000005,0.14999999999999997,-0.01,0.2244,0.3362
0.05,0.14999999999999997,-0.01,0.1859,0.3327
0.05500000000000001,0.14999999999999997,-0.01,0.1512,0.3313
0.06000000000000001,0.14999999999999997,-0.01,0.1199,0.3303
0.065,0.14999999999999997,-0.01,0.0952,0.3295
0.07,0.14999999999999997,-0.01,0.0752,0.3285
0.07500000000000001,0.14999999999999997,-0.01,0.0617,0.3272
0.08000000000000002,0.14999999999999997,-0.01,0.0492,0.3262
0.02,0.14999999999999997,-0.005,0.4615,0.4615
0.025,0.14999999999999997,-0.005,0.4154,0.4167
0.030000000000000002,0.14999999999999997,-0.005,0.371,0.3806
0.035,0.14999999999999997,-0.005,0.3192,0.3595
0.04000000000000001,0.14999999999999997,-0.005,0.2695,0.3446
0.045000000000000005,0.14999999999999997,-0.005,0.2244,0.3362
0.05,0.14999999999999997,-0.005,0.1859,0.3327
0.05500000000000001,0.14999999999999997,-0.005,0.1512,0.3313
0.06000000000000001,0.14999999999999997,-0.005,0.1199,0.3303
0.065,0.14999999999999997,-0.005,0.0952,0.3295
0.07,0.14999999999999997,-0.005,0.0752,0.3285
0.07500000000000001,0.14999999999999997,-0.005,0.0617,0.3272
0.08000000000000002,0.14999999999999997,-0.005,0.0492,0.3262
0.02,0.14999999999999997,0.0,0.4615,0.4615
0.025,0.14999999999999997,0.0,0.4154,0.4167
0.030000000000000002,0.14999999999999997,0.0,0.371,0.3806
0.035,0.14999999999999997,0.0,0.3192,0.3595
0.04000000000000001,0.14999999999999997,0.0,0.2695,0.3446
0.045000000000000005,0.14999999999999997,0.0,0.2244,0.3362
0.05,0.14999999999999997,0.0,0.1859,0.3327
0.05500000000000001,0.14999999999999997,0.0,0.1512,0.3313
0.06000000000000001,0.14999999999999997,0.0,0.1199,0.3303
0.065,0.14999999999999997,0.0,0.0952,0.3295
0.07,0.14999999999999997,0.0,0.0752,0.3285
0.07500000000000001,0.14999999999999997,0.0,0.0617,0.3272
0.08000000000000002,0.14999999999999997,0.0,0.0492,0.3262
0.02,0.14999999999999997,0.005,0.4615,0.4615
0.025,0.14999999999999997,0.005,0.4154,0.4167
0.030000000000000002,0.14999999999999997,0.005,0.371,0.3806
0.035,0.14999999999999997,0.005,0.3192,0.3595
0.04000000000000001,0.14999999999999997,0.005,0.2695,0.3446
0.045000000000000005,0.14999999999999997,0.005,0.2244,0.3362
0.05,0.14999999999999997,0.005,0.1859,0.3327
0.05500000000000001,0.14999999999999997,0.005,0.1512,0.3313
0.06000000000000001,0.14999999999999997,0.005,0.1199,0.3303
0.065,0.14999999999999997,0.005,0.0952,0.3295
0.07,0.14999999999999997,0.005,0.0752,0.3285
0.07500000000000001,0.14999999999999997,0.005,0.0617,0.3272
0.08000000000000002,0.14999999999999997,0.005,0.0492,0.3262
0.02,0.14999999999999997,0.01,0.4615,0.4615
0.025,0.14999999999999997,0.01,0.4154,0.4167
0.030000000000000002,0.14999999999999997,0.01,0.371,0.3806
0.035,0.14999999999999997,0.01,0.3192,0.3595
0.04000000000000001,0.14999999999999997,0.01,0.2695,0.3446
0.045000000000000005,0.14999999999999997,0.01,0.2244,0.3362
0.05,0.14999999999999997,0.01,0.1859,0.3327
0.05500000000000001,0.14999999999999997,0.01,0.1512,0.3313
0.06000000000000001,0.14999999999999997,0.01,0.1199,0.3303
0.065,0.14999999999999997,0.01,0.0952,0.3295
0.07,0.14999999999999997,0.01,0.0752,0.3285
0.07500000000000001,0.14999999999999997,0.01,0.0617,0.3272
0.08000000000000002,0.14999999999999997,0.01,0.0492,0.3262
0.02,0.14999999999999997,0.015,0.4615,0.4615
0.025,0.14999999999999997,0.015,0.4154,0.4167
0.030000000000000002,0.14999999999999997,0.015,0.371,0.3806
0.035,0.14999999999999997,0.015,0.3192,0.3595
0.04000000000000001,0.14999999999999997,0.015,0.2695,0.3446
0.045000000000000005,0.14999999999999997,0.015,0.2244,0.3362
0.05,0.14999999999999997,0.015,0.1859,0.3327
0.05500000000000001,0.14999999999999997,0.015,0.1512,0.3313
0.06000000000000001,0.14999999999999997,0.015,0.1199,0.3303
0.065,0.14999999999999997,0.015,0.0952,0.3295
0.07,0.14999999999999997,0.015,0.0752,0.3285
0.07500000000000001,0.14999999999999997,0.015,0.0617,0.3272
0.08000000000000002,0.14999999999999997,0.015,0.0492,0.3262
0.02,0.14999999999999997,0.02,0.3649,0.3649
0.025,0.14999999999999997,0.02,0.329,0.3302
0.030000000000000002,0.14999999999999997,0.02,0.2944,0.3018
0.035,0.14999999999999997,0.02,0.2544,0.2859
0.04000000000000001,0.14999999999999997,0.02,0.2138,0.2738
0.045000000000000005,0.14999999999999997,0.02,0.1771,0.2671
0.05,0.14999999999999997,0.02,0.1467,0.2643
0.05500000000000001,0.14999999999999997,0.02,0.1198,0.2633
0.06000000000000001,0.14999999999999997,0.02,0.095,0.2625
0.065,0.14999999999999997,0.02,0.0759,0.2618
0.07,0.14999999999999997,0.02,0.06,0.2609
0.07500000000000001,0.14999999999999997,0.02,0.0493,0.26
0.08000000000000002,0.14999999999999997,0.02,0.0387,0.2592
0.02,0.14999999999999997,0.025,0.3649,0.3649
0.025,0.14999999999999997,0.025,0.329,0.3302
0.030000000000000002,0.14999999999999997,0.025,0.2944,0.3018
0.035,0.14999999999999997,0.025,0.2544,0.2859
0.04000000000000001,0.14999999999999997,0.025,0.2138,0.2738
0.045000000000000005,0.14999999999999997,0.025,0.1771,0.2671
0.05,0.14999999999999997,0.025,0.1467,0.2643
0.05500000000000001,0.14999999999999997,0.025,0.1198,0.2633
0.06000000000000001,0.14999999999999997,0.025,0.095,0.2625
0.065,0.14999999999999997,0.025,0.0759,0.2618
0.07,0.14999999999999997,0.025,0.06,0.2609
0.07500000000000001,0.14999999999999997,0.025,0.0493,0.26
0.08000000000000002,0.14999999999999997,0.025,0.0387,0.2592
0.02,0.14999999999999997,0.03,0.3649,0.3649
0.025,0.14999999999999997,0.03,0.329,0.3302
0.030000000000000002,0.14999999999999997,0.03,0.2944,0.3018
0.035,0.14999999999999997,0.03,0.2544,0.2859
0.04000000000000001,0.14999999999999997,0.03,0.2138,0.2738
0.045000000000000005,0.14999999999999997,0.03,0.1771,0.2671
0.05,0.14999999999999997,0.03,0.1467,0.2643
0.05500000000000001,0.14999999999999997,0.03,0.1198,0.2633
0.06000000000000001,0.14999999999999997,0.03,0.095,0.2625
0.065,0.14999999999999997,0.03,0.0759,0.2618
0.07,0.14999999999999997,0.03,0.06,0.2609
0.07500000000000001,0.14999999999999997,0.03,0.0493,0.26
0.08000000000000002,0.14999999999999997,0.03,0.0387,0.2592
0.02,0.14999999999999997,0.035,0.3649,0.3649
0.025,0.14999999999999997,0.035,0.329,0.3302
0.030000000000000002,0.14999999999999997,0.035,0.2944,0.3018
0.035,0.14999999999999997,0.035,0.2544,0.2859
0.04000000000000001,0.14999999999999997,0.035,0.2138,0.2738
0.045000000000000005,0.14999999999999997,0.035,0.1771,0.2671
0.05,0.14999999999999997,0.035,0.1467,0.2643
0.05500000000000001,0.14999999999999997,0.035,0.1198,0.2633
0.06000000000000001,0.14999999999999997,0.035,0.095,0.2625
0.065,0.14999999999999997,0.035,0.0759,0.2618
0.07,0.14999999999999997,0.035,0.06,0.2609
0.07500000000000001,0.14999999999999997,0.035,0.0493,0.26
0.08000000000000002,0.14999999999999997,0.035,0.0387,0.2592
0.02,0.15499999999999994,-0.01,0.4613,0.4613
0.025,0.15499999999999994,-0.01,0.415,0.4163
0.030000000000000002,0.15499999999999994,-0.01,0.3703,0.3802
0.035,0.15499999999999994,-0.01,0.3192,0.3594
0.04000000000000001,0.15499999999999994,-0.01,0.2692,0.3443
0.045000000000000005,0.15499999999999994,-0.01,0.2242,0.3361
0.05,0.15499999999999994,-0.01,0.1858,0.3326
0.05500000000000001,0.15499999999999994,-0.01,0.1512,0.3312
0.06000000000000001,0.15499999999999994,-0.01,0.1199,0.33
0.065,0.15499999999999994,-0.01,0.0951,0.3292
0.07,0.15499999999999994,-0.01,0.0752,0.3282
0.07500000000000001,0.15499999999999994,-0.01,0.0617,0.327
0.08000000000000002,0.15499999999999994,-0.01,0.0492,0.326
0.02,0.15499999999999994,-0.005,0.4613,0.4613
0.025,0.15499999999999994,-0.005,0.415,0.4163
0.030000000000000002,0.15499999999999994,-0.005,0.3703,0.3802
0.035,0.15499999999999994,-0.005,0.3192,0.3594
0.04000000000000001,0.15499999999999994,-0.005,0.2692,0.3443
0.045000000000000005,0.15499999999999994,-0.005,0.2242,0.3361
0.05,0.15499999999999994,-0.005,0.1858,0.3326
0.05500000000000001,0.15499999999999994,-0.005,0.1512,0.3312
0.06000000000000001,0.15499999999999994,-0.005,0.1199,0.33
0.065,0.15499999999999994,-0.005,0.0951,0.3292
0.07,0.15499999999999994,-0.005,0.0752,0.3282
0.07500000000000001,0.15499999999999994,-0.005,0.0617,0.327
0.08000000000000002,0.15499999999999994,-0.005,0.0492,0.326
0.02,0.15499999999999994,0.0,0.4613,0.4613
0.025,0.15499999999999994,0.0,0.415,0.4163
0.030000000000000002,0.15499999999999994,0.0,0.3703,0.3802
0.035,0.15499999999999994,0.0,0.3192,0.3594
0.04000000000000001,0.15499999999999994,0.0,0.2692,0.3443
0.045000000000000005,0.15499999999999994,0.0,0.2242,0.3361
0.05,0.15499999999999994,0.0,0.1858,0.3326
0.05500000000000001,0.15499999999999994,0.0,0.1512,0.3312
0.06000000000000001,0.15499999999999994,0.0,0.1199,0.33
0.065,0.15499999999999994,0.0,0.0951,0.3292
0.07,0.15499999999999994,0.0,0.0752,0.3282
0.07500000000000001,0.15499999999999994,0.0,0.0617,0.327
0.08000000000000002,0.15499999999999994,0.0,0.0492,0.326
0.02,0.15499999999999994,0.005,0.4613,0.4613
0.025,0.15499999999999994,0.005,0.415,0.4163
0.030000000000000002,0.15499999999999994,0.005,0.3703,0.3802
0.035,0.15499999999999994,0.005,0.3192,0.3594
0.04000000000000001,0.15499999999999994,0.005,0.2692,0.3443
0.045000000000000005,0.15499999999999994,0.005,0.2242,0.3361
0.05,0.15499999999999994,0.005,0.1858,0.3326
0.05500000000000001,0.15499999999999994,0.005,0.1512,0.3312
0.06000000000000001,0.15499999999999994,0.005,0.1199,0.33
0.065,0.15499999999999994,0.005,0.0951,0.3292
0.07,0.15499999999999994,0.005,0.0752,0.3282
0.07500000000000001,0.15499999999999994,0.005,0.0617,0.327
0.08000000000000002,0.15499999999999994,0.005,0.0492,0.326
0.02,0.15499999999999994,0.01,0.4613,0.4613
0.025,0.15499999999999994,0.01,0.415,0.4163
0.030000000000000002,0.15499999999999994,0.01,0.3703,0.3802
0.035,0.15499999999999994,0.01,0.3192,0.3594
0.04000000000000001,0.15499999999999994,0.01,0.2692,0.3443
0.045000000000000005,0.15499999999999994,0.01,0.2242,0.3361
0.05,0.15499999999999994,0.01,0.1858,0.3326
0.05500000000000001,0.15499999999999994,0.01,0.1512,0.3312
0.06000000000000001,0.15499999999999994,0.01,0.1199,0.33
0.065,0.15499999999999994,0.01,0.0951,0.3292
0.07,0.15499999999999994,0.01,0.0752,0.3282
0.07500000000000001,0.15499999999999994,0.01,0.0617,0.327
0.08000000000000002,0.15499999999999994,0.01,0.0492,0.326
0.02,0.15499999999999994,0.015,0.4613,0.4613
0.025,0.15499999999999994,0.015,0.415,0.4163
0.030000000000000002,0.15499999999999994,0.015,0.3703,0.3802
0.035,0.15499999999999994,0.015,0.3192,0.3594
0.04000000000000001,0.15499999999999994,0.015,0.2692,0.3443
0.045000000000000005,0.15499999999999994,0.015,0.2242,0.3361
0.05,0.15499999999999994,0.015,0.1858,0.3326
0.05500000000000001,0.15499999999999994,0.015,0.1512,0.3312
0.06000000000000001,0.15499999999999994,0.015,0.1199,0.33
0.065,0.15499999999999994,0.015,0.0951,0.3292
0.07,0.15499999999999994,0.015,0.0752,0.3282
0.07500000000000001,0.15499999999999994,0.015,0.0617,0.327
0.08000000000000002,0.15499999999999994,0.015,0.0492,0.326
0.02,0.15499999999999994,0.02,0.3647,0.3647
0.025,0.15499999999999994,0.02,0.3286,0.3298
0.030000000000000002,0.15499999999999994,0.02,0.2937,0.3014
0.035,0.15499999999999994,0.02,0.2544,0.2858
0.04000000000000001,0.15499999999999994,0.02,0.2137,0.2737
0.045000000000000005,0.15499999999999994,0.02,0.177,0.267
0.05,0.15499999999999994,0.02,0.1466,0.2642
0.05500000000000001,0.15499999999999994,0.02,0.1198,0.2632
0.06000000000000001,0.15499999999999994,0.02,0.095,0.2623
0.065,0.15499999999999994,0.02,0.0758,0.2616
0.07,0.15499999999999994,0.02,0.06,0.2607
0.07500000000000001,0.15499999999999994,0.02,0.0493,0.2598
0.08000000000000002,0.15499999999999994,0.02,0.0387,0.259
0.02,0.15499999999999994,0.025,0.3647,0.3647
0.025,0.15499999999999994,0.025,0.3286,0.3298
0.030000000000000002,0.15499999999999994,0.025,0.2937,0.3014
0.035,0.15499999999999994,0.025,0.2544,0.2858
0.04000000000000001,0.15499999999999994,0.025,0.2137,0.2737
0.045000000000000005,0.15499999999999994,0.025,0.177,0.267
0.05,0.15499999999999994,0.025,0.1466,0.2642
0.05500000000000001,0.15499999999999994,0.025,0.1198,0.2632
0.06000000000000001,0.15499999999999994,0.025,0.095,0.2623
0.065,0.15499999999999994,0.025,0.0758,0.2616
0.07,0.15499999999999994,0.025,0.06,0.2607
0.07500000000000001,0.15499999999999994,0.025,0.0493,0.2598
0.08000000000000002,0.15499999999999994,0.025,0.0387,0.259
0.02,0.15499999999999994,0.03,0.3647,0.3647
0.025,0.15499999999999994,0.03,0.3286,0.3298
0.030000000000000002,0.15499999999999994,0.03,0.2937,0.3014
0.035,0.15499999999999994,0.03,0.2544,0.2858
0.04000000000000001,0.15499999999999994,0.03,0.2137,0.2737
0.045000000000000005,0.15499999999999994,0.03,0.177,0.267
0.05,0.15499999999999994,0.03,0.1466,0.2642
0.05500000000000001,0.15499999999999994,0.03,0.1198,0.2632
0.06000000000000001,0.15499999999999994,0.03,0.095,0.2623
0.065,0.15499999999999994,0.03,0.0758,0.2616
0.07,0.15499999999999994,0.03,0.06,0.2607
0.07500000000000001,0.15499999999999994,0.03,0.0493,0.2598
0.08000000000000002,0.15499999999999994,0.03,0.0387,0.259
0.02,0.15499999999999994,0.035,0.3647,0.3647
0.025,0.15499999999999994,0.035,0.3286,0.3298
0.030000000000000002,0.15499999999999994,0.035,0.2937,0.3014
0.035,0.15499999999999994,0.035,0.2544,0.2858
0.04000000000000001,0.15499999999999994,0.035,0.2137,0.2737
0.045000000000000005,0.15499999999999994,0.035,0.177,0.267
0.05,0.15499999999999994,0.035,0.1466,0.2642
0.05500000000000001,0.15499999999999994,0.035,0.1198,0.2632
0.06000000000000001,0.15499999999999994,0.035,0.095,0.2623
0.065,0.15499999999999994,0.035,0.0758,0.2616
0.07,0.15499999999999994,0.035,0.06,0.2607
0.07500000000000001,0.15499999999999994,0.035,0.0493,0.2598
0.08000000000000002,0.15499999999999994,0.035,0.0387,0.259
0.02,0.15999999999999995,-0.01,0.4611,0.4611
0.025,0.15999999999999995,-0.01,0.4149,0.4162
0.030000000000000002,0.15999999999999995,-0.01,0.3702,0.3801
0.035,0.15999999999999995,-0.01,0.3191,0.3592
0.04000000000000001,0.15999999999999995,-0.01,0.269,0.3441
0.045000000000000005,0.15999999999999995,-0.01,0.2241,0.3359
0.05,0.15999999999999995,-0.01,0.1858,0.3324
0.05500000000000001,0.15999999999999995,-0.01,0.1512,0.331
0.06000000000000001,0.15999999999999995,-0.01,0.1198,0.3299
0.065,0.15999999999999995,-0.01,0.0951,0.329
0.07,0.15999999999999995,-0.01,0.0752,0.328
0.07500000000000001,0.15999999999999995,-0.01,0.0617,0.3268
0.08000000000000002,0.15999999999999995,-0.01,0.0492,0.3258
0.02,0.15999999999999995,-0.005,0.4611,0.4611
0.025,0.15999999999999995,-0.005,0.4149,0.4162
0.030000000000000002,0.15999999999999995,-0.005,0.3702,0.3801
0.035,0.15999999999999995,-0.005,0.3191,0.3592
0.04000000000000001,0.15999999999999995,-0.005,0.269,0.3441
0.045000000000000005,0.15999999999999995,-0.005,0.2241,0.3359
0.05,0.15999999999999995,-0.005,0.1858,0.3324
0.05500000000000001,0.15999999999999995,-0.005,0.1512,0.331
0.06000000000000001,0.15999999999999995,-0.005,0.1198,0.3299
0.065,0.15999999999999995,-0.005,0.0951,0.329
0.07,0.15999999999999995,-0.005,0.0752,0.328
0.07500000000000001,0.15999999999999995,-0.005,0.0617,0.3268
0.08000000000000002,0.15999999999999995,-0.005,0.0492,0.3258
0.02,0.15999999999999995,0.0,0.4611,0.4611
0.025,0.15999999999999995,0.0,0.4149,0.4162
0.030000000000000002,0.15999999999999995,0.0,0.3702,0.3801
0.035,0.15999999999999995,0.0,0.3191,0.3592
0.04000000000000001,0.15999999999999995,0.0,0.269,0.3441
0.045000000000000005,0.15999999999999995,0.0,0.2241,0.3359
0.05,0.15999999999999995,0.0,0.1858,0.3324
0.05500000000000001,0.15999999999999995,0.0,0.1512,0.331
0.06000000000000001,0.15999999999999995,0.0,0.1198,0.3299
0.065,0.15999999999999995,0.0,0.0951,0.329
0.07,0.15999999999999995,0.0,0.0752,0.328
0.07500000000000001,0.15999999999999995,0.0,0.0617,0.3268
0.08000000000000002,0.15999999999999995,0.0,0.0492,0.3258
0.02,0.15999999999999995,0.005,0.4611,0.4611
0.025,0.15999999999999995,0.005,0.4149,0.4162
0.030000000000000002,0.15999999999999995,0.005,0.3702,0.3801
0.035,0.15999999999999995,0.005,0.3191,0.3592
0.04000000000000001,0.15999999999999995,0.005,0.269,0.3441
0.045000000000000005,0.15999999999999995,0.005,0.2241,0.3359
0.05,0.15999999999999995,0.005,0.1858,0.3324
0.05500000000000001,0.15999999999999995,0.005,0.1512,0.331
0.06000000000000001,0.15999999999999995,0.005,0.1198,0.3299
0.065,0.15999999999999995,0.005,0.0951,0.329
0.07,0.15999999999999995,0.005,0.0752,0.328
0.07500000000000001,0.15999999999999995,0.005,0.0617,0.3268
0.08000000000000002,0.15999999999999995,0.005,0.0492,0.3258
0.02,0.15999999999999995,0.01,0.4611,0.4611
0.025,0.15999999999999995,0.01,0.4149,0.4162
0.030000000000000002,0.15999999999999995,0.01,0.3702,0.3801
0.035,0.15999999999999995,0.01,0.3191,0.3592
0.04000000000000001,0.15999999999999995,0.01,0.269,0.3441
0.045000000000000005,0.15999999999999995,0.01,0.2241,0.3359
0.05,0.15999999999999995,0.01,0.1858,0.3324
0.05500000000000001,0.15999999999999995,0.01,0.1512,0.331
0.06000000000000001,0.15999999999999995,0.01,0.1198,0.3299
0.065,0.15999999999999995,0.01,0.0951,0.329
0.07,0.15999999999999995,0.01,0.0752,0.328
0.07500000000000001,0.15999999999999995,0.01,0.0617,0.3268
0.08000000000000002,0.15999999999999995,0.01,0.0492,0.3258
0.02,0.15999999999999995,0.015,0.4611,0.4611
0.025,0.15999999999999995,0.015,0.4149,0.4162
0.030000000000000002,0.15999999999999995,0.015,0.3702,0.3801
0.035,0.15999999999999995,0.015,0.3191,0.3592
0.04000000000000001,0.15999999999999995,0.015,0.269,0.3441
0.045000000000000005,0.15999999999999995,0.015,0.2241,0.3359
0.05,0.15999999999999995,0.015,0.1858,0.3324
0.05500000000000001,0.15999999999999995,0.015,0.1512,0.331
0.06000000000000001,0.15999999999999995,0.015,0.1198,0.3299
0.065,0.15999999999999995,0.015,0.0951,0.329
0.07,0.15999999999999995,0.015,0.0752,0.328
0.07500000000000001,0.15999999999999995,0.015,0.0617,0.3268
0.08000000000000002,0.15999999999999995,0.015,0.0492,0.3258
0.02,0.15999999999999995,0.02,0.3645,0.3645
0.025,0.15999999999999995,0.02,0.3285,0.3297
0.030000000000000002,0.15999999999999995,0.02,0.2936,0.3013
0.035,0.15999999999999995,0.02,0.2543,0.2856
0.04000000000000001,0.15999999999999995,0.02,0.2135,0.2735
0.045000000000000005,0.15999999999999995,0.02,0.1769,0.2668
0.05,0.15999999999999995,0.02,0.1466,0.264
0.05500000000000001,0.15999999999999995,0.02,0.1198,0.263
0.06000000000000001,0.15999999999999995,0.02,0.0949,0.2622
0.065,0.15999999999999995,0.02,0.0758,0.2615
0.07,0.15999999999999995,0.02,0.06,0.2606
0.07500000000000001,0.15999999999999995,0.02,0.0493,0.2597
0.08000000000000002,0.15999999999999995,0.02,0.0387,0.2589
0.02,0.15999999999999995,0.025,0.3645,0.3645
0.025,0.15999999999999995,0.025,0.3285,0.3297
0.030000000000000002,0.15999999999999995,0.025,0.2936,0.3013
0.035,0.15999999999999995,0.025,0.2543,0.2856
0.04000000000000001,0.15999999999999995,0.025,0.2135,0.2735
0.045000000000000005,0.15999999999999995,0.025,0.1769,0.2668
0.05,0.15999999999999995,0.025,0.1466,0.264
0.05500000000000001,0.15999999999999995,0.025,0.1198,0.263
0.06000000000000001,0.15999999999999995,0.025,0.0949,0.2622
0.065,0.15999999999999995,0.025,0.0758,0.2615
0.07,0.15999999999999995,0.025,0.06,0.2606
0.07500000000000001,0.15999999999999995,0.025,0.0493,0.2597
0.08000000000000002,0.15999999999999995,0.025,0.0387,0.2589
0.02,0.15999999999999995,0.03,0.3645,0.3645
0.025,0.15999999999999995,0.03,0.3285,0.3297
0.030000000000000002,0.15999999999999995,0.03,0.2936,0.3013
0.035,0.15999999999999995,0.03,0.2543,0.2856
0.04000000000000001,0.15999999999999995,0.03,0.2135,0.2735
0.045000000000000005,0.15999999999999995,0.03,0.1769,0.2668
0.05,0.15999999999999995,0.03,0.1466,0.264
0.05500000000000001,0.15999999999999995,0.03,0.1198,0.263
0.06000000000000001,0.15999999999999995,0.03,0.0949,0.2622
0.065,0.15999999999999995,0.03,0.0758,0.2615
0.07,0.15999999999999995,0.03,0.06,0.2606
0.07500000000000001,0.15999999999999995,0.03,0.0493,0.2597
0.08000000000000002,0.15999999999999995,0.03,0.0387,0.2589
0.02,0.15999999999999995,0.035,0.3645,0.3645
0.025,0.15999999999999995,0.035,0.3285,0.3297
0.030000000000000002,0.15999999999999995,0.035,0.2936,0.3013
0.035,0.15999999999999995,0.035,0.2543,0.2856
0.04000000000000001,0.15999999999999995,0.035,0.2135,0.2735
0.045000000000000005,0.15999999999999995,0.035,0.1769,0.2668
0.05,0.15999999999999995,0.035,0.1466,0.264
0.05500000000000001,0.15999999999999995,0.035,0.1198,0.263
0.06000000000000001,0.15999999999999995,0.035,0.0949,0.2622
0.065,0.15999999999999995,0.035,0.0758,0.2615
0.07,0.15999999999999995,0.035,0.06,0.2606
0.07500000000000001,0.15999999999999995,0.035,0.0493,0.2597
0.08000000000000002,0.15999999999999995,0.035,0.0387,0.2589
0.02,0.16499999999999995,-0.01,0.4611,0.4611
0.025,0.16499999999999995,-0.01,0.4149,0.4162
0.030000000000000002,0.16499999999999995,-0.01,0.3701,0.38
0.035,0.16499999999999995,-0.01,0.3191,0.3591
0.04000000000000001,0.16499999999999995,-0.01,0.269,0.344
0.045000000000000005,0.16499999999999995,-0.01,0.224,0.3358
0.05,0.16499999999999995,-0.01,0.1858,0.3323
0.05500000000000001,0.16499999999999995,-0.01,0.1512,0.3309
0.06000000000000001,0.16499999999999995,-0.01,0.1198,0.3298
0.065,0.16499999999999995,-0.01,0.0951,0.3289
0.07,0.16499999999999995,-0.01,0.0752,0.3279
0.07500000000000001,0.16499999999999995,-0.01,0.0617,0.3267
0.08000000000000002,0.16499999999999995,-0.01,0.0492,0.3257
0.02,0.16499999999999995,-0.005,0.4611,0.4611
0.025,0.16499999999999995,-0.005,0.4149,0.4162
0.030000000000000002,0.16499999999999995,-0.005,0.3701,0.38
0.035,0.16499999999999995,-0.005,0.3191,0.3591
0.04000000000000001,0.16499999999999995,-0.005,0.269,0.344
0.045000000000000005,0.16499999999999995,-0.005,0.224,0.3358
0.05,0.16499999999999995,-0.005,0.1858,0.3323
0.05500000000000001,0.16499999999999995,-0.005,0.1512,0.3309
0.06000000000000001,0.16499999999999995,-0.005,0.1198,0.3298
0.065,0.16499999999999995,-0.005,0.0951,0.3289
0.07,0.16499999999999995,-0.005,0.0752,0.3279
0.07500000000000001,0.16499999999999995,-0.005,0.0617,0.3267
0.08000000000000002,0.16499999999999995,-0.005,0.0492,0.3257
0.02,0.16499999999999995,0.0,0.4611,0.4611
0.025,0.16499999999999995,0.0,0.4149,0.4162
0.030000000000000002,0.16499999999999995,0.0,0.3701,0.38
0.035,0.16499999999999995,0.0,0.3191,0.3591
0.04000000000000001,0.16499999999999995,0.0,0.269,0.344
0.045000000000000005,0.16499999999999995,0.0,0.224,0.3358
0.05,0.16499999999999995,0.0,0.1858,0.3323
0.05500000000000001,0.16499999999999995,0.0,0.1512,0.3309
0.06000000000000001,0.16499999999999995,0.0,0.1198,0.3298
0.065,0.16499999999999995,0.0,0.0951,0.3289
0.07,0.16499999999999995,0.0,0.0752,0.3279
0.07500000000000001,0.16499999999999995,0.0,0.0617,0.3267
0.08000000000000002,0.16499999999999995,0.0,0.0492,0.3257
0.02,0.16499999999999995,0.005,0.4611,0.4611
0.025,0.16499999999999995,0.005,0.4149,0.4162
0.030000000000000002,0.16499999999999995,0.005,0.3701,0.38
0.035,0.16499999999999995,0.005,0.3191,0.3591
0.04000000000000001,0.16499999999999995,0.005,0.269,0.344
0.045000000000000005,0.16499999999999995,0.005,0.224,0.3358
0.05,0.16499999999999995,0.005,0.1858,0.3323
0.05500000000000001,0.16499999999999995,0.005,0.1512,0.3309
0.06000000000000001,0.16499999999999995,0.005,0.1198,0.3298
0.065,0.16499999999999995,0.005,0.0951,0.3289
0.07,0.16499999999999995,0.005,0.0752,0.3279
0.07500000000000001,0.16499999999999995,0.005,0.0617,0.3267
0.08000000000000002,0.16499999999999995,0.005,0.0492,0.3257
0.02,0.16499999999999995,0.01,0.4611,0.4611
0.025,0.16499999999999995,0.01,0.4149,0.4162
0.030000000000000002,0.16499999999999995,0.01,0.3701,0.38
0.035,0.16499999999999995,0.01,0.3191,0.3591
0.04000000000000001,0.16499999999999995,0.01,0.269,0.344
0.045000000000000005,0.16499999999999995,0.01,0.224,0.3358
0.05,0.16499999999999995,0.01,0.1858,0.3323
0.05500000000000001,0.16499999999999995,0.01,0.1512,0.3309
0.06000000000000001,0.16499999999999995,0.01,0.1198,0.3298
0.065,0.16499999999999995,0.01,0.0951,0.3289
0.07,0.16499999999999995,0.01,0.0752,0.3279
0.07500000000000001,0.16499999999999995,0.01,0.0617,0.3267
0.08000000000000002,0.16499999999999995,0.01,0.0492,0.3257
0.02,0.16499999999999995,0.015,0.4611,0.4611
0.025,0.16499999999999995,0.015,0.4149,0.4162
0.030000000000000002,0.16499999999999995,0.015,0.3701,0.38
0.035,0.16499999999999995,0.015,0.3191,0.3591
0.04000000000000001,0.16499999999999995,0.015,0.269,0.344
0.045000000000000005,0.16499999999999995,0.015,0.224,0.3358
0.05,0.16499999999999995,0.015,0.1858,0.3323
0.05500000000000001,0.16499999999999995,0.015,0.1512,0.3309
0.06000000000000001,0.16499999999999995,0.015,0.1198,0.3298
0.065,0.16499999999999995,0.015,0.0951,0.3289
0.07,0.16499999999999995,0.015,0.0752,0.3279
0.07500000000000001,0.16499999999999995,0.015,0.0617,0.3267
0.08000000000000002,0.16499999999999995,0.015,0.0492,0.3257
0.02,0.16499999999999995,0.02,0.3645,0.3645
0.025,0.16499999999999995,0.02,0.3285,0.3297
0.030000000000000002,0.16499999999999995,0.02,0.2935,0.3012
0.035,0.16499999999999995,0.02,0.2543,0.2855
0.04000000000000001,0.16499999999999995,0.02,0.2135,0.2734
0.045000000000000005,0.16499999999999995,0.02,0.1769,0.2667
0.05,0.16499999999999995,0.02,0.1466,0.2639
0.05500000000000001,0.16499999999999995,0.02,0.1198,0.2629
0.06000000000000001,0.16499999999999995,0.02,0.0949,0.2621
0.065,0.16499999999999995,0.02,0.0758,0.2614
0.07,0.16499999999999995,0.02,0.06,0.2605
0.07500000000000001,0.16499999999999995,0.02,0.0493,0.2596
0.08000000000000002,0.16499999999999995,0.02,0.0387,0.2588
0.02,0.16499999999999995,0.025,0.3645,0.3645
0.025,0.16499999999999995,0.025,0.3285,0.3297
0.030000000000000002,0.16499999999999995,0.025,0.2935,0.3012
0.035,0.16499999999999995,0.025,0.2543,0.2855
0.04000000000000001,0.16499999999999995,0.025,0.2135,0.2734
0.045000000000000005,0.16499999999999995,0.025,0.1769,0.2667
0.05,0.16499999999999995,0.025,0.1466,0.2639
0.05500000000000001,0.16499999999999995,0.025,0.1198,0.2629
0.06000000000000001,0.16499999999999995,0.025,0.0949,0.2621
0.065,0.16499999999999995,0.025,0.0758,0.2614
0.07,0.16499999999999995,0.025,0.06,0.2605
0.07500000000000001,0.16499999999999995,0.025,0.0493,0.2596
0.08000000000000002,0.16499999999999995,0.025,0.0387,0.2588
0.02,0.16499999999999995,0.03,0.3645,0.3645
0.025,0.16499999999999995,0.03,0.3285,0.3297
0.030000000000000002,0.16499999999999995,0.03,0.2935,0.3012
0.035,0.16499999999999995,0.03,0.2543,0.2855
0.04000000000000001,0.16499999999999995,0.03,0.2135,0.2734
0.045000000000000005,0.16499999999999995,0.03,0.1769,0.2667
0.05,0.16499999999999995,0.03,0.1466,0.2639
0.05500000000000001,0.16499999999999995,0.03,0.1198,0.2629
0.06000000000000001,0.16499999999999995,0.03,0.0949,0.2621
0.065,0.16499999999999995,0.03,0.0758,0.2614
0.07,0.16499999999999995,0.03,0.06,0.2605
0.07500000000000001,0.16499999999999995,0.03,0.0493,0.2596
0.08000000000000002,0.16499999999999995,0.03,0.0387,0.2588
0.02,0.16499999999999995,0.035,0.3645,0.3645
0.025,0.16499999999999995,0.035,0.3285,0.3297
0.030000000000000002,0.16499999999999995,0.035,0.2935,0.3012
0.035,0.16499999999999995,0.035,0.2543,0.2855
0.04000000000000001,0.16499999999999995,0.035,0.2135,0.2734
0.045000000000000005,0.16499999999999995,0.035,0.1769,0.2667
0.05,0.16499999999999995,0.035,0.1466,0.2639
0.05500000000000001,0.16499999999999995,0.035,0.1198,0.2629
0.06000000000000001,0.16499999999999995,0.035,0.0949,0.2621
0.065,0.16499999999999995,0.035,0.0758,0.2614
0.07,0.16499999999999995,0.035,0.06,0.2605
0.07500000000000001,0.16499999999999995,0.035,0.0493,0.2596
0.08000000000000002,0.16499999999999995,0.035,0.0387,0.2588
0.02,0.16999999999999993,-0.01,0.4611,0.4611
0.025,0.16999999999999993,-0.01,0.4149,0.4162
0.030000000000000002,0.16999999999999993,-0.01,0.3701,0.38
0.035,0.16999999999999993,-0.01,0.3191,0.3591
0.04000000000000001,0.16999999999999993,-0.01,0.269,0.344
0.045000000000000005,0.16999999999999993,-0.01,0.2239,0.3358
0.05,0.16999999999999993,-0.01,0.1858,0.3323
0.05500000000000001,0.16999999999999993,-0.01,0.1512,0.3309
0.06000000000000001,0.16999999999999993,-0.01,0.1198,0.3298
0.065,0.16999999999999993,-0.01,0.0951,0.3289
0.07,0.16999999999999993,-0.01,0.0752,0.3279
0.07500000000000001,0.16999999999999993,-0.01,0.0617,0.3267
0.08000000000000002,0.16999999999999993,-0.01,0.0492,0.3257
0.02,0.16999999999999993,-0.005,0.4611,0.4611
0.025,0.16999999999999993,-0.005,0.4149,0.4162
0.030000000000000002,0.16999999999999993,-0.005,0.3701,0.38
0.035,0.16999999999999993,-0.005,0.3191,0.3591
0.04000000000000001,0.16999999999999993,-0.005,0.269,0.344
0.045000000000000005,0.16999999999999993,-0.005,0.2239,0.3358
0.05,0.16999999999999993,-0.005,0.1858,0.3323
0.05500000000000001,0.16999999999999993,-0.005,0.1512,0.3309
0.06000000000000001,0.16999999999999993,-0.005,0.1198,0.3298
0.065,0.16999999999999993,-0.005,0.0951,0.3289
0.07,0.16999999999999993,-0.005,0.0752,0.3279
0.07500000000000001,0.16999999999999993,-0.005,0.0617,0.3267
0.08000000000000002,0.16999999999999993,-0.005,0.0492,0.3257
0.02,0.16999999999999993,0.0,0.4611,0.4611
0.025,0.16999999999999993,0.0,0.4149,0.4162
0.030000000000000002,0.16999999999999993,0.0,0.3701,0.38
0.035,0.16999999999999993,0.0,0.3191,0.3591
0.04000000000000001,0.16999999999999993,0.0,0.269,0.344
0.045000000000000005,0.16999999999999993,0.0,0.2239,0.3358
0.05,0.16999999999999993,0.0,0.1858,0.3323
0.05500000000000001,0.16999999999999993,0.0,0.1512,0.3309
0.06000000000000001,0.16999999999999993,0.0,0.1198,0.3298
0.065,0.16999999999999993,0.0,0.0951,0.3289
0.07,0.16999999999999993,0.0,0.0752,0.3279
0.07500000000000001,0.16999999999999993,0.0,0.0617,0.3267
0.08000000000000002,0.16999999999999993,0.0,0.0492,0.3257
0.02,0.16999999999999993,0.005,0.4611,0.4611
0.025,0.16999999999999993,0.005,0.4149,0.4162
0.030000000000000002,0.16999999999999993,0.005,0.3701,0.38
0.035,0.16999999999999993,0.005,0.3191,0.3591
0.04000000000000001,0.16999999999999993,0.005,0.269,0.344
0.045000000000000005,0.16999999999999993,0.005,0.2239,0.3358
0.05,0.16999999999999993,0.005,0.1858,0.3323
0.05500000000000001,0.16999999999999993,0.005,0.1512,0.3309
0.06000000000000001,0.16999999999999993,0.005,0.1198,0.3298
0.065,0.16999999999999993,0.005,0.0951,0.3289
0.07,0.16999999999999993,0.005,0.0752,0.3279
0.07500000000000001,0.16999999999999993,0.005,0.0617,0.3267
0.08000000000000002,0.16999999999999993,0.005,0.0492,0.3257
0.02,0.16999999999999993,0.01,0.4611,0.4611
0.025,0.16999999999999993,0.01,0.4149,0.4162
0.030000000000000002,0.16999999999999993,0.01,0.3701,0.38
0.035,0.16999999999999993,0.01,0.3191,0.3591
0.04000000000000001,0.16999999999999993,0.01,0.269,0.344
0.045000000000000005,0.16999999999999993,0.01,0.2239,0.3358
0.05,0.16999999999999993,0.01,0.1858,0.3323
0.05500000000000001,0.16999999999999993,0.01,0.1512,0.3309
0.06000000000000001,0.16999999999999993,0.01,0.1198,0.3298
0.065,0.16999999999999993,0.01,0.0951,0.3289
0.07,0.16999999999999993,0.01,0.0752,0.3279
0.07500000000000001,0.16999999999999993,0.01,0.0617,0.3267
0.08000000000000002,0.16999999999999993,0.01,0.0492,0.3257
0.02,0.16999999999999993,0.015,0.4611,0.4611
0.025,0.16999999999999993,0.015,0.4149,0.4162
0.030000000000000002,0.16999999999999993,0.015,0.3701,0.38
0.035,0.16999999999999993,0.015,0.3191,0.3591
0.04000000000000001,0.16999999999999993,0.015,0.269,0.344
0.045000000000000005,0.16999999999999993,0.015,0.2239,0.3358
0.05,0.16999999999999993,0.015,0.1858,0.3323
0.05500000000000001,0.16999999999999993,0.015,0.1512,0.3309
0.06000000000000001,0.16999999999999993,0.015,0.1198,0.3298
0.065,0.16999999999999993,0.015,0.0951,0.3289
0.07,0.16999999999999993,0.015,0.0752,0.3279
0.07500000000000001,0.16999999999999993,0.015,0.0617,0.3267
0.08000000000000002,0.16999999999999993,0.015,0.0492,0.3257
0.02,0.16999999999999993,0.02,0.3645,0.3645
0.025,0.16999999999999993,0.02,0.3285,0.3297
0.030000000000000002,0.16999999999999993,0.02,0.2935,0.3012
0.035,0.16999999999999993,0.02,0.2543,0.2855
0.04000000000000001,0.16999999999999993,0.02,0.2135,0.2734
0.045000000000000005,0.16999999999999993,0.02,0.1768,0.2667
0.05,0.16999999999999993,0.02,0.1466,0.2639
0.05500000000000001,0.16999999999999993,0.02,0.1198,0.2629
0.06000000000000001,0.16999999999999993,0.02,0.0949,0.2621
0.065,0.16999999999999993,0.02,0.0758,0.2614
0.07,0.16999999999999993,0.02,0.06,0.2605
0.07500000000000001,0.16999999999999993,0.02,0.0493,0.2596
0.08000000000000002,0.16999999999999993,0.02,0.0387,0.2588
0.02,0.16999999999999993,0.025,0.3645,0.3645
0.025,0.16999999999999993,0.025,0.3285,0.3297
0.030000000000000002,0.16999999999999993,0.025,0.2935,0.3012
0.035,0.16999999999999993,0.025,0.2543,0.2855
0.04000000000000001,0.16999999999999993,0.025,0.2135,0.2734
0.045000000000000005,0.16999999999999993,0.025,0.1768,0.2667
0.05,0.16999999999999993,0.025,0.1466,0.2639
0.05500000000000001,0.16999999999999993,0.025,0.1198,0.2629
0.06000000000000001,0.16999999999999993,0.025,0.0949,0.2621
0.065,0.16999999999999993,0.025,0.0758,0.2614
0.07,0.16999999999999993,0.025,0.06,0.2605
0.07500000000000001,0.16999999999999993,0.025,0.0493,0.2596
0.08000000000000002,0.16999999999999993,0.025,0.0387,0.2588
0.02,0.16999999999999993,0.03,0.3645,0.3645
0.025,0.16999999999999993,0.03,0.3285,0.3297
0.030000000000000002,0.16999999999999993,0.03,0.2935,0.3012
0.035,0.16999999999999993,0.03,0.2543,0.2855
0.04000000000000001,0.16999999999999993,0.03,0.2135,0.2734
0.045000000000000005,0.16999999999999993,0.03,0.1768,0.2667
0.05,0.16999999999999993,0.03,0.1466,0.2639
0.05500000000000001,0.16999999999999993,0.03,0.1198,0.2629
0.06000000000000001,0.16999999999999993,0.03,0.0949,0.2621
0.065,0.16999999999999993,0.03,0.0758,0.2614
0.07,0.16999999999999993,0.03,0.06,0.2605
0.07500000000000001,0.16999999999999993,0.03,0.0493,0.2596
0.08000000000000002,0.16999999999999993,0.03,0.0387,0.2588
0.02,0.16999999999999993,0.035,0.3645,0.3645
0.025,0.16999999999999993,0.035,0.3285,0.3297
0.030000000000000002,0.16999999999999993,0.035,0.2935,0.3012
0.035,0.16999999999999993,0.035,0.2543,0.2855
0.04000000000000001,0.16999999999999993,0.035,0.2135,0.2734
0.045000000000000005,0.16999999999999993,0.035,0.1768,0.2667
0.05,0.16999999999999993,0.035,0.1466,0.2639
0.05500000000000001,0.16999999999999993,0.035,0.1198,0.2629
0.06000000000000001,0.16999999999999993,0.035,0.0949,0.2621
0.065,0.16999999999999993,0.035,0.0758,0.2614
0.07,0.16999999999999993,0.035,0.06,0.2605
0.07500000000000001,0.16999999999999993,0.035,0.0493,0.2596
0.08000000000000002,0.16999999999999993,0.035,0.0387,0.2588
0.02,0.17499999999999993,-0.01,0.4611,0.4611
0.025,0.17499999999999993,-0.01,0.4149,0.4162
0.030000000000000002,0.17499999999999993,-0.01,0.3701,0.38
0.035,0.17499999999999993,-0.01,0.3191,0.3591
0.04000000000000001,0.17499999999999993,-0.01,0.269,0.344
0.045000000000000005,0.17499999999999993,-0.01,0.2239,0.3358
0.05,0.17499999999999993,-0.01,0.1858,0.3323
0.05500000000000001,0.17499999999999993,-0.01,0.1512,0.3309
0.06000000000000001,0.17499999999999993,-0.01,0.1198,0.3298
0.065,0.17499999999999993,-0.01,0.0951,0.3289
0.07,0.17499999999999993,-0.01,0.0752,0.3279
0.07500000000000001,0.17499999999999993,-0.01,0.0617,0.3267
0.08000000000000002,0.17499999999999993,-0.01,0.0492,0.3257
0.02,0.17499999999999993,-0.005,0.4611,0.4611
0.025,0.17499999999999993,-0.005,0.4149,0.4162
0.030000000000000002,0.17499999999999993,-0.005,0.3701,0.38
0.035,0.17499999999999993,-0.005,0.3191,0.3591
0.04000000000000001,0.17499999999999993,-0.005,0.269,0.344
0.045000000000000005,0.17499999999999993,-0.005,0.2239,0.3358
0.05,0.17499999999999993,-0.005,0.1858,0.3323
0.05500000000000001,0.17499999999999993,-0.005,0.1512,0.3309
0.06000000000000001,0.17499999999999993,-0.005,0.1198,0.3298
0.065,0.17499999999999993,-0.005,0.0951,0.3289
0.07,0.17499999999999993,-0.005,0.0752,0.3279
0.07500000000000001,0.17499999999999993,-0.005,0.0617,0.3267
0.08000000000000002,0.17499999999999993,-0.005,0.0492,0.3257
0.02,0.17499999999999993,0.0,0.4611,0.4611
0.025,0.17499999999999993,0.0,0.4149,0.4162
0.030000000000000002,0.17499999999999993,0.0,0.3701,0.38
0.035,0.17499999999999993,0.0,0.3191,0.3591
0.04000000000000001,0.17499999999999993,0.0,0.269,0.344
0.045000000000000005,0.17499999999999993,0.0,0.2239,0.3358
0.05,0.17499999999999993,0.0,0.1858,0.3323
0.05500000000000001,0.17499999999999993,0.0,0.1512,0.3309
0.06000000000000001,0.17499999999999993,0.0,0.1198,0.3298
0.065,0.17499999999999993,0.0,0.0951,0.3289
0.07,0.17499999999999993,0.0,0.0752,0.3279
0.07500000000000001,0.17499999999999993,0.0,0.0617,0.3267
0.08000000000000002,0.17499999999999993,0.0,0.0492,0.3257
0.02,0.17499999999999993,0.005,0.4611,0.4611
0.025,0.17499999999999993,0.005,0.4149,0.4162
0.030000000000000002,0.17499999999999993,0.005,0.3701,0.38
0.035,0.17499999999999993,0.005,0.3191,0.3591
0.04000000000000001,0.17499999999999993,0.005,0.269,0.344
0.045000000000000005,0.17499999999999993,0.005,0.2239,0.3358
0.05,0.17499999999999993,0.005,0.1858,0.3323
0.05500000000000001,0.17499999999999993,0.005,0.1512,0.3309
0.06000000000000001,0.17499999999999993,0.005,0.1198,0.3298
0.065,0.17499999999999993,0.005,0.0951,0.3289
0.07,0.17499999999999993,0.005,0.0752,0.3279
0.07500000000000001,0.17499999999999993,0.005,0.0617,0.3267
0.08000000000000002,0.17499999999999993,0.005,0.0492,0.3257
0.02,0.17499999999999993,0.01,0.4611,0.4611
0.025,0.17499999999999993,0.01,0.4149,0.4162
0.030000000000000002,0.17499999999999993,0.01,0.3701,0.38
0.035,0.17499999999999993,0.01,0.3191,0.3591
0.04000000000000001,0.17499999999999993,0.01,0.269,0.344
0.045000000000000005,0.17499999999999993,0.01,0.2239,0.3358
0.05,0.17499999999999993,0.01,0.1858,0.3323
0.05500000000000001,0.17499999999999993,0.01,0.1512,0.3309
0.06000000000000001,0.17499999999999993,0.01,0.1198,0.3298
0.065,0.17499999999999993,0.01,0.0951,0.3289
0.07,0.17499999999999993,0.01,0.0752,0.3279
0.07500000000000001,0.17499999999999993,0.01,0.0617,0.3267
0.08000000000000002,0.17499999999999993,0.01,0.0492,0.3257
0.02,0.17499999999999993,0.015,0.4611,0.4611
0.025,0.17499999999999993,0.015,0.4149,0.4162
0.030000000000000002,0.17499999999999993,0.015,0.3701,0.38
0.035,0.17499999999999993,0.015,0.3191,0.3591
0.04000000000000001,0.17499999999999993,0.015,0.269,0.344
0.045000000000000005,0.17499999999999993,0.015,0.2239,0.3358
0.05,0.17499999999999993,0.015,0.1858,0.3323
0.05500000000000001,0.17499999999999993,0.015,0.1512,0.3309
0.06000000000000001,0.17499999999999993,0.015,0.1198,0.3298
0.065,0.17499999999999993,0.015,0.0951,0.3289
0.07,0.17499999999999993,0.015,0.0752,0.3279
0.07500000000000001,0.17499999999999993,0.015,0.0617,0.3267
0.08000000000000002,0.17499999999999993,0.015,0.0492,0.3257
0.02,0.17499999999999993,0.02,0.3645,0.3645
0.025,0.17499999999999993,0.02,0.3285,0.3297
0.030000000000000002,0.17499999999999993,0.02,0.2935,0.3012
0.035,0.17499999999999993,0.02,0.2543,0.2855
0.04000000000000001,0.17499999999999993,0.02,0.2135,0.2734
0.045000000000000005,0.17499999999999993,0.02,0.1768,0.2667
0.05,0.17499999999999993,0.02,0.1466,0.2639
0.05500000000000001,0.17499999999999993,0.02,0.1198,0.2629
0.06000000000000001,0.17499999999999993,0.02,0.0949,0.2621
0.065,0.17499999999999993,0.02,0.0758,0.2614
0.07,0.17499999999999993,0.02,0.06,0.2605
0.07500000000000001,0.17499999999999993,0.02,0.0493,0.2596
0.08000000000000002,0.17499999999999993,0.02,0.0387,0.2588
0.02,0.17499999999999993,0.025,0.3645,0.3645
0.025,0.17499999999999993,0.025,0.3285,0.3297
0.030000000000000002,0.17499999999999993,0.025,0.2935,0.3012
0.035,0.17499999999999993,0.025,0.2543,0.2855
0.04000000000000001,0.17499999999999993,0.025,0.2135,0.2734
0.045000000000000005,0.17499999999999993,0.025,0.1768,0.2667
0.05,0.17499999999999993,0.025,0.1466,0.2639
0.05500000000000001,0.17499999999999993,0.025,0.1198,0.2629
0.06000000000000001,0.17499999999999993,0.025,0.0949,0.2621
0.065,0.17499999999999993,0.025,0.0758,0.2614
0.07,0.17499999999999993,0.025,0.06,0.2605
0.07500000000000001,0.17499999999999993,0.025,0.0493,0.2596
0.08000000000000002,0.17499999999999993,0.025,0.0387,0.2588
0.02,0.17499999999999993,0.03,0.3645,0.3645
0.025,0.17499999999999993,0.03,0.3285,0.3297
0.030000000000000002,0.17499999999999993,0.03,0.2935,0.3012
0.035,0.17499999999999993,0.03,0.2543,0.2855
0.04000000000000001,0.17499999999999993,0.03,0.2135,0.2734
0.045000000000000005,0.17499999999999993,0.03,0.1768,0.2667
0.05,0.17499999999999993,0.03,0.1466,0.2639
0.05500000000000001,0.17499999999999993,0.03,0.1198,0.2629
0.06000000000000001,0.17499999999999993,0.03,0.0949,0.2621
0.065,0.17499999999999993,0.03,0.0758,0.2614
0.07,0.17499999999999993,0.03,0.06,0.2605
0.07500000000000001,0.17499999999999993,0.03,0.0493,0.2596
0.08000000000000002,0.17499999999999993,0.03,0.0387,0.2588
0.02,0.17499999999999993,0.035,0.3645,0.3645
0.025,0.17499999999999993,0.035,0.3285,0.3297
0.030000000000000002,0.17499999999999993,0.035,0.2935,0.3012
0.035,0.17499999999999993,0.035,0.2543,0.2855
0.04000000000000001,0.17499999999999993,0.035,0.2135,0.2734
0.045000000000000005,0.17499999999999993,0.035,0.1768,0.2667
0.05,0.17499999999999993,0.035,0.1466,0.2639
0.05500000000000001,0.17499999999999993,0.035,0.1198,0.2629
0.06000000000000001,0.17499999999999993,0.035,0.0949,0.2621
0.065,0.17499999999999993,0.035,0.0758,0.2614
0.07,0.17499999999999993,0.035,0.06,0.2605
0.07500000000000001,0.17499999999999993,0.035,0.0493,0.2596
0.08000000000000002,0.17499999999999993,0.035,0.0387,0.2588
