leg,convention,irls_prestep,start_id,kind,sigma_rung,seed,converged,optimizer_converged,objective_finite,irls_converged,irls_iterations,eta_max,eta_min,max_abs_macro,failure,fit_error,optimizer_warning,fit_method,rate_gap_bps,burnout_orth,friction,penalized_objective,on_production_branch,l2_distance_to_production,l2_macro_distance_to_production
prod_warm,ddof0,True,0,warm_production,,,True,False,True,False,,5.795670004747393,-4868348.171614113,2.461329910512011,,"IRLS prestep raised: ValueError('NaN, inf or invalid value detected in weights, estimation infeasible.')",overflow encountered in exp; invalid value encountered in divide; invalid value encountered in multiply; divide by zero encountered in divide; invalid value encountered in multiply; divide by zero encountered in log; invalid value encountered in multiply; divide by zero encountered in divide; overflow encountered in divide; invalid value encountered in divide; divide by zero encountered in log; in,"ridge(alpha=0.0001, warm_start)",2.461329910512011,-0.19283775376907647,0.6794048232026807,20382293849144.7,False,1034.235712482083,1.9401248589832618
prod_warm,ddof0,True,1,cold,,,True,False,True,,,22.271552736550717,-27.67655165339363,0.6468566611612588,,,"GLM ridge optimization may have failed, |grad|=0.178197",ridge(alpha=0.0001),0.6468566611612588,-0.17126111626112517,-0.007112288418868083,1920053.7607715488,True,0.0,0.0
prod_warm,ddof0,True,2,dispersed,0.25,1000.0,True,False,True,False,,650.1119082337701,-4.428434849895014,0.5048689608754784,,"IRLS prestep raised: ValueError('NaN, inf or invalid value detected in weights, estimation infeasible.')","divide by zero encountered in divide; overflow encountered in divide; GLM ridge optimization may have failed, |grad|=nan","ridge(alpha=0.0001, warm_start)",0.5048689608754784,-0.09479072139125821,0.0426645702942584,2.1499941011440256e+278,False,0.434101267803986,0.16877785396000433
prod_warm,ddof0,True,3,dispersed,0.25,1001.0,False,False,False,False,,5729913.8134865165,8.926502364043998,0.41121455890513287,objective: exp overflow: max eta 5.73e+06 > 700,"IRLS prestep raised: ValueError('NaN, inf or invalid value detected in weights, estimation infeasible.')",overflow encountered in exp; divide by zero encountered in divide; invalid value encountered in divide; invalid value encountered in multiply; divide by zero encountered in divide; invalid value encountered in multiply; overflow encountered in exp; invalid value encountered in multiply; invalid value encountered in subtract; overflow encountered in exp; overflow encountered in divide; invalid valu,"ridge(alpha=0.0001, warm_start)",0.41121455890513287,-0.11639690172878919,-0.21775051189243347,,False,1034.2041539163965,0.320789251035686
prod_warm,ddof0,True,4,dispersed,0.25,1002.0,True,False,True,False,,20.608098348022956,-5729944.01268614,1.057330983745167,,"IRLS prestep raised: ValueError('NaN, inf or invalid value detected in weights, estimation infeasible.')",overflow encountered in exp; overflow encountered in multiply; invalid value encountered in multiply; divide by zero encountered in divide; invalid value encountered in multiply; divide by zero encountered in log; invalid value encountered in multiply; divide by zero encountered in divide; overflow encountered in divide; invalid value encountered in divide; divide by zero encountered in log; inval,"ridge(alpha=0.0001, warm_start)",1.057330983745167,-0.2329042396088312,0.15869740081786785,19755904185639.633,False,1034.2021452612262,0.44696968264252745
prod_warm,ddof0,True,5,dispersed,0.25,1003.0,False,False,False,False,,5729771.293196176,7.1230150083235015,0.5370222453333842,objective: exp overflow: max eta 5.73e+06 > 700,"IRLS prestep raised: ValueError('NaN, inf or invalid value detected in weights, estimation infeasible.')",overflow encountered in exp; divide by zero encountered in divide; invalid value encountered in divide; invalid value encountered in multiply; divide by zero encountered in divide; invalid value encountered in multiply; overflow encountered in exp; invalid value encountered in multiply; invalid value encountered in subtract; overflow encountered in exp; overflow encountered in divide; invalid valu,"ridge(alpha=0.0001, warm_start)",0.5370222453333842,-0.11983107534719376,-0.20127631980693145,,False,1034.176453680083,0.2289286331884328
prod_warm,ddof0,True,6,dispersed,0.25,1004.0,True,False,True,False,,20.17404637838026,-5730331.973505302,1.0285785189087748,,"IRLS prestep raised: ValueError('NaN, inf or invalid value detected in weights, estimation infeasible.')",divide by zero encountered in divide; overflow encountered in divide; invalid value encountered in divide; divide by zero encountered in divide; divide by zero encountered in log; invalid value encountered in multiply; divide by zero encountered in divide; overflow encountered in divide; invalid value encountered in divide; divide by zero encountered in log; invalid value encountered in multiply; ,"ridge(alpha=0.0001, warm_start)",1.0285785189087748,-0.6113161425934216,0.21034499957307007,19692375073003.64,False,1034.2060814397962,0.6218099991020903
prod_warm,ddof0,True,7,dispersed,0.25,1005.0,False,False,False,False,,5729508.903651745,6.6002091620788725,0.15108595804906427,objective: exp overflow: max eta 5.73e+06 > 700,"IRLS prestep raised: ValueError('NaN, inf or invalid value detected in weights, estimation infeasible.')",overflow encountered in exp; divide by zero encountered in divide; invalid value encountered in divide; invalid value encountered in multiply; divide by zero encountered in divide; invalid value encountered in multiply; overflow encountered in exp; invalid value encountered in multiply; invalid value encountered in subtract; overflow encountered in exp; overflow encountered in divide; invalid valu,"ridge(alpha=0.0001, warm_start)",0.10081312497610384,-0.14515168529707428,-0.15108595804906427,,False,1034.2272967474948,0.5653084674243258
prod_warm,ddof0,True,8,dispersed,0.25,1006.0,True,False,True,False,,532.18839031587,-3.7167856378119937,0.5864600484764247,,"IRLS prestep raised: ValueError('NaN, inf or invalid value detected in weights, estimation infeasible.')","divide by zero encountered in divide; overflow encountered in divide; GLM ridge optimization may have failed, |grad|=nan","ridge(alpha=0.0001, warm_start)",0.5864600484764247,-0.10004256989114571,0.06253727020394143,1.3149345888122734e+227,False,1.1747734866480892,0.11649417662358473
prod_warm,ddof0,True,9,dispersed,0.25,1007.0,True,False,True,False,,19.170401975916235,-5730306.476379613,0.6207536232654401,,"IRLS prestep raised: ValueError('NaN, inf or invalid value detected in weights, estimation infeasible.')",overflow encountered in exp; divide by zero encountered in divide; invalid value encountered in divide; invalid value encountered in multiply; divide by zero encountered in divide; invalid value encountered in multiply; divide by zero encountered in log; invalid value encountered in multiply; divide by zero encountered in divide; overflow encountered in divide; invalid value encountered in divide;,"ridge(alpha=0.0001, warm_start)",0.6207536232654401,-0.5168094309147149,0.1695510802692634,19707024770716.145,False,1034.206145605935,0.3889665180752264
prod_warm,ddof0,True,10,dispersed,0.25,1008.0,True,False,True,False,,544.0968769262087,-5.064265839070996,0.6903479043437966,,"IRLS prestep raised: ValueError('NaN, inf or invalid value detected in weights, estimation infeasible.')","divide by zero encountered in divide; overflow encountered in divide; GLM ridge optimization may have failed, |grad|=nan","ridge(alpha=0.0001, warm_start)",0.6903479043437966,-0.2479320467698708,-0.0777597725557957,1.9529652370284515e+232,False,0.5286342474004239,0.11296453794672456
prod_warm,ddof0,True,11,dispersed,0.25,1009.0,True,False,True,False,,20.904208834849292,-5730290.550518004,0.8936247208254244,,"IRLS prestep raised: ValueError('NaN, inf or invalid value detected in weights, estimation infeasible.')",overflow encountered in exp; divide by zero encountered in divide; invalid value encountered in divide; invalid value encountered in multiply; divide by zero encountered in divide; invalid value encountered in multiply; divide by zero encountered in log; invalid value encountered in multiply; divide by zero encountered in divide; overflow encountered in divide; invalid value encountered in divide;,"ridge(alpha=0.0001, warm_start)",0.8936247208254244,-0.5664809870968657,0.24404316533798137,19691684212822.074,False,1034.198838669177,0.5293130298090588
prod_warm,ddof0,True,12,dispersed,0.25,1010.0,False,False,False,False,,5729932.397482132,5.9596887586566165,0.28883382802880714,objective: exp overflow: max eta 5.73e+06 > 700,"IRLS prestep raised: ValueError('NaN, inf or invalid value detected in weights, estimation infeasible.')",overflow encountered in exp; divide by zero encountered in divide; invalid value encountered in divide; invalid value encountered in multiply; divide by zero encountered in divide; invalid value encountered in multiply; overflow encountered in exp; invalid value encountered in multiply; invalid value encountered in subtract; overflow encountered in exp; overflow encountered in divide; invalid valu,"ridge(alpha=0.0001, warm_start)",0.28883382802880714,-0.14549620055039436,-0.23543862966942766,,False,1034.20880783794,0.4254140313090712
prod_warm,ddof0,True,13,dispersed,0.25,1011.0,False,False,False,False,,5729851.08578705,7.968007610391698,0.7403329538054726,objective: exp overflow: max eta 5.73e+06 > 700,"IRLS prestep raised: ValueError('NaN, inf or invalid value detected in weights, estimation infeasible.')",overflow encountered in exp; divide by zero encountered in divide; invalid value encountered in divide; invalid value encountered in multiply; divide by zero encountered in divide; invalid value encountered in multiply; overflow encountered in exp; invalid value encountered in multiply; invalid value encountered in subtract; overflow encountered in exp; overflow encountered in divide; invalid valu,"ridge(alpha=0.0001, warm_start)",0.7403329538054726,-0.12695908922830312,-0.24893848641366978,,False,1034.2025268492537,0.2630216662603
prod_warm,ddof0,True,14,dispersed,0.5,1012.0,False,False,False,False,,5729913.907872858,8.01990002736739,1.0458885900951551,objective: exp overflow: max eta 5.73e+06 > 700,"IRLS prestep raised: ValueError('NaN, inf or invalid value detected in weights, estimation infeasible.')",overflow encountered in exp; divide by zero encountered in divide; invalid value encountered in divide; invalid value encountered in multiply; divide by zero encountered in divide; invalid value encountered in multiply; overflow encountered in exp; invalid value encountered in multiply; invalid value encountered in subtract; overflow encountered in exp; overflow encountered in divide; invalid valu,"ridge(alpha=0.0001, warm_start)",1.0458885900951551,-0.18177304995267876,-0.09638599827707788,,False,1034.2031996663377,0.40903151019266165
prod_warm,ddof0,True,15,dispersed,0.5,1013.0,True,False,True,False,,21.52736318459125,-5730319.247174019,1.03576387826451,,"IRLS prestep raised: ValueError('NaN, inf or invalid value detected in weights, estimation infeasible.')",overflow encountered in exp; divide by zero encountered in divide; invalid value encountered in divide; invalid value encountered in multiply; divide by zero encountered in divide; invalid value encountered in multiply; divide by zero encountered in log; invalid value encountered in multiply; divide by zero encountered in divide; overflow encountered in divide; invalid value encountered in divide;,"ridge(alpha=0.0001, warm_start)",1.03576387826451,-0.6413790393845016,0.11100003576216488,19691108766106.207,False,1034.2047546533515,0.6214581291448987
prod_warm,ddof0,True,16,dispersed,0.5,1014.0,True,False,True,True,32.0,22.271552736550685,-37.890391848930385,0.6468566611623441,,,"GLM ridge optimization may have failed, |grad|=0.061779","ridge(alpha=0.0001, warm_start)",0.6468566611623441,-0.17126111626178134,-0.007112288418605505,1920054.0797932579,False,2.7695144070484094e-05,1.2950900222264233e-12
prod_warm,ddof0,True,17,dispersed,0.5,1015.0,True,False,True,False,100.0,23.84264500965241,-5730328.368244427,0.5103660563671393,,,divide by zero encountered in log; invalid value encountered in multiply; divide by zero encountered in divide; overflow encountered in divide; invalid value encountered in divide; divide by zero encountered in log; invalid value encountered in multiply; divide by zero encountered in divide; overflow encountered in divide; invalid value encountered in divide; divide by zero encountered in log; inv,"ridge(alpha=0.0001, warm_start)",0.5103660563671393,-0.4517236400872867,0.22101684953282902,19723958333448.055,False,1034.229548043878,0.38643475005567135
prod_warm,ddof0,True,18,dispersed,0.5,1016.0,True,False,True,False,,408.1785112928891,-6.4217930039760995,0.8289307008573972,,"IRLS prestep raised: ValueError('NaN, inf or invalid value detected in weights, estimation infeasible.')","divide by zero encountered in divide; overflow encountered in divide; GLM ridge optimization may have failed, |grad|=nan","ridge(alpha=0.0001, warm_start)",0.8289307008573972,-0.2394543219858976,-0.08082177661522078,1.8286806603493962e+173,False,2.128488846857645,0.20792873271498663
prod_warm,ddof0,True,19,dispersed,0.5,1017.0,False,False,False,False,,5405545.010085815,-696.7175523831106,5.167926245793362,objective: exp overflow: max eta 5.406e+06 > 700,"IRLS prestep raised: ValueError('NaN, inf or invalid value detected in weights, estimation infeasible.')",overflow encountered in exp; divide by zero encountered in divide; overflow encountered in divide; invalid value encountered in divide; invalid value encountered in multiply; divide by zero encountered in divide; invalid value encountered in multiply; overflow encountered in exp; invalid value encountered in multiply; invalid value encountered in subtract; overflow encountered in exp; overflow enc,"ridge(alpha=0.0001, warm_start)",-1.6513029520545381,-1.2158114124467463,5.167926245793362,,False,1034.1801543176389,5.757920350235761
prod_warm,ddof0,True,20,dispersed,0.5,1018.0,True,False,True,False,100.0,23.736895927865703,-5730036.296590651,1.5314603959605968,,,divide by zero encountered in log; invalid value encountered in multiply; divide by zero encountered in divide; overflow encountered in divide; invalid value encountered in divide; divide by zero encountered in log; invalid value encountered in multiply; divide by zero encountered in divide; overflow encountered in divide; invalid value encountered in divide; divide by zero encountered in log; inv,"ridge(alpha=0.0001, warm_start)",1.5314603959605968,-0.20218905292941192,1.530646810598242,19752183836372.59,False,1034.244912993485,1.7743120783834532
prod_warm,ddof0,True,21,dispersed,0.5,1019.0,False,False,False,False,,5729920.18089072,6.433532706647351,0.4456706570793344,objective: exp overflow: max eta 5.73e+06 > 700,"IRLS prestep raised: ValueError('NaN, inf or invalid value detected in weights, estimation infeasible.')",overflow encountered in exp; divide by zero encountered in divide; invalid value encountered in divide; invalid value encountered in multiply; divide by zero encountered in divide; invalid value encountered in multiply; overflow encountered in exp; invalid value encountered in multiply; invalid value encountered in subtract; overflow encountered in exp; overflow encountered in divide; invalid valu,"ridge(alpha=0.0001, warm_start)",0.4456706570793344,-0.15906211391582842,-0.2515757565138132,,False,1034.2081178422236,0.316839093436528
prod_warm,ddof0,True,22,dispersed,0.5,1020.0,False,False,False,False,,1.349645580017806e+172,-4.1580805689059896e+162,5.079729225822344e+164,"IRLS prestep raised: ValueError('NaN, inf or invalid value detected in weights, estimation infeasible.')","IRLS prestep raised: ValueError('NaN, inf or invalid value detected in weights, estimation infeasible.')",overflow encountered in exp; divide by zero encountered in divide; invalid value encountered in divide; invalid value encountered in multiply; divide by zero encountered in divide; invalid value encountered in multiply; invalid value encountered in scalar divide; overflow encountered in exp; divide by zero encountered in log; invalid value encountered in multiply; invalid value encountered in subt,"ridge(alpha=0.0001, warm_start)",-3.806802998394894e+164,1.866365377588735e+163,-5.079729225822344e+164,,False,inf,inf
prod_warm,ddof0,True,23,dispersed,0.5,1021.0,False,False,False,False,,1.6711380978300082e+218,-4.042639370727025e+209,6.288491120295935e+210,"IRLS prestep raised: ValueError('NaN, inf or invalid value detected in weights, estimation infeasible.')","IRLS prestep raised: ValueError('NaN, inf or invalid value detected in weights, estimation infeasible.')",overflow encountered in exp; divide by zero encountered in divide; invalid value encountered in divide; invalid value encountered in multiply; divide by zero encountered in divide; invalid value encountered in multiply; invalid value encountered in scalar divide; overflow encountered in exp; divide by zero encountered in log; invalid value encountered in multiply; invalid value encountered in subt,"ridge(alpha=0.0001, warm_start)",-5.0693365832923193e+210,5.9521370412461705e+209,-6.288491120295935e+210,,False,inf,inf
prod_warm,ddof0,True,24,dispersed,0.5,1022.0,True,False,True,False,100.0,24.036999926643787,-5730350.215613532,0.8941139582625316,,,divide by zero encountered in log; invalid value encountered in multiply; divide by zero encountered in divide; overflow encountered in divide; invalid value encountered in divide; divide by zero encountered in log; invalid value encountered in multiply; divide by zero encountered in divide; overflow encountered in divide; invalid value encountered in divide; divide by zero encountered in log; inv,"ridge(alpha=0.0001, warm_start)",0.8941139582625316,-0.5078881360821399,0.10081149554018537,19702690356551.105,False,1034.2193194300494,0.43139478970827333
prod_warm,ddof0,True,25,dispersed,0.5,1023.0,False,False,False,False,,5729980.084148457,10.430665609606232,0.14885759280029007,objective: exp overflow: max eta 5.73e+06 > 700,"IRLS prestep raised: ValueError('NaN, inf or invalid value detected in weights, estimation infeasible.')",overflow encountered in exp; divide by zero encountered in divide; invalid value encountered in divide; invalid value encountered in multiply; divide by zero encountered in divide; invalid value encountered in multiply; overflow encountered in exp; invalid value encountered in multiply; invalid value encountered in subtract; overflow encountered in exp; overflow encountered in divide; invalid valu,"ridge(alpha=0.0001, warm_start)",0.10288378913169025,-0.14885759280029007,-0.1331313353814097,,False,1034.2217429022635,0.5588284205057084
prod_warm,ddof0,True,26,dispersed,1.0,1024.0,True,False,True,False,,680.8604619193738,-5.918590719681806,0.41186592754909823,,"IRLS prestep raised: ValueError('NaN, inf or invalid value detected in weights, estimation infeasible.')","divide by zero encountered in divide; overflow encountered in divide; GLM ridge optimization may have failed, |grad|=nan","ridge(alpha=0.0001, warm_start)",0.41186592754909823,-0.09410778498588301,-0.08045855099573068,4.856959246190174e+291,False,2.1381125765179565,0.257978595322253
prod_warm,ddof0,True,27,dispersed,1.0,1025.0,False,False,False,False,,5729959.134772514,-0.5293683696344686,0.28915387801813897,objective: exp overflow: max eta 5.73e+06 > 700,"IRLS prestep raised: ValueError('NaN, inf or invalid value detected in weights, estimation infeasible.')",overflow encountered in exp; divide by zero encountered in divide; invalid value encountered in divide; invalid value encountered in multiply; divide by zero encountered in divide; invalid value encountered in multiply; overflow encountered in exp; invalid value encountered in multiply; invalid value encountered in subtract; overflow encountered in exp; overflow encountered in divide; invalid valu,"ridge(alpha=0.0001, warm_start)",-0.28915387801813897,-0.2001612903118418,-0.2669099432657346,,False,1034.2516859559694,0.9718259983037089
prod_warm,ddof0,True,28,dispersed,1.0,1026.0,True,False,True,False,100.0,21.371259839193122,-5730341.238784714,6.036470008046159,,,divide by zero encountered in log; invalid value encountered in multiply; divide by zero encountered in divide; overflow encountered in divide; invalid value encountered in divide; divide by zero encountered in log; invalid value encountered in multiply; divide by zero encountered in divide; overflow encountered in divide; invalid value encountered in divide; divide by zero encountered in log; inv,"ridge(alpha=0.0001, warm_start)",1.6793168115274923,-0.6123726717123468,6.036470008046159,19697135719695.05,False,1034.2789983991565,6.146986281145611
prod_warm,ddof0,True,29,dispersed,1.0,1027.0,False,False,False,False,,5729888.87458223,8.854932030113508,0.21147568673724434,objective: exp overflow: max eta 5.73e+06 > 700,"IRLS prestep raised: ValueError('NaN, inf or invalid value detected in weights, estimation infeasible.')",overflow encountered in exp; divide by zero encountered in divide; invalid value encountered in divide; invalid value encountered in multiply; divide by zero encountered in divide; invalid value encountered in multiply; overflow encountered in exp; invalid value encountered in multiply; invalid value encountered in subtract; overflow encountered in exp; overflow encountered in divide; invalid valu,"ridge(alpha=0.0001, warm_start)",0.12540977276600115,0.1261014327408954,-0.21147568673724434,,False,1034.2128818171539,0.6341101966837552
prod_warm,ddof0,True,30,dispersed,1.0,1028.0,False,False,False,False,,5592767.613315062,-619.1255513531966,2.2329567424814094,objective: exp overflow: max eta 5.593e+06 > 700,"IRLS prestep raised: ValueError('NaN, inf or invalid value detected in weights, estimation infeasible.')",overflow encountered in exp; divide by zero encountered in divide; overflow encountered in divide; invalid value encountered in divide; invalid value encountered in multiply; divide by zero encountered in divide; invalid value encountered in multiply; overflow encountered in exp; invalid value encountered in multiply; invalid value encountered in subtract; overflow encountered in exp; overflow enc,"ridge(alpha=0.0001, warm_start)",-0.3458872301149931,-0.7500470456444022,2.2329567424814094,,False,1034.2171355180642,2.5176264315654313
prod_warm,ddof0,True,31,dispersed,1.0,1029.0,False,False,True,False,100.0,149.9782247339529,-5465770.639937579,20.282866315434724,|macro beta| 20.3 > 20.0,,divide by zero encountered in log; invalid value encountered in multiply; divide by zero encountered in divide; overflow encountered in divide; invalid value encountered in divide; divide by zero encountered in log; invalid value encountered in multiply; divide by zero encountered in divide; overflow encountered in divide; invalid value encountered in divide; divide by zero encountered in log; inv,"ridge(alpha=0.0001, warm_start)",1.76164841687594,20.282866315434724,-0.792958293279734,1.3401034007656025e+61,False,1034.4380678943457,20.499552277891773
prod_warm,ddof0,True,32,dispersed,1.0,1030.0,True,False,True,False,,387.93529107079485,-12.238194651601793,0.790867664953996,,"IRLS prestep raised: ValueError('NaN, inf or invalid value detected in weights, estimation infeasible.')","divide by zero encountered in divide; overflow encountered in divide; GLM ridge optimization may have failed, |grad|=nan","ridge(alpha=0.0001, warm_start)",0.790867664953996,-0.19852761006166914,-0.028274344996354003,2.955150595304547e+164,False,8.027250400725341,0.14808937685112855
prod_warm,ddof0,True,33,dispersed,1.0,1031.0,True,False,True,False,100.0,24.487573066421216,-5730264.961478048,1.8615167110053448,,,divide by zero encountered in log; invalid value encountered in multiply; divide by zero encountered in divide; overflow encountered in divide; invalid value encountered in divide; divide by zero encountered in log; invalid value encountered in multiply; divide by zero encountered in divide; overflow encountered in divide; invalid value encountered in divide; divide by zero encountered in log; inv,"ridge(alpha=0.0001, warm_start)",1.8615167110053448,-0.4202206637092919,0.11377004556099737,19721011672349.45,False,1034.2157898940852,1.2457898826131368
prod_warm,ddof0,True,34,dispersed,1.0,1032.0,False,False,False,False,,5729837.591892735,5.674427138876347,0.9152880251359137,objective: exp overflow: max eta 5.73e+06 > 700,"IRLS prestep raised: ValueError('NaN, inf or invalid value detected in weights, estimation infeasible.')",overflow encountered in exp; divide by zero encountered in divide; invalid value encountered in divide; invalid value encountered in multiply; divide by zero encountered in divide; invalid value encountered in multiply; overflow encountered in exp; invalid value encountered in multiply; invalid value encountered in subtract; overflow encountered in exp; overflow encountered in divide; invalid valu,"ridge(alpha=0.0001, warm_start)",-0.9152880251359137,-0.40969126357375873,-0.2191574715888795,,False,1034.2090997211783,1.5943989826199774
prod_warm,ddof0,True,35,dispersed,1.0,1033.0,True,False,True,False,,25.601369372269325,-5729677.018308405,1.055748970557901,,"IRLS prestep raised: ValueError('NaN, inf or invalid value detected in weights, estimation infeasible.')",overflow encountered in exp; invalid value encountered in multiply; invalid value encountered in multiply; divide by zero encountered in log; invalid value encountered in multiply; divide by zero encountered in divide; overflow encountered in divide; invalid value encountered in divide; divide by zero encountered in log; invalid value encountered in multiply; divide by zero encountered in divide; ,"ridge(alpha=0.0001, warm_start)",1.055748970557901,0.24222615846737142,0.19924256070555663,19782498782945.52,False,1034.2296070833565,0.6170469761722219
prod_warm,ddof0,True,36,dispersed,1.0,1034.0,True,False,True,False,,435.1574046296822,-10.92719790545108,0.7196494012297736,,"IRLS prestep raised: ValueError('NaN, inf or invalid value detected in weights, estimation infeasible.')","divide by zero encountered in divide; overflow encountered in divide; GLM ridge optimization may have failed, |grad|=nan","ridge(alpha=0.0001, warm_start)",0.7196494012297736,-0.293875790462494,0.026974117813254584,9.525438704385475e+184,False,6.616193776024442,0.14661181543794988
prod_warm,ddof0,True,37,dispersed,1.0,1035.0,True,False,True,False,100.0,24.070945456089767,-5730306.6845988585,0.4296890622565565,,,divide by zero encountered in log; invalid value encountered in multiply; divide by zero encountered in divide; overflow encountered in divide; invalid value encountered in divide; divide by zero encountered in log; invalid value encountered in multiply; divide by zero encountered in divide; overflow encountered in divide; invalid value encountered in divide; divide by zero encountered in log; inv,"ridge(alpha=0.0001, warm_start)",0.4296890622565565,-0.40257530509357103,-0.21247722653668083,19691169786547.1,False,1034.2215172766626,0.3779454693171743
prod_warm,ddof0,True,38,dispersed,2.0,1036.0,True,False,True,False,,17.405341230816074,-5730108.993024335,1.6482560335320595,,"IRLS prestep raised: ValueError('NaN, inf or invalid value detected in weights, estimation infeasible.')",overflow encountered in exp; divide by zero encountered in divide; invalid value encountered in divide; invalid value encountered in multiply; divide by zero encountered in divide; invalid value encountered in multiply; divide by zero encountered in log; invalid value encountered in multiply; divide by zero encountered in divide; overflow encountered in divide; invalid value encountered in divide;,"ridge(alpha=0.0001, warm_start)",1.6482560335320595,-0.024489149759709977,0.1630182164162442,19744824357776.32,False,1034.218646505013,1.026297764691503
prod_warm,ddof0,True,39,dispersed,2.0,1037.0,False,False,True,False,,8.631006154200596,-5331732.098001727,41.14130610272293,"IRLS prestep raised: ValueError('NaN, inf or invalid value detected in weights, estimation infeasible.')","IRLS prestep raised: ValueError('NaN, inf or invalid value detected in weights, estimation infeasible.')",overflow encountered in exp; divide by zero encountered in divide; invalid value encountered in divide; invalid value encountered in multiply; divide by zero encountered in divide; invalid value encountered in multiply; divide by zero encountered in log; invalid value encountered in multiply; divide by zero encountered in divide; overflow encountered in divide; invalid value encountered in divide;,"ridge(alpha=0.0001, warm_start)",-23.752742439717245,39.86109971380053,41.14130610272293,18956786441938.246,False,1033.898172767566,62.378864096778024
prod_warm,ddof0,True,40,dispersed,2.0,1038.0,True,False,True,False,,16.700158102600014,-5729821.306776561,0.4375146850641175,,"IRLS prestep raised: ValueError('NaN, inf or invalid value detected in weights, estimation infeasible.')",overflow encountered in exp; invalid value encountered in multiply; invalid value encountered in multiply; divide by zero encountered in log; invalid value encountered in multiply; divide by zero encountered in divide; overflow encountered in divide; invalid value encountered in divide; divide by zero encountered in log; invalid value encountered in multiply; divide by zero encountered in divide; ,"ridge(alpha=0.0001, warm_start)",0.4375146850641175,-0.055862243535982126,0.22178735415475564,19777792028198.152,False,1034.2376952368345,0.330962247322595
prod_warm,ddof0,True,41,dispersed,2.0,1039.0,False,False,False,False,,5729905.849198835,-4.869053241367494,2.837260399421405,objective: exp overflow: max eta 5.73e+06 > 700,"IRLS prestep raised: ValueError('NaN, inf or invalid value detected in weights, estimation infeasible.')",overflow encountered in exp; divide by zero encountered in divide; invalid value encountered in divide; invalid value encountered in multiply; divide by zero encountered in divide; invalid value encountered in multiply; overflow encountered in exp; invalid value encountered in multiply; invalid value encountered in subtract; overflow encountered in exp; overflow encountered in divide; invalid valu,"ridge(alpha=0.0001, warm_start)",-2.837260399421405,0.010731072457256116,-0.11905533872903919,,False,1034.2361983909245,3.490662414945111
prod_warm,ddof0,True,42,dispersed,2.0,1040.0,True,False,True,False,,24.78303813391356,-5727664.3643118525,0.7892097335943171,,"IRLS prestep raised: ValueError('NaN, inf or invalid value detected in weights, estimation infeasible.')",overflow encountered in exp; divide by zero encountered in divide; overflow encountered in divide; invalid value encountered in divide; invalid value encountered in multiply; divide by zero encountered in divide; invalid value encountered in multiply; divide by zero encountered in log; invalid value encountered in multiply; divide by zero encountered in divide; overflow encountered in divide; inva,"ridge(alpha=0.0001, warm_start)",0.7892097335943171,-0.6631192706096468,0.17465515889543393,19866283469971.844,False,1034.2214795989337,0.5433491015299677
prod_warm,ddof0,True,43,dispersed,2.0,1041.0,False,False,False,False,,5729730.994509685,10.0174567376682,0.5780670392333455,objective: exp overflow: max eta 5.73e+06 > 700,"IRLS prestep raised: ValueError('NaN, inf or invalid value detected in weights, estimation infeasible.')",overflow encountered in exp; divide by zero encountered in divide; overflow encountered in divide; invalid value encountered in divide; invalid value encountered in multiply; divide by zero encountered in divide; invalid value encountered in multiply; overflow encountered in exp; invalid value encountered in multiply; invalid value encountered in subtract; overflow encountered in exp; overflow enc,"ridge(alpha=0.0001, warm_start)",0.5780670392333455,0.08097869226949991,0.10073229389958223,,False,1034.2315167864986,0.2828204148006163
prod_warm,ddof0,True,44,dispersed,2.0,1042.0,False,False,False,False,,5729704.771505442,23.370230710424963,0.5243799492357687,objective: exp overflow: max eta 5.73e+06 > 700,"IRLS prestep raised: ValueError('NaN, inf or invalid value detected in weights, estimation infeasible.')",overflow encountered in exp; divide by zero encountered in divide; invalid value encountered in divide; invalid value encountered in multiply; divide by zero encountered in divide; invalid value encountered in multiply; overflow encountered in exp; invalid value encountered in multiply; invalid value encountered in subtract; overflow encountered in exp; overflow encountered in divide; invalid valu,"ridge(alpha=0.0001, warm_start)",0.5243799492357687,-0.18163127422643646,-0.06580405833279815,,False,1034.3380554999783,0.1362086964768943
prod_warm,ddof0,True,45,dispersed,2.0,1043.0,False,False,False,False,,5729830.4120645225,0.03025085876868694,0.486986605995019,objective: exp overflow: max eta 5.73e+06 > 700,"IRLS prestep raised: ValueError('NaN, inf or invalid value detected in weights, estimation infeasible.')",overflow encountered in exp; divide by zero encountered in divide; invalid value encountered in divide; invalid value encountered in multiply; divide by zero encountered in divide; invalid value encountered in multiply; overflow encountered in exp; invalid value encountered in multiply; invalid value encountered in subtract; overflow encountered in exp; overflow encountered in divide; invalid valu,"ridge(alpha=0.0001, warm_start)",0.4282662297865799,-0.486986605995019,-0.1785616758753487,,False,1034.2176297348592,0.4205463755823818
prod_warm,ddof0,True,46,dispersed,2.0,1044.0,False,False,False,False,,5729887.755168175,9.904680206172554,0.7254984723021292,objective: exp overflow: max eta 5.73e+06 > 700,"IRLS prestep raised: ValueError('NaN, inf or invalid value detected in weights, estimation infeasible.')",overflow encountered in exp; divide by zero encountered in divide; invalid value encountered in divide; invalid value encountered in multiply; divide by zero encountered in divide; invalid value encountered in multiply; overflow encountered in exp; invalid value encountered in multiply; invalid value encountered in subtract; overflow encountered in exp; overflow encountered in divide; invalid valu,"ridge(alpha=0.0001, warm_start)",0.7254984723021292,0.47756561151727606,-0.21141719966400577,,False,1034.200839583852,0.6847635751834552
prod_warm,ddof0,True,47,dispersed,2.0,1045.0,True,False,True,False,,9.548825350598092,-5729877.116111432,1.9593165469918932,,"IRLS prestep raised: ValueError('NaN, inf or invalid value detected in weights, estimation infeasible.')",overflow encountered in exp; divide by zero encountered in divide; invalid value encountered in divide; invalid value encountered in multiply; divide by zero encountered in divide; invalid value encountered in multiply; divide by zero encountered in log; invalid value encountered in multiply; divide by zero encountered in divide; overflow encountered in divide; invalid value encountered in divide;,"ridge(alpha=0.0001, warm_start)",1.9593165469918932,0.2621820297091253,0.26319589744298655,19768654722524.977,False,1034.2799871280756,1.4083644514283495
prod_warm,ddof0,True,48,dispersed,2.0,1046.0,False,False,False,False,,5729888.5337036885,4.638838310294852,0.5989422145235259,objective: exp overflow: max eta 5.73e+06 > 700,"IRLS prestep raised: ValueError('NaN, inf or invalid value detected in weights, estimation infeasible.')",overflow encountered in exp; divide by zero encountered in divide; invalid value encountered in divide; invalid value encountered in multiply; divide by zero encountered in divide; invalid value encountered in multiply; overflow encountered in exp; invalid value encountered in multiply; invalid value encountered in subtract; overflow encountered in exp; overflow encountered in divide; invalid valu,"ridge(alpha=0.0001, warm_start)",0.5989422145235259,0.12583171884972566,-0.21724095773209504,,False,1034.2068266942556,0.3670340645473535
prod_warm,ddof0,True,49,dispersed,2.0,1047.0,True,False,True,False,100.0,24.242362517943157,-5730313.53645053,1.0235942901354476,,,divide by zero encountered in log; invalid value encountered in multiply; divide by zero encountered in divide; overflow encountered in divide; invalid value encountered in divide; divide by zero encountered in log; invalid value encountered in multiply; divide by zero encountered in divide; overflow encountered in divide; invalid value encountered in divide; divide by zero encountered in log; inv,"ridge(alpha=0.0001, warm_start)",1.0235942901354476,-0.39870539680225714,-0.07003377226275895,19727244497547.93,False,1034.233173811932,0.4445461224272276
fitbetas_warm,ddof1,True,0,warm_production,,,True,False,True,True,31.0,22.27155273655069,-35.226489263610944,0.6468884469495373,,,"GLM ridge optimization may have failed, |grad|=0.014021","ridge(alpha=0.0001, warm_start)",0.6468884469495373,-0.17126111626179624,-0.007112637908207292,1920053.9894679023,False,6.424308401464057e-07,1.3353393621269743e-12
fitbetas_warm,ddof1,True,1,cold,,,True,False,True,,,19.838930301494074,-5399274.723616813,1.9625803011627854,,,overflow encountered in exp; invalid value encountered in divide; invalid value encountered in multiply; divide by zero encountered in divide; invalid value encountered in multiply; divide by zero encountered in log; invalid value encountered in multiply; divide by zero encountered in divide; overflow encountered in divide; invalid value encountered in divide; divide by zero encountered in log; in,"ridge(alpha=0.0001, irls_fallback)",1.9625803011627854,-0.7569835585320301,-0.24803880583375507,20929707098456.105,False,1034.2346230736905,1.4601921972867113
fitbetas_warm,ddof1,True,2,dispersed,0.25,1000.0,True,False,True,False,,650.1119518384979,-4.42842405038634,0.5048689608754784,,"IRLS prestep raised: ValueError('NaN, inf or invalid value detected in weights, estimation infeasible.')","divide by zero encountered in divide; overflow encountered in divide; GLM ridge optimization may have failed, |grad|=nan","ridge(alpha=0.0001, warm_start)",0.5048689608754784,-0.09479072139125821,0.0426645702942584,2.150087853095613e+278,False,0.4341117055483731,0.16880469831267716
fitbetas_warm,ddof1,True,3,dispersed,0.25,1001.0,False,False,False,False,,5729913.813355006,8.926474207656067,0.41122584382748095,objective: exp overflow: max eta 5.73e+06 > 700,"IRLS prestep raised: ValueError('NaN, inf or invalid value detected in weights, estimation infeasible.')",overflow encountered in exp; divide by zero encountered in divide; invalid value encountered in divide; invalid value encountered in multiply; divide by zero encountered in divide; invalid value encountered in multiply; overflow encountered in exp; invalid value encountered in multiply; invalid value encountered in subtract; overflow encountered in exp; overflow encountered in divide; invalid valu,"ridge(alpha=0.0001, warm_start)",0.41122584382748095,-0.11639870828260748,-0.21773991464448514,,False,1034.2041539230183,0.3207968142363028
fitbetas_warm,ddof1,True,4,dispersed,0.25,1002.0,True,False,True,False,100.0,32.75830785517458,-5730044.015353971,1.4632393412069091,,,divide by zero encountered in log; invalid value encountered in multiply; divide by zero encountered in divide; overflow encountered in divide; invalid value encountered in divide; divide by zero encountered in log; invalid value encountered in multiply; divide by zero encountered in divide; overflow encountered in divide; invalid value encountered in divide; divide by zero encountered in log; inv,"ridge(alpha=0.0001, warm_start)",1.4632393412069091,-0.2329060488712308,0.75484314735498,19802180842398.387,False,1034.2724926441613,1.1183941608259615
fitbetas_warm,ddof1,True,5,dispersed,0.25,1003.0,False,False,False,False,,5729771.293010126,7.122977891134516,0.537034546343058,objective: exp overflow: max eta 5.73e+06 > 700,"IRLS prestep raised: ValueError('NaN, inf or invalid value detected in weights, estimation infeasible.')",overflow encountered in exp; divide by zero encountered in divide; invalid value encountered in divide; invalid value encountered in multiply; divide by zero encountered in divide; invalid value encountered in multiply; overflow encountered in exp; invalid value encountered in multiply; invalid value encountered in subtract; overflow encountered in exp; overflow encountered in divide; invalid valu,"ridge(alpha=0.0001, warm_start)",0.537034546343058,-0.11983317805303112,-0.20126572517480149,,False,1034.1764536844232,0.22892822805759427
fitbetas_warm,ddof1,True,6,dispersed,0.25,1004.0,False,False,False,False,100.0,5.303188122837896e+22,-4.0239606428870625e+22,6.558381764382749e+21,|macro beta| 6.56e+21 > 20.0,,"overflow encountered in exp; divide by zero encountered in divide; invalid value encountered in divide; overflow encountered in exp; divide by zero encountered in log; invalid value encountered in multiply; invalid value encountered in subtract; overflow encountered in exp; divide by zero encountered in divide; invalid value encountered in divide; GLM ridge optimization may have failed, |grad|=nan","ridge(alpha=0.0001, warm_start)",2.704362971042937e+21,6.558381764382749e+21,2.2438932971723414e+20,,False,9.241589695035308e+21,7.097626435494285e+21
fitbetas_warm,ddof1,True,7,dispersed,0.25,1005.0,False,False,False,False,,5729508.908239945,6.600212580944866,0.15107710303931932,objective: exp overflow: max eta 5.73e+06 > 700,"IRLS prestep raised: ValueError('NaN, inf or invalid value detected in weights, estimation infeasible.')",overflow encountered in exp; divide by zero encountered in divide; invalid value encountered in divide; invalid value encountered in multiply; divide by zero encountered in divide; invalid value encountered in multiply; overflow encountered in exp; invalid value encountered in multiply; invalid value encountered in subtract; overflow encountered in exp; overflow encountered in divide; invalid valu,"ridge(alpha=0.0001, warm_start)",0.1008253538649328,-0.14515320044690777,-0.15107710303931932,,False,1034.2272967619817,0.5653249438300694
fitbetas_warm,ddof1,True,8,dispersed,0.25,1006.0,True,False,True,False,,532.1884416631111,-3.7167835785682413,0.5864600484764247,,"IRLS prestep raised: ValueError('NaN, inf or invalid value detected in weights, estimation infeasible.')","divide by zero encountered in divide; overflow encountered in divide; GLM ridge optimization may have failed, |grad|=nan","ridge(alpha=0.0001, warm_start)",0.5864600484764247,-0.10004256989114571,0.06253727020394143,1.3150021088090888e+227,False,1.1747751419455186,0.11651086811543371
fitbetas_warm,ddof1,True,9,dispersed,0.25,1007.0,True,False,True,False,100.0,20.32049615518815,-5730406.476621372,6.0391286904564385,,,divide by zero encountered in log; invalid value encountered in multiply; divide by zero encountered in divide; overflow encountered in divide; invalid value encountered in divide; divide by zero encountered in log; invalid value encountered in multiply; divide by zero encountered in divide; overflow encountered in divide; invalid value encountered in divide; divide by zero encountered in log; inv,"ridge(alpha=0.0001, warm_start)",0.756951443823078,-0.5168166180669892,6.0391286904564385,19707826963152.336,False,1034.2912552631121,6.057107945953857
fitbetas_warm,ddof1,True,10,dispersed,0.25,1008.0,True,False,True,False,,544.0969292554342,-5.064275941434173,0.6903479043437966,,"IRLS prestep raised: ValueError('NaN, inf or invalid value detected in weights, estimation infeasible.')","divide by zero encountered in divide; overflow encountered in divide; GLM ridge optimization may have failed, |grad|=nan","ridge(alpha=0.0001, warm_start)",0.6903479043437966,-0.2479320467698708,-0.0777597725557957,1.9530674368467204e+232,False,0.5286315865961366,0.1129520856649101
fitbetas_warm,ddof1,True,11,dispersed,0.25,1009.0,True,False,True,False,100.0,22.456887433877725,-5730390.550438886,3.8564171706876165,,,divide by zero encountered in log; invalid value encountered in multiply; divide by zero encountered in divide; overflow encountered in divide; invalid value encountered in divide; divide by zero encountered in log; invalid value encountered in multiply; divide by zero encountered in divide; overflow encountered in divide; invalid value encountered in divide; divide by zero encountered in log; inv,"ridge(alpha=0.0001, warm_start)",1.869733469608772,-0.5664804060170385,3.8564171706876165,19693069081572.277,False,1034.24893680255,4.071659467385625
fitbetas_warm,ddof1,True,12,dispersed,0.25,1010.0,False,False,False,False,,5729932.39737405,5.959669571145674,0.2888442665944705,objective: exp overflow: max eta 5.73e+06 > 700,"IRLS prestep raised: ValueError('NaN, inf or invalid value detected in weights, estimation infeasible.')",overflow encountered in exp; divide by zero encountered in divide; invalid value encountered in divide; invalid value encountered in multiply; divide by zero encountered in divide; invalid value encountered in multiply; overflow encountered in exp; invalid value encountered in multiply; invalid value encountered in subtract; overflow encountered in exp; overflow encountered in divide; invalid valu,"ridge(alpha=0.0001, warm_start)",0.2888442665944705,-0.14549765662130207,-0.23542803105347537,,False,1034.2088078469014,0.4254260331537009
fitbetas_warm,ddof1,True,13,dispersed,0.25,1011.0,False,False,False,False,,5729851.086400623,7.9679530104659655,0.7403460959132608,objective: exp overflow: max eta 5.73e+06 > 700,"IRLS prestep raised: ValueError('NaN, inf or invalid value detected in weights, estimation infeasible.')",overflow encountered in exp; divide by zero encountered in divide; invalid value encountered in divide; invalid value encountered in multiply; divide by zero encountered in divide; invalid value encountered in multiply; overflow encountered in exp; invalid value encountered in multiply; invalid value encountered in subtract; overflow encountered in exp; overflow encountered in divide; invalid valu,"ridge(alpha=0.0001, warm_start)",0.7403460959132608,-0.12696145415650584,-0.2489282714718237,,False,1034.202526850635,0.2630049293231194
fitbetas_warm,ddof1,True,14,dispersed,0.5,1012.0,False,False,False,False,,5729913.907665105,8.019875046111816,1.045902993148259,objective: exp overflow: max eta 5.73e+06 > 700,"IRLS prestep raised: ValueError('NaN, inf or invalid value detected in weights, estimation infeasible.')",overflow encountered in exp; divide by zero encountered in divide; invalid value encountered in divide; invalid value encountered in multiply; divide by zero encountered in divide; invalid value encountered in multiply; overflow encountered in exp; invalid value encountered in multiply; invalid value encountered in subtract; overflow encountered in exp; overflow encountered in divide; invalid valu,"ridge(alpha=0.0001, warm_start)",1.045902993148259,-0.18177540867447933,-0.09637540997274373,,False,1034.2031996650317,0.4090122258571447
fitbetas_warm,ddof1,True,15,dispersed,0.5,1013.0,True,False,True,False,,21.527343347286543,-5730319.247084078,1.0357486400845095,,"IRLS prestep raised: ValueError('NaN, inf or invalid value detected in weights, estimation infeasible.')",overflow encountered in exp; divide by zero encountered in divide; invalid value encountered in divide; invalid value encountered in multiply; divide by zero encountered in divide; invalid value encountered in multiply; divide by zero encountered in log; invalid value encountered in multiply; divide by zero encountered in divide; overflow encountered in divide; invalid value encountered in divide;,"ridge(alpha=0.0001, warm_start)",1.0357486400845095,-0.6413790906146887,0.11099002473194322,19691108757551.117,False,1034.2047546409783,0.6214269052261061
fitbetas_warm,ddof1,True,16,dispersed,0.5,1014.0,True,False,True,False,,19.116854299659963,-5637114.494982512,0.9828128509131506,,"IRLS prestep raised: ValueError('NaN, inf or invalid value detected in weights, estimation infeasible.')",overflow encountered in exp; divide by zero encountered in divide; invalid value encountered in divide; invalid value encountered in multiply; divide by zero encountered in divide; invalid value encountered in multiply; divide by zero encountered in log; invalid value encountered in multiply; divide by zero encountered in divide; overflow encountered in divide; invalid value encountered in divide;,"ridge(alpha=0.0001, warm_start)",0.9828128509131506,-0.15749960460176432,-0.09636891777538668,20604758739563.426,False,1034.2378266625497,0.3478523650600806
fitbetas_warm,ddof1,True,17,dispersed,0.5,1015.0,True,False,True,False,100.0,23.842969983657987,-5730328.368558752,0.5178660692720647,,,divide by zero encountered in log; invalid value encountered in multiply; divide by zero encountered in divide; overflow encountered in divide; invalid value encountered in divide; divide by zero encountered in log; invalid value encountered in multiply; divide by zero encountered in divide; overflow encountered in divide; invalid value encountered in divide; divide by zero encountered in log; inv,"ridge(alpha=0.0001, warm_start)",0.5178660692720647,-0.45172401183496674,0.22644758972736984,19723958142805.477,False,1034.229545673211,0.38711314840526206
fitbetas_warm,ddof1,True,18,dispersed,0.5,1016.0,True,False,True,False,,408.1785747994353,-6.421766658149248,0.8289307008573972,,"IRLS prestep raised: ValueError('NaN, inf or invalid value detected in weights, estimation infeasible.')","divide by zero encountered in divide; overflow encountered in divide; GLM ridge optimization may have failed, |grad|=nan","ridge(alpha=0.0001, warm_start)",0.8289307008573972,-0.2394543219858976,-0.08082177661522078,1.8287967943974208e+173,False,2.128486115987863,0.20790077595856146
fitbetas_warm,ddof1,True,19,dispersed,0.5,1017.0,False,False,False,False,,5405545.122897843,-696.7146370063793,5.167530710550791,objective: exp overflow: max eta 5.406e+06 > 700,"IRLS prestep raised: ValueError('NaN, inf or invalid value detected in weights, estimation infeasible.')",overflow encountered in exp; divide by zero encountered in divide; overflow encountered in divide; invalid value encountered in divide; invalid value encountered in multiply; divide by zero encountered in divide; invalid value encountered in multiply; overflow encountered in exp; invalid value encountered in multiply; invalid value encountered in subtract; overflow encountered in exp; overflow enc,"ridge(alpha=0.0001, warm_start)",-1.6511219121206564,-1.2158989746389408,5.167530710550791,,False,1034.1801544599841,5.757521484918556
fitbetas_warm,ddof1,True,20,dispersed,0.5,1018.0,True,False,True,False,100.0,23.72076093917948,-5730036.301582922,1.560892368010709,,,divide by zero encountered in log; invalid value encountered in multiply; divide by zero encountered in divide; overflow encountered in divide; invalid value encountered in divide; divide by zero encountered in log; invalid value encountered in multiply; divide by zero encountered in divide; overflow encountered in divide; invalid value encountered in divide; divide by zero encountered in log; inv,"ridge(alpha=0.0001, warm_start)",1.530565697898424,-0.2021924290530639,1.560892368010709,19752183832870.77,False,1034.2465041915736,1.8001338640626823
fitbetas_warm,ddof1,True,21,dispersed,0.5,1019.0,False,False,False,False,,5729920.180870383,6.43350094392363,0.4456821054865883,objective: exp overflow: max eta 5.73e+06 > 700,"IRLS prestep raised: ValueError('NaN, inf or invalid value detected in weights, estimation infeasible.')",overflow encountered in exp; divide by zero encountered in divide; invalid value encountered in divide; invalid value encountered in multiply; divide by zero encountered in divide; invalid value encountered in multiply; overflow encountered in exp; invalid value encountered in multiply; invalid value encountered in subtract; overflow encountered in exp; overflow encountered in divide; invalid valu,"ridge(alpha=0.0001, warm_start)",0.4456821054865883,-0.15906396302745066,-0.2515651799215221,,False,1034.2081178478295,0.3168435066213221
fitbetas_warm,ddof1,True,22,dispersed,0.5,1020.0,False,False,False,False,,1.3496458332561456e+172,-4.110890203043402e+162,5.07948058872404e+164,"IRLS prestep raised: ValueError('NaN, inf or invalid value detected in weights, estimation infeasible.')","IRLS prestep raised: ValueError('NaN, inf or invalid value detected in weights, estimation infeasible.')",overflow encountered in exp; divide by zero encountered in divide; invalid value encountered in divide; invalid value encountered in multiply; divide by zero encountered in divide; invalid value encountered in multiply; invalid value encountered in scalar divide; overflow encountered in exp; divide by zero encountered in log; invalid value encountered in multiply; invalid value encountered in subt,"ridge(alpha=0.0001, warm_start)",-3.8066104395457315e+164,1.8663143907021784e+163,-5.07948058872404e+164,,False,inf,inf
fitbetas_warm,ddof1,True,23,dispersed,0.5,1021.0,False,False,False,False,,1.6711446072002569e+218,-4.038370762683553e+209,6.288206609740494e+210,"IRLS prestep raised: ValueError('NaN, inf or invalid value detected in weights, estimation infeasible.')","IRLS prestep raised: ValueError('NaN, inf or invalid value detected in weights, estimation infeasible.')",overflow encountered in exp; divide by zero encountered in divide; invalid value encountered in divide; invalid value encountered in multiply; divide by zero encountered in divide; invalid value encountered in multiply; invalid value encountered in scalar divide; overflow encountered in exp; divide by zero encountered in log; invalid value encountered in multiply; invalid value encountered in subt,"ridge(alpha=0.0001, warm_start)",-5.0691133466769667e+210,5.952211454049987e+209,-6.288206609740494e+210,,False,inf,inf
fitbetas_warm,ddof1,True,24,dispersed,0.5,1022.0,True,False,True,False,100.0,24.036976444059302,-5730350.215203784,0.8940826545423655,,,divide by zero encountered in log; invalid value encountered in multiply; divide by zero encountered in divide; overflow encountered in divide; invalid value encountered in divide; divide by zero encountered in log; invalid value encountered in multiply; divide by zero encountered in divide; overflow encountered in divide; invalid value encountered in divide; divide by zero encountered in log; inv,"ridge(alpha=0.0001, warm_start)",0.8940826545423655,-0.5078904086309747,0.10081247302161497,19702692495161.785,False,1034.2193193448743,0.4313607380356957
fitbetas_warm,ddof1,True,25,dispersed,0.5,1023.0,False,False,False,False,,5729980.084092072,10.430662810151471,0.14885842838082783,objective: exp overflow: max eta 5.73e+06 > 700,"IRLS prestep raised: ValueError('NaN, inf or invalid value detected in weights, estimation infeasible.')",overflow encountered in exp; divide by zero encountered in divide; invalid value encountered in divide; invalid value encountered in multiply; divide by zero encountered in divide; invalid value encountered in multiply; overflow encountered in exp; invalid value encountered in multiply; invalid value encountered in subtract; overflow encountered in exp; overflow encountered in divide; invalid valu,"ridge(alpha=0.0001, warm_start)",0.10289260133314959,-0.14885842838082783,-0.13312073442467778,,False,1034.2217429165582,0.5588482807154064
fitbetas_warm,ddof1,True,26,dispersed,1.0,1024.0,True,False,True,False,,680.8604913133158,-5.918575328288888,0.41186592754909823,,"IRLS prestep raised: ValueError('NaN, inf or invalid value detected in weights, estimation infeasible.')","divide by zero encountered in divide; overflow encountered in divide; GLM ridge optimization may have failed, |grad|=nan","ridge(alpha=0.0001, warm_start)",0.41186592754909823,-0.09410778498588301,-0.08045855099573068,4.857102013466725e+291,False,2.1381160582012577,0.25800744973405737
fitbetas_warm,ddof1,True,27,dispersed,1.0,1025.0,False,False,False,False,,5729959.134546363,-0.5293440428844374,0.28914770670133927,objective: exp overflow: max eta 5.73e+06 > 700,"IRLS prestep raised: ValueError('NaN, inf or invalid value detected in weights, estimation infeasible.')",overflow encountered in exp; divide by zero encountered in divide; invalid value encountered in divide; invalid value encountered in multiply; divide by zero encountered in divide; invalid value encountered in multiply; overflow encountered in exp; invalid value encountered in multiply; invalid value encountered in subtract; overflow encountered in exp; overflow encountered in divide; invalid valu,"ridge(alpha=0.0001, warm_start)",-0.28914770670133927,-0.20016086251223447,-0.266899624377771,,False,1034.2516859793857,0.9718478042428254
fitbetas_warm,ddof1,True,28,dispersed,1.0,1026.0,True,False,True,False,100.0,24.071191423262437,-5730341.238807874,1.6418083276243984,,,divide by zero encountered in log; invalid value encountered in multiply; divide by zero encountered in divide; overflow encountered in divide; invalid value encountered in divide; divide by zero encountered in log; invalid value encountered in multiply; divide by zero encountered in divide; overflow encountered in divide; invalid value encountered in divide; divide by zero encountered in log; inv,"ridge(alpha=0.0001, warm_start)",1.6418083276243984,-0.6124421908898959,-0.003801031236698199,19695909803220.996,False,1034.2302374235028,1.088355307936547
fitbetas_warm,ddof1,True,29,dispersed,1.0,1027.0,False,False,False,False,,5729888.87491404,8.854924515512197,0.2114652727185571,objective: exp overflow: max eta 5.73e+06 > 700,"IRLS prestep raised: ValueError('NaN, inf or invalid value detected in weights, estimation infeasible.')",overflow encountered in exp; divide by zero encountered in divide; invalid value encountered in divide; invalid value encountered in multiply; divide by zero encountered in divide; invalid value encountered in multiply; overflow encountered in exp; invalid value encountered in multiply; invalid value encountered in subtract; overflow encountered in exp; overflow encountered in divide; invalid valu,"ridge(alpha=0.0001, warm_start)",0.1254180790904055,0.12610070102105,-0.2114652727185571,,False,1034.212881830242,0.634125692812668
fitbetas_warm,ddof1,True,30,dispersed,1.0,1028.0,False,False,False,False,,5592763.080355522,-619.1376264672848,2.2326873977995243,objective: exp overflow: max eta 5.593e+06 > 700,"IRLS prestep raised: ValueError('NaN, inf or invalid value detected in weights, estimation infeasible.')",overflow encountered in exp; divide by zero encountered in divide; overflow encountered in divide; invalid value encountered in divide; invalid value encountered in multiply; divide by zero encountered in divide; invalid value encountered in multiply; overflow encountered in exp; invalid value encountered in multiply; invalid value encountered in subtract; overflow encountered in exp; overflow enc,"ridge(alpha=0.0001, warm_start)",-0.345697941185767,-0.7501976527134103,2.2326873977995243,,False,1034.2171353596048,2.5173596189472462
fitbetas_warm,ddof1,True,31,dispersed,1.0,1029.0,True,False,True,False,,17.497710641240115,-5729809.832093522,1.0911386963459313,,"IRLS prestep raised: ValueError('NaN, inf or invalid value detected in weights, estimation infeasible.')",overflow encountered in exp; divide by zero encountered in divide; invalid value encountered in divide; invalid value encountered in multiply; divide by zero encountered in divide; invalid value encountered in multiply; divide by zero encountered in log; invalid value encountered in multiply; divide by zero encountered in divide; overflow encountered in divide; invalid value encountered in divide;,"ridge(alpha=0.0001, warm_start)",1.0911386963459313,-0.06934006575617169,0.19916488552168968,19773130140478.695,False,1034.2208213411327,0.5002965133780898
fitbetas_warm,ddof1,True,32,dispersed,1.0,1030.0,True,False,True,False,,387.93535427890697,-12.238172303960921,0.790867664953996,,"IRLS prestep raised: ValueError('NaN, inf or invalid value detected in weights, estimation infeasible.')","divide by zero encountered in divide; overflow encountered in divide; GLM ridge optimization may have failed, |grad|=nan","ridge(alpha=0.0001, warm_start)",0.790867664953996,-0.19852761006166914,-0.028274344996354003,2.955337390661238e+164,False,8.027249829621447,0.14805841667580444
fitbetas_warm,ddof1,True,33,dispersed,1.0,1031.0,True,False,True,False,100.0,24.396345533818415,-5730264.96543141,1.8628057721746356,,,divide by zero encountered in log; invalid value encountered in multiply; divide by zero encountered in divide; overflow encountered in divide; invalid value encountered in divide; divide by zero encountered in log; invalid value encountered in multiply; divide by zero encountered in divide; overflow encountered in divide; invalid value encountered in divide; divide by zero encountered in log; inv,"ridge(alpha=0.0001, warm_start)",1.8628057721746356,-0.4202256100439462,0.28977710376156984,19721009370448.984,False,1034.2158949047796,1.2761589946627852
fitbetas_warm,ddof1,True,34,dispersed,1.0,1032.0,False,False,False,False,,5729837.589153541,5.674501975878945,0.915285503391599,objective: exp overflow: max eta 5.73e+06 > 700,"IRLS prestep raised: ValueError('NaN, inf or invalid value detected in weights, estimation infeasible.')",overflow encountered in exp; divide by zero encountered in divide; invalid value encountered in divide; invalid value encountered in multiply; divide by zero encountered in divide; invalid value encountered in multiply; overflow encountered in exp; invalid value encountered in multiply; invalid value encountered in subtract; overflow encountered in exp; overflow encountered in divide; invalid valu,"ridge(alpha=0.0001, warm_start)",-0.915285503391599,-0.40968911381867856,-0.21914692365341118,,False,1034.2090997616385,1.5944258839693977
fitbetas_warm,ddof1,True,35,dispersed,1.0,1033.0,True,False,True,False,,25.6013531265234,-5729677.017988917,1.0557390187863265,,"IRLS prestep raised: ValueError('NaN, inf or invalid value detected in weights, estimation infeasible.')",overflow encountered in exp; invalid value encountered in multiply; invalid value encountered in multiply; divide by zero encountered in log; invalid value encountered in multiply; divide by zero encountered in divide; overflow encountered in divide; invalid value encountered in divide; divide by zero encountered in log; invalid value encountered in multiply; divide by zero encountered in divide; ,"ridge(alpha=0.0001, warm_start)",1.0557390187863265,0.24222552893897503,0.1992327884242322,19782498797115.42,False,1034.229607068456,0.6170157460060884
fitbetas_warm,ddof1,True,36,dispersed,1.0,1034.0,True,False,True,False,,435.157464970755,-10.927199496691582,0.7196494012297736,,"IRLS prestep raised: ValueError('NaN, inf or invalid value detected in weights, estimation infeasible.')","divide by zero encountered in divide; overflow encountered in divide; GLM ridge optimization may have failed, |grad|=nan","ridge(alpha=0.0001, warm_start)",0.7196494012297736,-0.293875790462494,0.026974117813254584,9.526013496334045e+184,False,6.616193428187512,0.14659611766030858
fitbetas_warm,ddof1,True,37,dispersed,1.0,1035.0,True,False,True,False,100.0,24.080173497727525,-5730306.684590972,0.4025930541456332,,,divide by zero encountered in log; invalid value encountered in multiply; divide by zero encountered in divide; overflow encountered in divide; invalid value encountered in divide; divide by zero encountered in log; invalid value encountered in multiply; divide by zero encountered in divide; overflow encountered in divide; invalid value encountered in divide; divide by zero encountered in log; inv,"ridge(alpha=0.0001, warm_start)",0.3214556221612025,-0.4025930541456332,-0.31774042589864127,19691168832519.098,False,1034.227762014416,0.5058760832516651
fitbetas_warm,ddof1,True,38,dispersed,2.0,1036.0,True,False,True,False,,17.40530970821787,-5730108.998876905,1.6482450752009654,,"IRLS prestep raised: ValueError('NaN, inf or invalid value detected in weights, estimation infeasible.')",overflow encountered in exp; invalid value encountered in multiply; invalid value encountered in multiply; divide by zero encountered in log; invalid value encountered in multiply; divide by zero encountered in divide; overflow encountered in divide; invalid value encountered in divide; divide by zero encountered in log; invalid value encountered in multiply; divide by zero encountered in divide; ,"ridge(alpha=0.0001, warm_start)",1.6482450752009654,-0.024493403311852388,0.16300763681707262,19744823708194.617,False,1034.218646462928,1.0262537534072032
fitbetas_warm,ddof1,True,39,dispersed,2.0,1037.0,False,False,True,False,,8.628053711726603,-5331863.238041052,41.13248902603691,"IRLS prestep raised: ValueError('NaN, inf or invalid value detected in weights, estimation infeasible.')","IRLS prestep raised: ValueError('NaN, inf or invalid value detected in weights, estimation infeasible.')",overflow encountered in exp; divide by zero encountered in divide; invalid value encountered in divide; invalid value encountered in multiply; divide by zero encountered in divide; invalid value encountered in multiply; divide by zero encountered in log; invalid value encountered in multiply; divide by zero encountered in divide; overflow encountered in divide; invalid value encountered in divide;,"ridge(alpha=0.0001, warm_start)",-23.746611386789965,39.852558645504146,41.13248902603691,18957141365300.727,False,1033.8982404966769,62.365181051039734
fitbetas_warm,ddof1,True,40,dispersed,2.0,1038.0,True,False,True,False,,16.700155398122476,-5729821.306778988,0.43750429756365394,,"IRLS prestep raised: ValueError('NaN, inf or invalid value detected in weights, estimation infeasible.')",overflow encountered in exp; invalid value encountered in multiply; invalid value encountered in multiply; divide by zero encountered in log; invalid value encountered in multiply; divide by zero encountered in divide; overflow encountered in divide; invalid value encountered in divide; divide by zero encountered in log; invalid value encountered in multiply; divide by zero encountered in divide; ,"ridge(alpha=0.0001, warm_start)",0.43750429756365394,-0.05586241852402594,0.221777457416971,19777792024711.527,False,1034.2376952472919,0.3309822611426399
fitbetas_warm,ddof1,True,41,dispersed,2.0,1039.0,False,False,False,False,,5729905.848926293,-4.8688130817415995,2.8372602134913905,objective: exp overflow: max eta 5.73e+06 > 700,"IRLS prestep raised: ValueError('NaN, inf or invalid value detected in weights, estimation infeasible.')",overflow encountered in exp; divide by zero encountered in divide; invalid value encountered in divide; invalid value encountered in multiply; divide by zero encountered in divide; invalid value encountered in multiply; overflow encountered in exp; invalid value encountered in multiply; invalid value encountered in subtract; overflow encountered in exp; overflow encountered in divide; invalid valu,"ridge(alpha=0.0001, warm_start)",-2.8372602134913905,0.010731636712176348,-0.11904473128144592,,False,1034.2361984987076,3.4906936336072456
fitbetas_warm,ddof1,True,42,dispersed,2.0,1040.0,True,False,True,False,,24.783025338826285,-5727664.365451375,0.7891985066924868,,"IRLS prestep raised: ValueError('NaN, inf or invalid value detected in weights, estimation infeasible.')",overflow encountered in exp; divide by zero encountered in divide; invalid value encountered in divide; overflow encountered in multiply; invalid value encountered in multiply; divide by zero encountered in divide; invalid value encountered in multiply; divide by zero encountered in log; invalid value encountered in multiply; divide by zero encountered in divide; overflow encountered in divide; in,"ridge(alpha=0.0001, warm_start)",0.7891985066924868,-0.6631194031021008,0.1746477237613928,19866283429593.484,False,1034.22147959632,0.543335583698385
fitbetas_warm,ddof1,True,43,dispersed,2.0,1041.0,False,False,False,False,,5729730.980510536,10.017425393111875,0.5780994342104882,objective: exp overflow: max eta 5.73e+06 > 700,"IRLS prestep raised: ValueError('NaN, inf or invalid value detected in weights, estimation infeasible.')",overflow encountered in exp; divide by zero encountered in divide; overflow encountered in divide; invalid value encountered in divide; overflow encountered in multiply; invalid value encountered in multiply; divide by zero encountered in divide; invalid value encountered in multiply; overflow encountered in exp; invalid value encountered in multiply; invalid value encountered in subtract; overflo,"ridge(alpha=0.0001, warm_start)",0.5780994342104882,0.08096974781138863,0.10072283439609862,,False,1034.2315166410697,0.28280881554749693
fitbetas_warm,ddof1,True,44,dispersed,2.0,1042.0,False,False,False,False,,5729704.77732006,23.370200728043237,0.5243936449093979,objective: exp overflow: max eta 5.73e+06 > 700,"IRLS prestep raised: ValueError('NaN, inf or invalid value detected in weights, estimation infeasible.')",overflow encountered in exp; divide by zero encountered in divide; invalid value encountered in divide; invalid value encountered in multiply; divide by zero encountered in divide; invalid value encountered in multiply; overflow encountered in exp; invalid value encountered in multiply; invalid value encountered in subtract; overflow encountered in exp; overflow encountered in divide; invalid valu,"ridge(alpha=0.0001, warm_start)",0.5243936449093979,-0.18163400704895388,-0.06579453778926142,,False,1034.3380555095266,0.1362209189643506
fitbetas_warm,ddof1,True,45,dispersed,2.0,1043.0,False,False,False,False,,5729830.41190513,0.03022460241772329,0.4869882833295721,objective: exp overflow: max eta 5.73e+06 > 700,"IRLS prestep raised: ValueError('NaN, inf or invalid value detected in weights, estimation infeasible.')",overflow encountered in exp; divide by zero encountered in divide; invalid value encountered in divide; invalid value encountered in multiply; divide by zero encountered in divide; invalid value encountered in multiply; overflow encountered in exp; invalid value encountered in multiply; invalid value encountered in subtract; overflow encountered in exp; overflow encountered in divide; invalid valu,"ridge(alpha=0.0001, warm_start)",0.42827880708913657,-0.4869882833295721,-0.1785510834108996,,False,1034.2176297425915,0.4205531586622027
fitbetas_warm,ddof1,True,46,dispersed,2.0,1044.0,False,False,False,False,,5729887.755050944,9.904634711611468,0.7255101683083527,objective: exp overflow: max eta 5.73e+06 > 700,"IRLS prestep raised: ValueError('NaN, inf or invalid value detected in weights, estimation infeasible.')",overflow encountered in exp; divide by zero encountered in divide; invalid value encountered in divide; invalid value encountered in multiply; divide by zero encountered in divide; invalid value encountered in multiply; overflow encountered in exp; invalid value encountered in multiply; invalid value encountered in subtract; overflow encountered in exp; overflow encountered in divide; invalid valu,"ridge(alpha=0.0001, warm_start)",0.7255101683083527,0.47756304985524894,-0.21140660730877844,,False,1034.20083958256,0.6847555764939313
fitbetas_warm,ddof1,True,47,dispersed,2.0,1045.0,True,False,True,False,,9.548791881011987,-5729877.118129407,1.9593070209198988,,"IRLS prestep raised: ValueError('NaN, inf or invalid value detected in weights, estimation infeasible.')",overflow encountered in exp; divide by zero encountered in divide; invalid value encountered in divide; invalid value encountered in multiply; divide by zero encountered in divide; invalid value encountered in multiply; divide by zero encountered in log; invalid value encountered in multiply; divide by zero encountered in divide; overflow encountered in divide; invalid value encountered in divide;,"ridge(alpha=0.0001, warm_start)",1.9593070209198988,0.2621800538233935,0.2631852559546878,19768654558864.086,False,1034.279987076303,1.4083233693496826
fitbetas_warm,ddof1,True,48,dispersed,2.0,1046.0,False,False,False,False,,5729888.533515201,4.638831948562111,0.5989542160180927,objective: exp overflow: max eta 5.73e+06 > 700,"IRLS prestep raised: ValueError('NaN, inf or invalid value detected in weights, estimation infeasible.')",overflow encountered in exp; divide by zero encountered in divide; invalid value encountered in divide; invalid value encountered in multiply; divide by zero encountered in divide; invalid value encountered in multiply; overflow encountered in exp; invalid value encountered in multiply; invalid value encountered in subtract; overflow encountered in exp; overflow encountered in divide; invalid valu,"ridge(alpha=0.0001, warm_start)",0.5989542160180927,0.1258294077643471,-0.21723036065863394,,False,1034.206826696738,0.36702851030174793
fitbetas_warm,ddof1,True,49,dispersed,2.0,1047.0,True,False,True,False,100.0,24.247495604266856,-5730313.538667905,1.0340322948937142,,,divide by zero encountered in log; invalid value encountered in multiply; divide by zero encountered in divide; overflow encountered in divide; invalid value encountered in divide; divide by zero encountered in log; invalid value encountered in multiply; divide by zero encountered in divide; overflow encountered in divide; invalid value encountered in divide; divide by zero encountered in log; inv,"ridge(alpha=0.0001, warm_start)",1.0340322948937142,-0.3987076711061197,-0.07148972611928456,19727243432313.14,False,1034.2331683249324,0.45360412674406986
prod_direct,ddof0,False,0,warm_production,,,True,False,True,,,5.795670004747393,-4868348.171614113,2.461329910512011,,,divide by zero encountered in log; invalid value encountered in multiply; divide by zero encountered in divide; overflow encountered in divide; invalid value encountered in divide; divide by zero encountered in log; invalid value encountered in multiply; divide by zero encountered in divide; overflow encountered in divide; invalid value encountered in divide; divide by zero encountered in log; inv,"ridge(alpha=0.0001, direct_start)",2.461329910512011,-0.19283775376907647,0.6794048232026807,20382293849144.7,False,1034.235712482083,1.9401248589832618
prod_direct,ddof0,False,1,cold,,,True,False,True,,,22.271552736550717,-27.67655165339363,0.6468566611612588,,,"GLM ridge optimization may have failed, |grad|=0.178197",ridge(alpha=0.0001),0.6468566611612588,-0.17126111626112517,-0.007112288418868083,1920053.7607715488,True,0.0,0.0
prod_direct,ddof0,False,2,dispersed,0.25,1000.0,True,False,True,,,650.1119082337701,-4.428434849895014,0.5048689608754784,,,"overflow encountered in divide; GLM ridge optimization may have failed, |grad|=nan","ridge(alpha=0.0001, direct_start)",0.5048689608754784,-0.09479072139125821,0.0426645702942584,2.1499941011440256e+278,False,0.434101267803986,0.16877785396000433
prod_direct,ddof0,False,3,dispersed,0.25,1001.0,False,False,False,,,5729913.8134865165,8.926502364043998,0.41121455890513287,objective: exp overflow: max eta 5.73e+06 > 700,,overflow encountered in exp; invalid value encountered in multiply; invalid value encountered in subtract; overflow encountered in exp; overflow encountered in divide; invalid value encountered in divide; overflow encountered in exp; invalid value encountered in multiply; invalid value encountered in subtract; overflow encountered in exp; overflow encountered in divide; invalid value encountered i,"ridge(alpha=0.0001, direct_start)",0.41121455890513287,-0.11639690172878919,-0.21775051189243347,,False,1034.2041539163965,0.320789251035686
prod_direct,ddof0,False,4,dispersed,0.25,1002.0,True,False,True,,,20.608098348022956,-5729944.01268614,1.057330983745167,,,divide by zero encountered in log; invalid value encountered in multiply; divide by zero encountered in divide; overflow encountered in divide; invalid value encountered in divide; divide by zero encountered in log; invalid value encountered in multiply; divide by zero encountered in divide; overflow encountered in divide; invalid value encountered in divide; divide by zero encountered in log; inv,"ridge(alpha=0.0001, direct_start)",1.057330983745167,-0.2329042396088312,0.15869740081786785,19755904185639.633,False,1034.2021452612262,0.44696968264252745
prod_direct,ddof0,False,5,dispersed,0.25,1003.0,False,False,False,,,5729771.293196176,7.1230150083235015,0.5370222453333842,objective: exp overflow: max eta 5.73e+06 > 700,,overflow encountered in exp; invalid value encountered in multiply; invalid value encountered in subtract; overflow encountered in exp; overflow encountered in divide; invalid value encountered in divide; overflow encountered in exp; invalid value encountered in multiply; invalid value encountered in subtract; overflow encountered in exp; overflow encountered in divide; invalid value encountered i,"ridge(alpha=0.0001, direct_start)",0.5370222453333842,-0.11983107534719376,-0.20127631980693145,,False,1034.176453680083,0.2289286331884328
prod_direct,ddof0,False,6,dispersed,0.25,1004.0,True,False,True,,,20.17404637838026,-5730331.973505302,1.0285785189087748,,,divide by zero encountered in log; invalid value encountered in multiply; divide by zero encountered in divide; overflow encountered in divide; invalid value encountered in divide; divide by zero encountered in log; invalid value encountered in multiply; divide by zero encountered in divide; overflow encountered in divide; invalid value encountered in divide; divide by zero encountered in log; inv,"ridge(alpha=0.0001, direct_start)",1.0285785189087748,-0.6113161425934216,0.21034499957307007,19692375073003.64,False,1034.2060814397962,0.6218099991020903
prod_direct,ddof0,False,7,dispersed,0.25,1005.0,False,False,False,,,5729508.903651745,6.6002091620788725,0.15108595804906427,objective: exp overflow: max eta 5.73e+06 > 700,,overflow encountered in exp; invalid value encountered in multiply; invalid value encountered in subtract; overflow encountered in exp; overflow encountered in divide; invalid value encountered in divide; overflow encountered in exp; invalid value encountered in multiply; invalid value encountered in subtract; overflow encountered in exp; overflow encountered in divide; invalid value encountered i,"ridge(alpha=0.0001, direct_start)",0.10081312497610384,-0.14515168529707428,-0.15108595804906427,,False,1034.2272967474948,0.5653084674243258
prod_direct,ddof0,False,8,dispersed,0.25,1006.0,True,False,True,,,532.18839031587,-3.7167856378119937,0.5864600484764247,,,"overflow encountered in divide; GLM ridge optimization may have failed, |grad|=nan","ridge(alpha=0.0001, direct_start)",0.5864600484764247,-0.10004256989114571,0.06253727020394143,1.3149345888122734e+227,False,1.1747734866480892,0.11649417662358473
prod_direct,ddof0,False,9,dispersed,0.25,1007.0,True,False,True,,,19.170401975916235,-5730306.476379613,0.6207536232654401,,,divide by zero encountered in log; invalid value encountered in multiply; divide by zero encountered in divide; overflow encountered in divide; invalid value encountered in divide; divide by zero encountered in log; invalid value encountered in multiply; divide by zero encountered in divide; overflow encountered in divide; invalid value encountered in divide; divide by zero encountered in log; inv,"ridge(alpha=0.0001, direct_start)",0.6207536232654401,-0.5168094309147149,0.1695510802692634,19707024770716.145,False,1034.206145605935,0.3889665180752264
prod_direct,ddof0,False,10,dispersed,0.25,1008.0,True,False,True,,,544.0968769262087,-5.064265839070996,0.6903479043437966,,,"overflow encountered in divide; GLM ridge optimization may have failed, |grad|=nan","ridge(alpha=0.0001, direct_start)",0.6903479043437966,-0.2479320467698708,-0.0777597725557957,1.9529652370284515e+232,False,0.5286342474004239,0.11296453794672456
prod_direct,ddof0,False,11,dispersed,0.25,1009.0,True,False,True,,,20.904208834849292,-5730290.550518004,0.8936247208254244,,,divide by zero encountered in log; invalid value encountered in multiply; divide by zero encountered in divide; overflow encountered in divide; invalid value encountered in divide; divide by zero encountered in log; invalid value encountered in multiply; divide by zero encountered in divide; overflow encountered in divide; invalid value encountered in divide; divide by zero encountered in log; inv,"ridge(alpha=0.0001, direct_start)",0.8936247208254244,-0.5664809870968657,0.24404316533798137,19691684212822.074,False,1034.198838669177,0.5293130298090588
prod_direct,ddof0,False,12,dispersed,0.25,1010.0,False,False,False,,,5729932.397482132,5.9596887586566165,0.28883382802880714,objective: exp overflow: max eta 5.73e+06 > 700,,overflow encountered in exp; invalid value encountered in multiply; invalid value encountered in subtract; overflow encountered in exp; overflow encountered in divide; invalid value encountered in divide; overflow encountered in exp; invalid value encountered in multiply; invalid value encountered in subtract; overflow encountered in exp; overflow encountered in divide; invalid value encountered i,"ridge(alpha=0.0001, direct_start)",0.28883382802880714,-0.14549620055039436,-0.23543862966942766,,False,1034.20880783794,0.4254140313090712
prod_direct,ddof0,False,13,dispersed,0.25,1011.0,False,False,False,,,5729851.08578705,7.968007610391698,0.7403329538054726,objective: exp overflow: max eta 5.73e+06 > 700,,overflow encountered in exp; invalid value encountered in multiply; invalid value encountered in subtract; overflow encountered in exp; overflow encountered in divide; invalid value encountered in divide; overflow encountered in exp; invalid value encountered in multiply; invalid value encountered in subtract; overflow encountered in exp; overflow encountered in divide; invalid value encountered i,"ridge(alpha=0.0001, direct_start)",0.7403329538054726,-0.12695908922830312,-0.24893848641366978,,False,1034.2025268492537,0.2630216662603
prod_direct,ddof0,False,14,dispersed,0.5,1012.0,False,False,False,,,5729913.907872858,8.01990002736739,1.0458885900951551,objective: exp overflow: max eta 5.73e+06 > 700,,overflow encountered in exp; invalid value encountered in multiply; invalid value encountered in subtract; overflow encountered in exp; overflow encountered in divide; invalid value encountered in divide; overflow encountered in exp; invalid value encountered in multiply; invalid value encountered in subtract; overflow encountered in exp; overflow encountered in divide; invalid value encountered i,"ridge(alpha=0.0001, direct_start)",1.0458885900951551,-0.18177304995267876,-0.09638599827707788,,False,1034.2031996663377,0.40903151019266165
prod_direct,ddof0,False,15,dispersed,0.5,1013.0,True,False,True,,,21.52736318459125,-5730319.247174019,1.03576387826451,,,divide by zero encountered in log; invalid value encountered in multiply; divide by zero encountered in divide; overflow encountered in divide; invalid value encountered in divide; divide by zero encountered in log; invalid value encountered in multiply; divide by zero encountered in divide; overflow encountered in divide; invalid value encountered in divide; divide by zero encountered in log; inv,"ridge(alpha=0.0001, direct_start)",1.03576387826451,-0.6413790393845016,0.11100003576216488,19691108766106.207,False,1034.2047546533515,0.6214581291448987
prod_direct,ddof0,False,16,dispersed,0.5,1014.0,True,False,True,,,19.116869473889466,-5637112.858885409,0.9827996921982761,,,divide by zero encountered in log; invalid value encountered in multiply; divide by zero encountered in divide; overflow encountered in divide; invalid value encountered in divide; divide by zero encountered in log; invalid value encountered in multiply; divide by zero encountered in divide; overflow encountered in divide; invalid value encountered in divide; divide by zero encountered in log; inv,"ridge(alpha=0.0001, direct_start)",0.9827996921982761,-0.15749730676948404,-0.09637318892376032,20604764551235.688,False,1034.237826659182,0.34787162993409626
prod_direct,ddof0,False,17,dispersed,0.5,1015.0,True,False,True,,,17.457586696591,-5730228.368244429,0.49971300994781936,,,divide by zero encountered in log; invalid value encountered in multiply; divide by zero encountered in divide; overflow encountered in divide; invalid value encountered in divide; divide by zero encountered in log; invalid value encountered in multiply; divide by zero encountered in divide; overflow encountered in divide; invalid value encountered in divide; divide by zero encountered in log; inv,"ridge(alpha=0.0001, direct_start)",0.49971300994781936,-0.45172358513084954,0.19596061475314852,19722872767393.426,False,1034.2066234453098,0.3762300553380002
prod_direct,ddof0,False,18,dispersed,0.5,1016.0,True,False,True,,,408.1785112928891,-6.4217930039760995,0.8289307008573972,,,"overflow encountered in divide; GLM ridge optimization may have failed, |grad|=nan","ridge(alpha=0.0001, direct_start)",0.8289307008573972,-0.2394543219858976,-0.08082177661522078,1.8286806603493962e+173,False,2.128488846857645,0.20792873271498663
prod_direct,ddof0,False,19,dispersed,0.5,1017.0,False,False,False,,,5405545.010085815,-696.7175523831106,5.167926245793362,objective: exp overflow: max eta 5.406e+06 > 700,,overflow encountered in exp; invalid value encountered in multiply; invalid value encountered in subtract; overflow encountered in exp; overflow encountered in divide; invalid value encountered in divide; overflow encountered in exp; invalid value encountered in multiply; invalid value encountered in subtract; overflow encountered in exp; overflow encountered in divide; invalid value encountered i,"ridge(alpha=0.0001, direct_start)",-1.6513029520545381,-1.2158114124467463,5.167926245793362,,False,1034.1801543176389,5.757920350235761
prod_direct,ddof0,False,20,dispersed,0.5,1018.0,True,False,True,,,22.33690349650696,-5729936.2965906365,1.524682189466195,,,divide by zero encountered in log; invalid value encountered in multiply; divide by zero encountered in divide; overflow encountered in divide; invalid value encountered in divide; divide by zero encountered in log; invalid value encountered in multiply; divide by zero encountered in divide; overflow encountered in divide; invalid value encountered in divide; divide by zero encountered in log; inv,"ridge(alpha=0.0001, direct_start)",1.524682189466195,-0.20218907200991265,0.21504977393562325,19750779733774.145,False,1034.1924451510563,0.9060298993632827
prod_direct,ddof0,False,21,dispersed,0.5,1019.0,False,False,False,,,5729920.18089072,6.433532706647351,0.4456706570793344,objective: exp overflow: max eta 5.73e+06 > 700,,overflow encountered in exp; invalid value encountered in multiply; invalid value encountered in subtract; overflow encountered in exp; overflow encountered in divide; invalid value encountered in divide; overflow encountered in exp; invalid value encountered in multiply; invalid value encountered in subtract; overflow encountered in exp; overflow encountered in divide; invalid value encountered i,"ridge(alpha=0.0001, direct_start)",0.4456706570793344,-0.15906211391582842,-0.2515757565138132,,False,1034.2081178422236,0.316839093436528
prod_direct,ddof0,False,22,dispersed,0.5,1020.0,False,False,False,,,1.349645580017806e+172,-4.1580805689059896e+162,5.079729225822344e+164,|macro beta| 5.08e+164 > 20.0,,invalid value encountered in scalar divide; overflow encountered in exp; divide by zero encountered in log; invalid value encountered in multiply; invalid value encountered in subtract; overflow encountered in square; overflow encountered in exp; invalid value encountered in divide; overflow encountered in exp; divide by zero encountered in log; invalid value encountered in multiply; invalid value,"ridge(alpha=0.0001, direct_start)",-3.806802998394894e+164,1.866365377588735e+163,-5.079729225822344e+164,,False,inf,inf
prod_direct,ddof0,False,23,dispersed,0.5,1021.0,False,False,False,,,1.6711380978300082e+218,-4.042639370727025e+209,6.288491120295935e+210,|macro beta| 6.29e+210 > 20.0,,invalid value encountered in scalar divide; overflow encountered in exp; divide by zero encountered in log; invalid value encountered in multiply; invalid value encountered in subtract; overflow encountered in square; overflow encountered in exp; invalid value encountered in divide; overflow encountered in exp; divide by zero encountered in log; invalid value encountered in multiply; invalid value,"ridge(alpha=0.0001, direct_start)",-5.0693365832923193e+210,5.9521370412461705e+209,-6.288491120295935e+210,,False,inf,inf
prod_direct,ddof0,False,24,dispersed,0.5,1022.0,True,False,True,,,20.141672648442942,-5730250.215613433,0.9002454326898846,,,divide by zero encountered in log; invalid value encountered in multiply; divide by zero encountered in divide; overflow encountered in divide; invalid value encountered in divide; divide by zero encountered in log; invalid value encountered in multiply; divide by zero encountered in divide; overflow encountered in divide; invalid value encountered in divide; divide by zero encountered in log; inv,"ridge(alpha=0.0001, direct_start)",0.9002454326898846,-0.5078880825928399,0.19070448528695033,19701403670435.39,False,1034.1933457351206,0.465462200353432
prod_direct,ddof0,False,25,dispersed,0.5,1023.0,False,False,False,,,5729980.084148457,10.430665609606232,0.14885759280029007,objective: exp overflow: max eta 5.73e+06 > 700,,overflow encountered in exp; invalid value encountered in multiply; invalid value encountered in subtract; overflow encountered in exp; overflow encountered in divide; invalid value encountered in divide; overflow encountered in exp; invalid value encountered in multiply; invalid value encountered in subtract; overflow encountered in exp; overflow encountered in divide; invalid value encountered i,"ridge(alpha=0.0001, direct_start)",0.10288378913169025,-0.14885759280029007,-0.1331313353814097,,False,1034.2217429022635,0.5588284205057084
prod_direct,ddof0,False,26,dispersed,1.0,1024.0,True,False,True,,,680.8604619193738,-5.918590719681806,0.41186592754909823,,,"overflow encountered in divide; GLM ridge optimization may have failed, |grad|=nan","ridge(alpha=0.0001, direct_start)",0.41186592754909823,-0.09410778498588301,-0.08045855099573068,4.856959246190174e+291,False,2.1381125765179565,0.257978595322253
prod_direct,ddof0,False,27,dispersed,1.0,1025.0,False,False,False,,,5729959.134772514,-0.5293683696344686,0.28915387801813897,objective: exp overflow: max eta 5.73e+06 > 700,,overflow encountered in exp; invalid value encountered in multiply; invalid value encountered in subtract; overflow encountered in exp; overflow encountered in divide; invalid value encountered in divide; overflow encountered in exp; invalid value encountered in multiply; invalid value encountered in subtract; overflow encountered in exp; overflow encountered in divide; invalid value encountered i,"ridge(alpha=0.0001, direct_start)",-0.28915387801813897,-0.2001612903118418,-0.2669099432657346,,False,1034.2516859559694,0.9718259983037089
prod_direct,ddof0,False,28,dispersed,1.0,1026.0,True,False,True,,,16.54578050193799,-5730241.238784711,1.3261474649199634,,,divide by zero encountered in log; invalid value encountered in multiply; divide by zero encountered in divide; overflow encountered in divide; invalid value encountered in divide; divide by zero encountered in log; invalid value encountered in multiply; divide by zero encountered in divide; overflow encountered in divide; invalid value encountered in divide; divide by zero encountered in log; inv,"ridge(alpha=0.0001, direct_start)",1.3261474649199634,-0.6123726701975067,0.20044393481563022,19695970845292.42,False,1034.1971562238198,0.8361190016323544
prod_direct,ddof0,False,29,dispersed,1.0,1027.0,False,False,False,,,5729888.87458223,8.854932030113508,0.21147568673724434,objective: exp overflow: max eta 5.73e+06 > 700,,overflow encountered in exp; invalid value encountered in multiply; invalid value encountered in subtract; overflow encountered in exp; overflow encountered in divide; invalid value encountered in divide; overflow encountered in exp; invalid value encountered in multiply; invalid value encountered in subtract; overflow encountered in exp; overflow encountered in divide; invalid value encountered i,"ridge(alpha=0.0001, direct_start)",0.12540977276600115,0.1261014327408954,-0.21147568673724434,,False,1034.2128818171539,0.6341101966837552
prod_direct,ddof0,False,30,dispersed,1.0,1028.0,False,False,False,,,5592767.613315062,-619.1255513531966,2.2329567424814094,objective: exp overflow: max eta 5.593e+06 > 700,,overflow encountered in exp; invalid value encountered in multiply; invalid value encountered in subtract; overflow encountered in exp; overflow encountered in divide; invalid value encountered in divide; overflow encountered in exp; invalid value encountered in multiply; invalid value encountered in subtract; overflow encountered in exp; overflow encountered in divide; invalid value encountered i,"ridge(alpha=0.0001, direct_start)",-0.3458872301149931,-0.7500470456444022,2.2329567424814094,,False,1034.2171355180642,2.5176264315654313
prod_direct,ddof0,False,31,dispersed,1.0,1029.0,True,False,True,,,17.49772710331931,-5729809.831713379,1.0911483774492736,,,divide by zero encountered in log; invalid value encountered in multiply; divide by zero encountered in divide; overflow encountered in divide; invalid value encountered in divide; divide by zero encountered in log; invalid value encountered in multiply; divide by zero encountered in divide; overflow encountered in divide; invalid value encountered in divide; divide by zero encountered in log; inv,"ridge(alpha=0.0001, direct_start)",1.0911483774492736,-0.06933943933402989,0.19917541052531007,19773130173794.04,False,1034.220821356657,0.500337658112464
prod_direct,ddof0,False,32,dispersed,1.0,1030.0,True,False,True,,,387.93529107079485,-12.238194651601793,0.790867664953996,,,"overflow encountered in divide; GLM ridge optimization may have failed, |grad|=nan","ridge(alpha=0.0001, direct_start)",0.790867664953996,-0.19852761006166914,-0.028274344996354003,2.955150595304547e+164,False,8.027250400725341,0.14808937685112855
prod_direct,ddof0,False,33,dispersed,1.0,1031.0,True,False,True,,,17.669446654242044,-5730164.961478048,1.8864148896770936,,,divide by zero encountered in log; invalid value encountered in multiply; divide by zero encountered in divide; overflow encountered in divide; invalid value encountered in divide; divide by zero encountered in log; invalid value encountered in multiply; divide by zero encountered in divide; overflow encountered in divide; invalid value encountered in divide; divide by zero encountered in log; inv,"ridge(alpha=0.0001, direct_start)",1.8864148896770936,-0.42022049501764136,0.10913956614831279,19719812484173.293,False,1034.193934240792,1.2696455678032568
prod_direct,ddof0,False,34,dispersed,1.0,1032.0,False,False,False,,,5729837.591892735,5.674427138876347,0.9152880251359137,objective: exp overflow: max eta 5.73e+06 > 700,,overflow encountered in exp; invalid value encountered in multiply; invalid value encountered in subtract; overflow encountered in exp; overflow encountered in divide; invalid value encountered in divide; overflow encountered in exp; invalid value encountered in multiply; invalid value encountered in subtract; overflow encountered in exp; overflow encountered in divide; invalid value encountered i,"ridge(alpha=0.0001, direct_start)",-0.9152880251359137,-0.40969126357375873,-0.2191574715888795,,False,1034.2090997211783,1.5943989826199774
prod_direct,ddof0,False,35,dispersed,1.0,1033.0,True,False,True,,,25.601369372269325,-5729677.018308405,1.055748970557901,,,divide by zero encountered in log; invalid value encountered in multiply; divide by zero encountered in divide; overflow encountered in divide; invalid value encountered in divide; divide by zero encountered in log; invalid value encountered in multiply; divide by zero encountered in divide; overflow encountered in divide; invalid value encountered in divide; divide by zero encountered in log; inv,"ridge(alpha=0.0001, direct_start)",1.055748970557901,0.24222615846737142,0.19924256070555663,19782498782945.52,False,1034.2296070833565,0.6170469761722219
prod_direct,ddof0,False,36,dispersed,1.0,1034.0,True,False,True,,,435.1574046296822,-10.92719790545108,0.7196494012297736,,,"overflow encountered in divide; GLM ridge optimization may have failed, |grad|=nan","ridge(alpha=0.0001, direct_start)",0.7196494012297736,-0.293875790462494,0.026974117813254584,9.525438704385475e+184,False,6.616193776024442,0.14661181543794988
prod_direct,ddof0,False,37,dispersed,1.0,1035.0,True,False,True,,,15.719324939436165,-5730206.6845988585,0.4025665227697117,,,divide by zero encountered in log; invalid value encountered in multiply; divide by zero encountered in divide; overflow encountered in divide; invalid value encountered in divide; divide by zero encountered in log; invalid value encountered in multiply; divide by zero encountered in divide; overflow encountered in divide; invalid value encountered in divide; divide by zero encountered in log; inv,"ridge(alpha=0.0001, direct_start)",-0.0379863254625496,-0.4025665227697117,0.20507555910822253,19690146800918.38,False,1034.1929139418885,0.7533497129793707
prod_direct,ddof0,False,38,dispersed,2.0,1036.0,True,False,True,,,17.405341230816074,-5730108.993024335,1.6482560335320595,,,divide by zero encountered in log; invalid value encountered in multiply; divide by zero encountered in divide; overflow encountered in divide; invalid value encountered in divide; divide by zero encountered in log; invalid value encountered in multiply; divide by zero encountered in divide; overflow encountered in divide; invalid value encountered in divide; divide by zero encountered in log; inv,"ridge(alpha=0.0001, direct_start)",1.6482560335320595,-0.024489149759709977,0.1630182164162442,19744824357776.32,False,1034.218646505013,1.026297764691503
prod_direct,ddof0,False,39,dispersed,2.0,1037.0,False,False,True,,,8.631006154200596,-5331732.098001727,41.14130610272293,|macro beta| 41.1 > 20.0,,divide by zero encountered in log; invalid value encountered in multiply; divide by zero encountered in divide; overflow encountered in divide; invalid value encountered in divide; divide by zero encountered in log; invalid value encountered in multiply; divide by zero encountered in divide; overflow encountered in divide; invalid value encountered in divide; divide by zero encountered in log; inv,"ridge(alpha=0.0001, direct_start)",-23.752742439717245,39.86109971380053,41.14130610272293,18956786441938.246,False,1033.898172767566,62.378864096778024
prod_direct,ddof0,False,40,dispersed,2.0,1038.0,True,False,True,,,16.700158102600014,-5729821.306776561,0.4375146850641175,,,divide by zero encountered in log; invalid value encountered in multiply; divide by zero encountered in divide; overflow encountered in divide; invalid value encountered in divide; divide by zero encountered in log; invalid value encountered in multiply; divide by zero encountered in divide; overflow encountered in divide; invalid value encountered in divide; divide by zero encountered in log; inv,"ridge(alpha=0.0001, direct_start)",0.4375146850641175,-0.055862243535982126,0.22178735415475564,19777792028198.152,False,1034.2376952368345,0.330962247322595
prod_direct,ddof0,False,41,dispersed,2.0,1039.0,False,False,False,,,5729905.849198835,-4.869053241367494,2.837260399421405,objective: exp overflow: max eta 5.73e+06 > 700,,overflow encountered in exp; invalid value encountered in multiply; invalid value encountered in subtract; overflow encountered in exp; overflow encountered in divide; invalid value encountered in divide; overflow encountered in exp; invalid value encountered in multiply; invalid value encountered in subtract; overflow encountered in exp; overflow encountered in divide; invalid value encountered i,"ridge(alpha=0.0001, direct_start)",-2.837260399421405,0.010731072457256116,-0.11905533872903919,,False,1034.2361983909245,3.490662414945111
prod_direct,ddof0,False,42,dispersed,2.0,1040.0,True,False,True,,,24.78303813391356,-5727664.3643118525,0.7892097335943171,,,divide by zero encountered in log; invalid value encountered in multiply; divide by zero encountered in divide; overflow encountered in divide; invalid value encountered in divide; divide by zero encountered in log; invalid value encountered in multiply; divide by zero encountered in divide; overflow encountered in divide; invalid value encountered in divide; divide by zero encountered in log; inv,"ridge(alpha=0.0001, direct_start)",0.7892097335943171,-0.6631192706096468,0.17465515889543393,19866283469971.844,False,1034.2214795989337,0.5433491015299677
prod_direct,ddof0,False,43,dispersed,2.0,1041.0,False,False,False,,,5729730.994509685,10.0174567376682,0.5780670392333455,objective: exp overflow: max eta 5.73e+06 > 700,,overflow encountered in exp; invalid value encountered in multiply; invalid value encountered in subtract; overflow encountered in exp; overflow encountered in divide; invalid value encountered in divide; overflow encountered in exp; invalid value encountered in multiply; invalid value encountered in subtract; overflow encountered in exp; overflow encountered in divide; invalid value encountered i,"ridge(alpha=0.0001, direct_start)",0.5780670392333455,0.08097869226949991,0.10073229389958223,,False,1034.2315167864986,0.2828204148006163
prod_direct,ddof0,False,44,dispersed,2.0,1042.0,False,False,False,,,5729704.771505442,23.370230710424963,0.5243799492357687,objective: exp overflow: max eta 5.73e+06 > 700,,overflow encountered in exp; invalid value encountered in multiply; invalid value encountered in subtract; overflow encountered in exp; overflow encountered in divide; invalid value encountered in divide; overflow encountered in exp; invalid value encountered in multiply; invalid value encountered in subtract; overflow encountered in exp; overflow encountered in divide; invalid value encountered i,"ridge(alpha=0.0001, direct_start)",0.5243799492357687,-0.18163127422643646,-0.06580405833279815,,False,1034.3380554999783,0.1362086964768943
prod_direct,ddof0,False,45,dispersed,2.0,1043.0,False,False,False,,,5729830.4120645225,0.03025085876868694,0.486986605995019,objective: exp overflow: max eta 5.73e+06 > 700,,overflow encountered in exp; invalid value encountered in multiply; invalid value encountered in subtract; overflow encountered in exp; overflow encountered in divide; invalid value encountered in divide; overflow encountered in exp; invalid value encountered in multiply; invalid value encountered in subtract; overflow encountered in exp; overflow encountered in divide; invalid value encountered i,"ridge(alpha=0.0001, direct_start)",0.4282662297865799,-0.486986605995019,-0.1785616758753487,,False,1034.2176297348592,0.4205463755823818
prod_direct,ddof0,False,46,dispersed,2.0,1044.0,False,False,False,,,5729887.755168175,9.904680206172554,0.7254984723021292,objective: exp overflow: max eta 5.73e+06 > 700,,overflow encountered in exp; invalid value encountered in multiply; invalid value encountered in subtract; overflow encountered in exp; overflow encountered in divide; invalid value encountered in divide; overflow encountered in exp; invalid value encountered in multiply; invalid value encountered in subtract; overflow encountered in exp; overflow encountered in divide; invalid value encountered i,"ridge(alpha=0.0001, direct_start)",0.7254984723021292,0.47756561151727606,-0.21141719966400577,,False,1034.200839583852,0.6847635751834552
prod_direct,ddof0,False,47,dispersed,2.0,1045.0,True,False,True,,,9.548825350598092,-5729877.116111432,1.9593165469918932,,,divide by zero encountered in log; invalid value encountered in multiply; divide by zero encountered in divide; overflow encountered in divide; invalid value encountered in divide; divide by zero encountered in log; invalid value encountered in multiply; divide by zero encountered in divide; overflow encountered in divide; invalid value encountered in divide; divide by zero encountered in log; inv,"ridge(alpha=0.0001, direct_start)",1.9593165469918932,0.2621820297091253,0.26319589744298655,19768654722524.977,False,1034.2799871280756,1.4083644514283495
prod_direct,ddof0,False,48,dispersed,2.0,1046.0,False,False,False,,,5729888.5337036885,4.638838310294852,0.5989422145235259,objective: exp overflow: max eta 5.73e+06 > 700,,overflow encountered in exp; invalid value encountered in multiply; invalid value encountered in subtract; overflow encountered in exp; overflow encountered in divide; invalid value encountered in divide; overflow encountered in exp; invalid value encountered in multiply; invalid value encountered in subtract; overflow encountered in exp; overflow encountered in divide; invalid value encountered i,"ridge(alpha=0.0001, direct_start)",0.5989422145235259,0.12583171884972566,-0.21724095773209504,,False,1034.2068266942556,0.3670340645473535
prod_direct,ddof0,False,49,dispersed,2.0,1047.0,True,False,True,,,18.747280242717625,-5730213.53645052,1.0142053295131408,,,divide by zero encountered in log; invalid value encountered in multiply; divide by zero encountered in divide; overflow encountered in divide; invalid value encountered in divide; divide by zero encountered in log; invalid value encountered in multiply; divide by zero encountered in divide; overflow encountered in divide; invalid value encountered in divide; divide by zero encountered in log; inv,"ridge(alpha=0.0001, direct_start)",1.0142053295131408,-0.398705177414888,0.2056405072756381,19725961490437.21,False,1034.2092615239267,0.4816010767947325
