rep,converged,fit_method,failure,gap_std,burn_std,fric_std,head_const,head_age_linear,head_age_spline_12,head_age_spline_24,head_age_spline_36,head_age_spline_60,head_age_spline_84,head_age_spline_120,head_rate_gap_bps,head_burnout_orth,head_friction,head_m_2,head_m_3,head_m_4,head_m_5,head_m_6,head_m_7,head_m_8,head_m_9,head_m_10,head_m_11,head_m_12,resc_rate_gap_bps,resc_burnout_orth,resc_friction
0,True,"ridge(alpha=0.0001, warm_start)",,221.4902087925809,0.12106603247680771,0.004086956027517447,-13.497155120891684,-163.27653917768984,-1006.7777179595791,-170.59885534334674,-13.09339887819699,0.1501789770406874,5.601148119498939e-07,3.4395419565350125e-07,1.3440945528137362,0.4618999733736198,1.363726182520568,-0.7523386290333395,-0.6175910130141661,-0.5634483349711198,-0.5695268401116909,-0.514762698879757,-0.5450544667973919,-0.5133720109391386,-0.4336215854400415,-0.34407113999528627,-0.36479178850326766,-0.42933576448968325,1.3409209606442942,0.4587165803958424,1.3625649052914448
1,True,"ridge(alpha=0.0001, warm_start)",,219.10119340107696,0.11667497946777998,0.0040854593942587685,-4.078734622759432,0.0523220681454756,-0.0031192896373739482,0.002183133209519273,0.0010257747303540658,0.0014700938740771648,-1.5957229138676236e-07,4.420454470440635e-08,0.6844137654070904,-0.22730870779876586,0.08096746282705614,0.04962210395924934,0.4088084121480195,0.3307194542211192,0.2874350515116336,0.4544399079733383,0.3526701905496801,0.4461455894667083,0.515964907919134,0.5418747095274791,0.36119349066697326,0.2674582716252231,0.6902427977147368,-0.23423789197941383,0.08092815089987486
2,True,"ridge(alpha=0.0001, warm_start)",,219.8306687179982,0.12557578896612004,0.004079053290919639,-3.8661081895945,0.041981886821073254,-0.0036436525717649755,0.0047223127833168075,-0.002005777265888594,0.003920540156508548,7.986810555407503e-06,6.39343231452789e-06,0.6339447115824464,-0.2298094745500689,0.021272516510531796,0.10117207872495566,0.41667624612301557,0.24723762219636636,0.21493521503750884,0.37058230700758815,0.2527753000522285,0.4379839464573497,0.4845463767748006,0.4826582813446906,0.3244637921354041,0.2167585192942164,0.6372223402991702,-0.2200294561568339,0.021295580126036568
3,False,,RuntimeError('non-converged fit (max |macro beta| = 160)'),,,,,,,,,,,,,,,,,,,,,,,,,,,,
4,True,"ridge(alpha=0.0001, warm_start)",,214.8928737233707,0.11958119688315774,0.0040598622641072534,-14.51016158390657,-177.28963630419813,-1005.9012359557746,-161.7419266945185,-8.885979700721624,0.2388765141251377,5.601148119504218e-07,3.439541956538254e-07,0.7485449748378704,1.0354374496018512,1.4680358344148499,-0.8391547560660564,-0.7311131323679813,-0.6583253537675189,-0.6522690306449204,-0.602786168657351,-0.6288205252654286,-0.5999206974479243,-0.513064400065453,-0.419284599745786,-0.4373657256315283,-0.4964335978209582,0.7697040585457386,1.0410696444938956,1.476574425663048
5,True,"ridge(alpha=0.0001, warm_start)",,222.4318305746475,0.11769297906711343,0.004080547185936545,-3.8550177862253276,0.04822119620300898,-0.003998546557390219,0.004469692662773234,-0.0007057440963049166,0.0019209236969347857,-7.21447027240559e-08,-2.336867523433927e-07,0.6452274946471979,-0.20529858121654893,0.031094270426404426,0.08792329181619506,0.41077234198806306,0.2634406099172192,0.2171980401474853,0.3626057760272395,0.24328574053534832,0.38651772534559503,0.43869056082268004,0.4624777238929883,0.313147052460992,0.21436053027823365,0.6409790282905345,-0.20972693166635242,0.03111658676031166
6,True,"ridge(alpha=0.0001, warm_start)",,221.03932985003644,0.11723566554061624,0.004086257437225447,-3.529824419375836,0.043444937935913266,-0.004379748516428265,0.005376370195098371,-0.001517727123499849,0.002967901569172686,5.0206890570394216e-08,-6.400813365310646e-07,0.5560247421451718,-0.19671859968896704,0.006462234765376737,0.09893293415821593,0.413157555757999,0.2302328966221371,0.1906785382981143,0.3204695354384473,0.1925001666640671,0.3595094558136787,0.39714487218555555,0.4108916697082146,0.27801145454452586,0.18173462197486365,0.555843399864475,-0.20174579062002235,0.006457835716135672
7,True,"ridge(alpha=0.0001, warm_start)",,218.83251229631455,0.12096693393246002,0.0040889197864945465,-4.029893798914895,0.05280090259256278,-0.0038692437374263726,0.0040592089808430066,-0.0004093230909177058,0.0017464635263431186,-3.8105387558959454e-08,2.5057848814062004e-08,0.6644769655982619,-0.1973401281653633,0.008997575940692603,0.11228068133528844,0.4445845780467718,0.26811380499852727,0.19120287686121623,0.32310062084442825,0.20879651819618011,0.36069264963447756,0.42190839446033257,0.44059964900396686,0.3169524997239024,0.21287179687625396,0.6709589884435485,-0.1961406200598321,0.008985596552273507
8,True,"ridge(alpha=0.0001, warm_start)",,223.50515054701913,0.12025749625105524,0.004079812282915833,-3.6738411995006577,0.04515111706004343,-0.004202101771373225,0.004815349279654264,-0.0006971568777820276,0.0010256673640236702,0.00016211493433831623,-2.1366206861968468e-05,0.6013658282320431,-0.1969874291579563,-0.003304339657306732,0.12929407898478443,0.44885053738258746,0.24964244514700826,0.17883372209136786,0.30339412289470946,0.1829309902780232,0.3608563579363656,0.4071896642418833,0.41843692591558307,0.2988923959909802,0.20386741369686848,0.5945372933495057,-0.1969450935085178,-0.003307306822430379
9,True,"ridge(alpha=0.0001, warm_start)",,220.11783245006208,0.12088207650759805,0.004076540390226869,-15.129768682511969,-181.76513831624354,-1005.2273700640816,-160.69339049953646,-12.24575174625014,0.17460956017143808,5.60114811948773e-07,3.4395419565281293e-07,1.8222062327741502,0.7557226128273336,0.9999255335182461,-0.8860080088054718,-0.792604549237942,-0.6877114829356348,-0.6755963345493736,-0.6343413161599096,-0.6631761734815936,-0.6650984170533711,-0.5904607753586414,-0.4923087371973981,-0.5075087207598351,-0.57106958807647,1.8292379012069802,0.7516563257604956,1.0016267026861203
10,True,"ridge(alpha=0.0001, warm_start)",,222.7445041008687,0.12769080543648798,0.004078549888923255,-14.592847533573641,-174.30762007058408,-1004.8714705987153,-170.66461214038898,-15.229122698169975,0.017725173431442767,5.601148119502796e-07,3.4395419565373805e-07,1.9184796656924692,-0.3752369416747888,0.846305061640619,-0.8179730802187433,-0.7249238276986641,-0.6513147254749281,-0.6431031569428165,-0.5987157354785914,-0.6305009299565671,-0.6212306158910015,-0.5465774480255189,-0.45391840937693984,-0.4749876299565525,-0.5407917574273655,1.9031722390253782,-0.3533171936637251,0.8473271936242469
11,True,"ridge(alpha=0.0001, warm_start)",,217.65089413279276,0.11749461357226187,0.004078999112571026,-4.106203900571879,0.03303485624751754,-0.0034660473794259077,0.004393318983552944,-0.001754121566958142,0.003746045611130429,3.584600195098992e-06,-3.784955679397322e-06,0.5705978199170123,-0.14115649408327535,-0.02935450813387208,0.12649563538424538,0.4071250277316348,0.1803626996125371,0.13785798727959922,0.2682746767854775,0.13467416035597868,0.3657572752244583,0.3979124754307989,0.39047676218950134,0.26842708782359137,0.15172642375400325,0.5792920166148781,-0.1444447351621625,-0.029386724543967003
12,True,"ridge(alpha=0.0001, warm_start)",,219.69791837630916,0.11515912619666317,0.004077572433991927,-3.5973854544449617,0.042778142122064565,-0.003928656011202594,0.004583341821500423,-0.0008546538719988782,0.001309834077923904,1.491119099800074e-07,-7.746986211127408e-08,0.6427374395991873,-0.10952865009570008,-0.050987403989881816,0.15017149401145366,0.42576909618130615,0.1919931561610376,0.11023164090595579,0.2238009922732136,0.09233237952847002,0.3154003758972051,0.3447082825406643,0.358943187088964,0.2613869790570845,0.14604578584150002,0.6464509044100768,-0.11435316395226315,-0.051061221654509735
13,True,"ridge(alpha=0.0001, warm_start)",,218.4817918390442,0.12233174860288554,0.004077412423679,-16.244624710580442,-190.31936179016085,-1005.685673057239,-147.38578192305874,-10.492919969851926,0.17163373603486207,5.601148119494318e-07,3.439541956532175e-07,3.121402263992251,-1.3124702098607117,0.3423144809318601,-0.9344366409930587,-0.8638814697204914,-0.764730803197367,-0.7532277337794477,-0.7282456570595959,-0.7544361475595764,-0.7945897054693232,-0.7202510243444799,-0.6101538692724002,-0.6217214077722139,-0.6979373648726084,3.1569113251807726,-1.2899387288342732,0.3428235240196008
14,True,"ridge(alpha=0.0001, warm_start)",,219.8318969293987,0.11926138473361184,0.004089333386427913,-13.571603745278313,-155.50024681369266,-1005.8643012857547,-182.56529491467484,-16.168657082998777,0.5743609627436389,5.60114811947124e-07,3.439541956518003e-07,2.4850659010627005,0.05055151758927484,0.6068821279479321,-0.7315435728289361,-0.5890460274326238,-0.5351168643793487,-0.5500515272138204,-0.5050340505686158,-0.5450817013104807,-0.5476404164343724,-0.47831729624425445,-0.37895108054650173,-0.4033019510506093,-0.4859115135719341,2.497900263271394,0.050962785955805855,0.6060128249747088
15,True,"ridge(alpha=0.0001, warm_start)",,217.61451433575954,0.12202418922674399,0.004087640713145234,-4.113025526331724,0.05917370125419417,-0.004396519604842882,0.005106920241539479,-0.0012426992662049312,0.0027739037388240903,3.1087772126542204e-07,-1.4107105347156025e-07,0.6689038034007353,-0.17519035077689804,-0.011361214565205016,0.11682114360143865,0.4362910436025888,0.2638390950689417,0.20165506346797232,0.3266767164383326,0.19688559119824106,0.36745354417608417,0.40388328846682414,0.41663008141001895,0.3047360835677288,0.18768935081601518,0.6792094161132046,-0.1726168004545995,-0.011349638555540822
16,True,"ridge(alpha=0.0001, warm_start)",,221.71481937755124,0.11582476031371568,0.00407670468165108,-4.053083110732964,0.056588337181130245,-0.003959280597327564,0.0037200590652660304,0.0001557904016332373,0.002375102150998181,9.024298782669624e-08,-1.9693935639367146e-07,0.679257912560609,-0.2389946210373557,0.06888077456855551,0.07481009721508938,0.4300819381240029,0.32833652831182486,0.2883132366578819,0.44280474174200884,0.32873380973164534,0.4177843407336605,0.47728893826106045,0.5241721291881111,0.35525187804687997,0.2575763803755935,0.6769675863984851,-0.24808786827771523,0.0689951805233315
17,True,"ridge(alpha=0.0001, warm_start)",,223.96016549932412,0.11683278488816742,0.004084612507854374,-3.920766075830478,0.044846211736736745,-0.003682980778332064,0.0042784429557910135,-0.0012618338898882327,0.003472069449011206,-9.448327952320998e-07,-1.4835714656029732e-07,0.6408484579925621,-0.18828800835026593,0.0022507975863166477,0.10580909153562937,0.416857894094176,0.2349649121559249,0.19792405958182244,0.3378511176896927,0.20893999211874728,0.4065766395247476,0.4397752936266375,0.43788026337118724,0.2959375203129892,0.1951412508457631,0.6322843826434792,-0.1937656295621458,0.0022501712066025337
18,True,"ridge(alpha=0.0001, warm_start)",,226.18256716207375,0.11807713927235515,0.004095215820768687,-3.7713158728799114,0.04894166042130893,-0.00413902654721204,0.004726275876929823,-0.0011174471885963672,0.00329778841839227,-6.07319838972524e-07,-2.369877414409746e-05,0.6177354572637956,-0.17172006423380992,-0.0019299803445344242,0.11271887470803892,0.42663851681221504,0.2511889824750631,0.19568529195183884,0.31582189507839814,0.18697108978854834,0.34800479761428343,0.38412188773803585,0.4020179210020693,0.28873141871953656,0.18581179655470145,0.603491686890268,-0.17485337948494759,-0.0019244475407178873
19,True,"ridge(alpha=0.0001, warm_start)",,220.04971272607534,0.12545748439070786,0.004090019328321399,-3.9871665406828645,0.05640226948600933,-0.004645461385168513,0.005758390970817307,-0.001456784906711114,0.002208964386829748,2.4917410596822437e-07,-2.703482992281826e-07,0.685415061943567,-0.1674302133903272,-0.015621269529306096,0.12716379165099043,0.4452172953085212,0.25750999564934984,0.165213611753412,0.2754103966732392,0.14958323399455833,0.3052474644348159,0.35485465621290146,0.3781836437948121,0.2826070701938,0.18102758564977312,0.6882729932774511,-0.16045603887061416,-0.015596277385241594
20,True,"ridge(alpha=0.0001, warm_start)",,217.50673400213842,0.11336022780510105,0.0040813289970150525,-14.95748014519945,-178.6183623618783,-1004.8225022693493,-166.5653611936638,-13.4986570436595,0.13036745871918995,5.601148119497045e-07,3.43954195653385e-07,1.058074466283943,1.334576680180796,1.1826733876349154,-0.8679617508788097,-0.7683450434719815,-0.6831525476396174,-0.6744786772224451,-0.6319687085622593,-0.6567749792386933,-0.6501373025222481,-0.5713564971392306,-0.4690526635144222,-0.48440888696783946,-0.5491786680596497,1.0749083035681204,1.4154731409880619,1.183295478310314
21,True,"ridge(alpha=0.0001, warm_start)",,220.99297158496358,0.12219962879649228,0.004088026765532305,-3.8684441030282297,0.04291227018386645,-0.00354481347086488,0.004209155785174341,-0.0014497888343478558,0.0035743004096074186,-1.4919559796518421e-05,7.20706554920197e-05,0.6564305880200362,-0.21597934641709507,-0.010832107506418819,0.1367468511433413,0.4649707518508898,0.27458814426360223,0.1708369054275419,0.27530534550783037,0.14849220432878057,0.3064808978446435,0.3609268865511852,0.38619383020845754,0.29374904014502157,0.19108913734881253,0.6563541555356244,-0.21250108260336995,-0.010820048720420737
22,True,"ridge(alpha=0.0001, warm_start)",,220.0996706044055,0.11916300315120511,0.004089860008413287,-16.627987165007802,-198.1300676156752,-1007.2725191201625,-124.87162153055289,-0.9525377289079732,0.39898771171740416,5.60114811948486e-07,3.4395419565263664e-07,2.960134180599992,0.025047930621104997,0.7109746421792391,-0.9864302446787796,-0.9194473501327526,-0.7987628301527869,-0.7902240611835605,-0.7661575836666707,-0.7839977357406978,-0.8234584546602712,-0.7440542313684245,-0.6261292654527357,-0.6314115944518064,-0.7056205654675392,2.971802174575883,0.025272559220453676,0.7098648202483052
23,True,"ridge(alpha=0.0001, warm_start)",,222.8242471901485,0.1155451301900624,0.004075606176324961,-13.313052896275511,-158.7899892063223,-1006.177387080468,-177.7894698646377,-18.038973658286835,0.14693518176052975,5.601148119493956e-07,3.439541956531952e-07,1.5077099966584717,0.9360474435124946,1.080949919187468,-0.7571150863110334,-0.6120515669676901,-0.5439088576023866,-0.5420194106139964,-0.47989121127278733,-0.5135456932910528,-0.482856519055571,-0.409269842233252,-0.32200068349837585,-0.35699100093125635,-0.43296709529064803,1.4951448093542954,0.9740136119274851,1.083037132604354
24,True,"ridge(alpha=0.0001, warm_start)",,220.3648998159721,0.11653037828226952,0.004084759504529908,-3.8121606020588503,0.04872178977600396,-0.0037510208319274105,0.003758164887323269,-0.00028694474893147865,0.002159941121985375,2.8571965277716803e-07,2.944559204605896e-07,0.6448845560280221,-0.17097431054518014,0.002675115622742332,0.10916309184436525,0.4330944701805539,0.261142907714747,0.18594687315997518,0.3106032644773738,0.1857847226203365,0.340066663003833,0.38658238426346997,0.40865216399632454,0.2909730732629073,0.19357799690304836,0.6466472679699762,-0.17640484779539548,0.0026742749170010098
25,True,"ridge(alpha=0.0001, warm_start)",,221.77476119652405,0.11751588892250754,0.004087991614503077,-4.3432657351744055,0.04239324398255458,-0.003826241025709997,0.004890868750006908,-0.0018505107377138515,0.0035185161886503646,9.00554728841419e-07,-7.748440143981995e-07,0.6510306785047786,-0.1411860490979177,-0.030769478655659415,0.12667405797411568,0.413221545464438,0.19361521691230146,0.13857714969834165,0.2590823068507928,0.1321124107963365,0.3574713701606568,0.3905518982527671,0.38770473499582314,0.2697816889318039,0.15786508572297564,0.6486601602740192,-0.14444882257434155,-0.030735488977488006
26,True,"ridge(alpha=0.0001, warm_start)",,217.80317635821947,0.11627853984058409,0.004088060259819275,-4.011531159817032,0.05956922521297974,-0.004278697282207558,0.004452935676325398,-0.0005081293931220336,0.0028278970857446447,1.0708546445638664e-05,-3.0780221300584655e-05,0.6887619993252789,-0.17072377049214837,0.02646151267082683,0.09316589698531508,0.43947644115296325,0.29785897578158116,0.21217086315572223,0.34643758461987195,0.22517486948642385,0.3417377783961306,0.39782783883712847,0.43931220312880964,0.32051072277453113,0.22305024318294414,0.698767761370846,-0.17652785138456462,0.02643183796970441
27,True,"ridge(alpha=0.0001, warm_start)",,222.676482589267,0.1161340663536047,0.004093116052802187,-3.741499468000314,0.03895262162932918,-0.0034648300652794354,0.003923675836954654,-0.000813596096700634,0.001903372438625062,-2.6263759410744184e-06,-1.4245991967240447e-05,0.6511649120693206,-0.16309547808396746,-0.008428701496984572,0.1220230744907403,0.4289446069810876,0.2191209450707545,0.15928156953853317,0.29727404021455267,0.17976681788579382,0.37465686257779013,0.42382415106866367,0.43328728762906477,0.3053681997046561,0.18971748383171655,0.6461666346155428,-0.16885001296294222,-0.008408849901335533
28,True,"ridge(alpha=0.0001, warm_start)",,212.97653116447717,0.12011534051764404,0.004077787414631296,-3.16274026486531,0.0424184816447105,-0.004080116805547239,0.004926269956416843,-0.0014012511101429567,0.002826172074771041,2.7281794303676366e-06,5.640087680932075e-06,0.5688858962682821,-0.1398753918674357,-0.026132998683116658,0.12466191845772848,0.4241149749406846,0.22917842146562672,0.17377256556865112,0.28357121832981536,0.14345741253873096,0.33337366306350835,0.36067562277647447,0.36976230209965205,0.26167748645057026,0.15435429462460176,0.590230039193837,-0.14001083652906193,-0.026169453341057563
29,True,"ridge(alpha=0.0001, warm_start)",,223.0325785390819,0.11758090849409551,0.00408718818053684,-15.479025282931751,-177.0352388581147,-1004.2499106837032,-170.84454318379508,-20.920788361700772,0.0516313144878622,5.60114811948103e-07,3.4395419565240153e-07,2.6966110201975875,-0.1758631822726549,0.3287546158121989,-0.8865377795145624,-0.8037743482557688,-0.7025071868091496,-0.6942364719056044,-0.6599332748637138,-0.6851245960925394,-0.7149713830413027,-0.6448150386227559,-0.5355288611466951,-0.5598135221934002,-0.6436381417701272,2.671639713872666,-0.1798278396961355,0.32845600831581845
30,True,"ridge(alpha=0.0001, warm_start)",,216.2777640715786,0.12389367728473583,0.0040837306566667885,-3.970248476908722,0.04488865447147574,-0.0036226775822794798,0.004406867411240834,-0.001607749956110699,0.003751492113716665,1.06044473031626e-06,3.334875485365018e-07,0.6626250113965167,-0.1982331874651048,-0.004639646649118308,0.11802988237594976,0.4404075340423699,0.24192887313925862,0.18564924980020486,0.3205670158839223,0.19425110836487414,0.3818039363723308,0.4280125644423585,0.4336170669129226,0.3156309373142904,0.19634206372015364,0.6769924800590736,-0.19237384784026956,-0.00463935708930349
31,True,"ridge(alpha=0.0001, warm_start)",,216.19179003807258,0.12430598219995015,0.00408235422729104,-12.62983742314386,-152.3629267973941,-1006.6180199010689,-181.19953845436368,-15.042332140209878,0.3772621574600847,5.601148119492026e-07,3.4395419565307667e-07,0.7499689174966314,0.5490819666489999,1.1708654209178337,-0.686218247331102,-0.5219063685616304,-0.4817813621251086,-0.49119055502006564,-0.4287408755191876,-0.4727901378423571,-0.4347789951176902,-0.358931778378363,-0.2714586541407529,-0.305070185776551,-0.37797715965821843,0.7665349443074784,0.531084910356258,1.171187098235049
32,True,"ridge(alpha=0.0001, warm_start)",,220.8899465434344,0.12248826400320434,0.0040938400721386705,4.002269860141568,-30.960825396482377,-917.0342108599013,-448.4921194400119,-163.0589245856934,-4.22469396858102,1.2533396417907205e-11,2.238865885218021e-11,-3.5716450000972277,0.8160219293255678,-1.4151840451329452,-3.6510867289912543,-3.1569707245709173,-3.288283117777095,-2.7079538872645266,-1.9607792871849263,-1.4829708574749634,-4.173992530023371,-3.465378676651459,-2.492124339248815,-0.74326678503217,-1.168329364277533,-3.5728947833547426,0.8009882796229232,-1.4116012562762141
33,True,"ridge(alpha=0.0001, warm_start)",,220.1134511661154,0.1195701169626104,0.004090447576983953,-16.444329525317936,-195.2330962340705,-1003.7835181232799,-153.74249045060512,-11.349030241636598,0.07316682730101948,5.601148119503228e-07,3.439541956537646e-07,1.3565249522834342,0.43820742883827674,1.067659429939679,-0.9781099051399991,-0.9211453965434956,-0.8082107653436181,-0.7907302400279519,-0.762089167629858,-0.7757057070795179,-0.792266012288537,-0.7076969241802945,-0.600418400305843,-0.6071478703615114,-0.6657273101381589,1.3617867196282916,0.4406318569480632,1.065839704256911
34,True,"ridge(alpha=0.0001, warm_start)",,224.03423679968415,0.1191278227280019,0.004080900461156646,-14.850023609465602,-168.08826725608006,-1003.3000536789926,-184.7706873705565,-22.272285408916314,0.17543039600275573,5.60114811947975e-07,3.439541956523229e-07,3.275002228258093,-0.8113840789457165,0.04068294769379294,-0.8108638243158827,-0.7118294960566266,-0.6413966128035337,-0.6408548122263784,-0.6046639223657737,-0.6440745768249695,-0.6690774479946295,-0.601952949949219,-0.5032019573507391,-0.5275386732755273,-0.6113211315153017,3.2301679131637338,-0.8189022951603891,0.040708621446648156
35,True,"ridge(alpha=0.0001, warm_start)",,220.5365645503594,0.11683667620267113,0.004071155771726533,-14.674391533322245,-178.56213868540522,-1006.097360225031,-159.08818867538182,-8.878484015633909,0.2504883094529439,5.60114811949963e-07,3.439541956535437e-07,1.422437337679368,1.155038958487734,1.3294525919066256,-0.8490712121947206,-0.7467178131696458,-0.6726507549589321,-0.6656939005783813,-0.6165322204025132,-0.6387858045495446,-0.6150431795714744,-0.5300409416980304,-0.43577579522295284,-0.45299086144294964,-0.5128738820935882,1.425215148013658,1.1886014351190366,1.3334757448257313
36,True,"ridge(alpha=0.0001, warm_start)",,222.24531830555304,0.13237380848457336,0.0040897658935525666,-13.77077962024907,-165.60661963962255,-1004.5502373301717,-180.7671493375578,-17.48242630927485,0.05407273455393667,5.601148119487716e-07,3.439541956528121e-07,0.7856650562774099,1.1675423305553418,1.6013575895712555,-0.7776895431822963,-0.6672287188199065,-0.601681977005569,-0.6022685342861098,-0.5469431792857345,-0.5695375287971186,-0.5307930122581603,-0.44845534465274894,-0.3570563536972252,-0.37834596555099476,-0.4335222500994612,0.7811468890454903,1.0604480122123665,1.598894685112952
37,True,"ridge(alpha=0.0001, warm_start)",,221.29569471332664,0.11284569749922928,0.004088718236131216,-4.216356242240617,0.06642782265930997,-0.004828883391087838,0.005700548251590639,-0.0012046913504955717,0.0018408612341842463,2.973473059996721e-08,-3.9002971733564674e-08,0.6897993784867853,-0.14220327720609138,-0.04352155765093732,0.14284213792704092,0.4388488018484021,0.22394221164855266,0.14989098073878118,0.2629312555950201,0.13078426071653815,0.3417753858339749,0.3763605508321911,0.37902133383740344,0.2764364142128649,0.16354266647559443,0.6887755542231888,-0.15151073707256682,-0.04346575547948793
38,True,"ridge(alpha=0.0001, warm_start)",,223.82145245132915,0.11950185948311494,0.004079552706226132,-4.260862914637608,0.05824361919191429,-0.004186715155109554,0.00490384639600033,-0.0012811100629670264,0.0030058934850766064,-3.960339318670486e-07,-3.753880943001864e-08,0.7113634636062236,-0.19347473754068917,0.007195284409433511,0.10857338757481119,0.4395069386731519,0.28536971120789567,0.23262500744641973,0.3667686007995717,0.24050839126578366,0.40547440534368606,0.4372006142050687,0.45089336253809637,0.314401920129642,0.21198774993501715,0.7022920252835574,-0.19465627758510734,0.007202203725441523
39,True,"ridge(alpha=0.0001, warm_start)",,222.84195502840777,0.11026434692430037,0.0040777349654802396,-4.302200099447671,0.04712265003313613,-0.0038591168810705083,0.004276811728901649,-0.0010942052146472312,0.003938967114734048,-4.498149416401913e-07,-1.9226252502039267e-07,0.6213033654213672,-0.15259556334562788,0.01153140673900295,0.08850053021502097,0.4014999462517702,0.2521170210369701,0.21905765535432153,0.3534549008387675,0.22244935696212076,0.37782268217999765,0.41583085227368866,0.4335506521900262,0.29633955651647753,0.18945272403743563,0.6160764915306521,-0.166389381845603,0.011547641192804547
40,True,"ridge(alpha=0.0001, warm_start)",,221.73267197323895,0.11729884122035918,0.004081938209399788,-3.7427336187747575,0.047589551470366274,-0.0037707404570163612,0.0043398276152096585,-0.0013896808921346293,0.004222048070538779,2.511965708734602e-06,-1.8097123586514838e-05,0.6278479748905604,-0.1932351804823995,0.0001161124424230949,0.11542728500669577,0.4288403837596454,0.2418574984463031,0.17814066229652667,0.30765915845671243,0.1882024148396231,0.37712175460425873,0.4245417206981757,0.4283491309648158,0.30442751873050466,0.19582786769526195,0.6256806129470147,-0.19806661812793572,0.00011615617959022795
41,True,"ridge(alpha=0.0001, warm_start)",,219.11379855076478,0.12145185118797382,0.004075900891107,-15.75761192950554,-183.92690004748653,-1005.4796895055638,-156.50403587130032,-12.651957555598065,0.17589653600404456,5.601148119498606e-07,3.439541956534808e-07,2.9732253976297693,-1.732167618365723,0.29828031299124413,-0.8949116589069801,-0.8198368658039775,-0.7244536901851261,-0.7139280988272168,-0.6828609230293631,-0.7154057478611368,-0.7437966056027487,-0.67578752545171,-0.5720824367863023,-0.5917206280127337,-0.6684996621508236,2.9983753381367313,-1.7147649098702986,0.29883465514087715
42,True,"ridge(alpha=0.0001, warm_start)",,216.37434719408307,0.11723708474420882,0.004085280532474638,-4.096082718111895,0.04746126024274462,-0.004546649713214712,0.005366999116935785,-0.0012028904307797407,0.0027312033689308275,-3.135430208920113e-07,7.056621143201873e-07,0.5706982361430025,-0.1866452171276701,-0.00856447116170959,0.12831651375034234,0.43954920591972474,0.24246455112262724,0.18156155869921176,0.3030916454589161,0.17196417530063068,0.34525934986028134,0.38505382934464516,0.4044417900487397,0.28844789727116005,0.18848918406954693,0.5828122220209618,-0.19141266319687839,-0.008560687663400525
43,True,"ridge(alpha=0.0001, warm_start)",,217.7045331594148,0.11820025440496103,0.00408967902757485,-3.6586756736344612,0.03922456303754824,-0.0034019187673035157,0.00357663813986325,-0.00032595430237257423,0.0016223249960122972,-3.526620608568464e-07,-1.473610441231287e-07,0.624638744579487,-0.15819969719263652,-0.004621450512954105,0.11155590045587738,0.4240470581176306,0.23553024242715526,0.15988275069368385,0.2832394405512296,0.1581004157588804,0.32281166031949043,0.37437400788889974,0.3951739423324398,0.2860569649005132,0.18210873407547418,0.6340001163199096,-0.16091852665835407,-0.004614440684475504
44,True,"ridge(alpha=0.0001, warm_start)",,219.99517076173225,0.11974997286607324,0.004088343191367746,-3.866337155689314,0.0527152948030206,-0.004473984446672614,0.005430440241406373,-0.0013154381441298937,0.0025658937405233714,0.000548526111855432,-0.0002788527294452163,0.6571885081998696,-0.15140605292217946,-0.0067461354908728635,0.11237148349877978,0.42489437514182193,0.2511912283026978,0.19072104752573718,0.3202394924910273,0.18810268691323265,0.3607651267745054,0.3958577100303029,0.41436182519197734,0.28873615164580146,0.18719822808486591,0.6600923568975288,-0.15201506344011353,-0.006738103841516717
45,True,"ridge(alpha=0.0001, warm_start)",,225.6949045651411,0.11441019087878562,0.0040900160888665575,-4.5674007913527666,0.06598391339094693,-0.00490042275946141,0.00552829087011541,-0.0012542497172114764,0.0043027706360226625,1.7089544162666164e-06,7.78991459621845e-06,0.6798467874350971,-0.14743809490206225,0.045975918213865014,0.06699035406966189,0.4032891375552058,0.2923859219859185,0.24374807287320427,0.388261669146639,0.27284157479523996,0.3902319212569734,0.44466839117035645,0.47698347449547573,0.3201809503556443,0.21680453301135855,0.6656059359777065,-0.15494009267848302,0.04590239865549546
46,True,"ridge(alpha=0.0001, warm_start)",,221.4565957042516,0.12450559584467048,0.004084038441668192,-4.255745800155745,0.03743742747568735,-0.0027129544638406144,0.0026985941687365056,-0.0005457291093155093,0.002942620006941151,2.8831259116976345e-07,-4.0864513808556604e-08,0.6949255578635125,-0.1700233571027576,-0.00824612392885744,0.11830269954456282,0.4378861267713964,0.2469354682088323,0.17732722207822185,0.29958503932048963,0.17906792616959868,0.37481402614653664,0.4281230342768358,0.4340730251165611,0.302472497800059,0.1987121671647413,0.6933899710385473,-0.16418690905644182,-0.008244987876139405
47,True,"ridge(alpha=0.0001, warm_start)",,224.63320427749107,0.11476235320937984,0.004077911875488295,-4.244828600601561,0.06709288270086067,-0.0043163392456135085,0.004356035937210379,-0.0004936734737472808,0.003226086818423108,-8.286495953417409e-05,-5.888270460386299e-05,0.7097592412700063,-0.1368622107722843,0.01919691441413494,0.0883101061514006,0.42858215179338205,0.30335823758738045,0.23539739368840717,0.3657646756271351,0.2368688223958373,0.37111760497472374,0.4217042306579844,0.4443819943927253,0.30746340411143086,0.20686118025863606,0.6981761270178789,-0.14338473469462693,0.019223106745613935
48,True,"ridge(alpha=0.0001, warm_start)",,225.9557470741308,0.1252532347076394,0.004074302104903916,-3.585913498931722,0.04919102862147217,-0.004077272592658989,0.004418021427233637,-0.0004567371065462651,0.0011728025714113578,7.023087857049037e-08,2.8452365386190438e-08,0.661986680207184,-0.20035488784392874,0.010348273810785402,0.11790446179334901,0.44690226202383027,0.27722944365092783,0.20872758890607,0.33984362289739317,0.21660074250396288,0.3660944642115952,0.41312871750631264,0.4420961879602107,0.31245488856100034,0.21595033505795128,0.6473717597073886,-0.1923223701021183,0.010371573953573212
49,True,"ridge(alpha=0.0001, warm_start)",,223.6069151468731,0.1192523395205704,0.004097967567322921,-4.368428796676091,0.04745955017715648,-0.0036876161229437206,0.004278795481692136,-0.0009703842521010623,0.0027835398459675185,-1.923371716366792e-07,-2.4483345424521523e-07,0.6825128777187419,-0.20775400075209186,0.020740981209336033,0.10769021045709565,0.42677999680552947,0.23851678009922728,0.18292960879262163,0.3362066787707989,0.22540934842380742,0.40048400140840185,0.46070735502421856,0.47309390214853286,0.3305559224596182,0.22178282373709765,0.6744558266939823,-0.20946009632703558,0.02066763420378113
50,True,"ridge(alpha=0.0001, warm_start)",,224.96586609649074,0.12349043448262458,0.00409811960528532,-3.450978394874332,0.03752881945862639,-0.002861332024059961,0.0028913606253010158,-0.000287618402524738,0.001682826951481899,-1.5513033271059875e-06,-8.988992751228928e-07,0.7341652926490542,-0.13935251935348433,-0.03535132415022378,0.13745655507597404,0.4438150790840394,0.2427048782113928,0.15629813142977284,0.26228493408687054,0.13079546828451422,0.31994916181627314,0.3615653789341045,0.37283061287929176,0.2761051016663885,0.16129748988131826,0.7211159683373628,-0.1356751520909378,-0.03522500323780651
51,True,"ridge(alpha=0.0001, warm_start)",,218.15320568728384,0.1272415955508308,0.004071095638960219,-3.7900676768141666,0.04503056745928387,-0.0041279761155407655,0.0054320213337339,-0.0021458650075029144,0.003923883538027729,6.411071843083397e-08,2.1348963486550832e-08,0.6060717708770571,-0.13998761274385857,-0.034563177031289596,0.12859382207543266,0.4147458361102256,0.19357187495381117,0.14297507197839476,0.2683439156650274,0.13906862994127508,0.36140470802932256,0.3944672693580462,0.38403882514722953,0.26752908865583636,0.15424645072293988,0.6138897019255118,-0.1322754696232938,-0.034668283234148924
52,True,"ridge(alpha=0.0001, warm_start)",,223.19112474497157,0.12976515341656494,0.004079919586286808,-4.017740341109104,0.05095821983376153,-0.003293144201905371,0.002512013360166248,0.0008460521027595251,0.001341010308987403,1.1495305545682814e-05,-4.292854483389745e-06,0.693567566599338,-0.2072914628693746,0.034246166019399366,0.10353389092790022,0.4489457332062782,0.29045296540573673,0.20774060541407885,0.35178267250761575,0.24848175799157213,0.37472950873744715,0.4434305400728872,0.47393189912904865,0.34246350205091763,0.2448761773149479,0.6866568331302703,-0.19206230774361394,0.0342760162141726
53,True,"ridge(alpha=0.0001, warm_start)",,216.42554086908783,0.1275765658616511,0.004084953688046189,-18.13628366402506,-205.87185762745455,-1004.338860584464,-135.01674863998167,-9.272023757097015,0.20691511416453723,5.601148119492639e-07,3.439541956531143e-07,3.5099379924255762,-1.5353497312932372,-0.28207191023644695,-1.0535766034807696,-1.0297355320847887,-0.9004887110685456,-0.8809425937264412,-0.8778238525702025,-0.9012207633455733,-0.9944139856057042,-0.92420044203268,-0.7953027195002802,-0.8004144260644006,-0.8895154092574109,3.583594188635082,-1.4469556527858438,-0.2819698593608998
54,True,"ridge(alpha=0.0001, warm_start)",,223.20414511103888,0.12371808563331795,0.0040858801631538785,-14.848485732297764,-177.2987140892399,-1005.464485151011,-163.99247786280915,-14.603020839880312,0.1793582828042179,5.601148119489395e-07,3.4395419565291515e-07,1.7735960920215221,0.9225442076077499,1.0732571833012874,-0.8618555318747172,-0.7628290580338187,-0.6734872875275272,-0.66588589133287,-0.6181597718173,-0.6412221563744405,-0.6365928577856861,-0.5589519167765405,-0.45807369254300134,-0.48024483847439425,-0.5495022524420725,1.7558214835985124,0.8965464724245876,1.0726256157955913
55,True,"ridge(alpha=0.0001, warm_start)",,221.2863795775201,0.12079462513936927,0.004076911892380945,-4.515471435736053,0.04692708600770125,-0.003313958407231832,0.0031497007807949496,-0.0003036816496563649,0.0032475380055542674,-1.143919474866782e-05,6.0988430749525454e-06,0.6463963305763556,-0.20011432718792954,0.013209434308869525,0.09695083352564207,0.4174321253312871,0.255884531576054,0.20404264312271703,0.34624598877302276,0.22441946422651868,0.3850677311653191,0.43051779179650423,0.44425277849908573,0.3042831396737991,0.20101833691094873,0.6454640965454869,-0.19918167657974217,0.01323070172807831
56,True,"ridge(alpha=0.0001, warm_start)",,221.9179180182928,0.12715681072905638,0.00408949065500484,-3.5221369724571705,0.03339440937095474,-0.003830565477087206,0.005314661477585529,-0.00228943443115998,0.0031640809842197865,8.709817317146487e-07,4.797815880660068e-07,0.5929678818869767,-0.15377703054046135,-0.04304070205495162,0.1470000652900934,0.41397304396000273,0.16110626698485253,0.10886457447480022,0.23456340876056095,0.10577881101996943,0.3599441444743308,0.3906163702896327,0.37766262904558484,0.2670434461964472,0.14715458103424364,0.5904276563197709,-0.14540209187251885,-0.0429773973626007
57,True,"ridge(alpha=0.0001, warm_start)",,224.0615823263696,0.12445651103121887,0.004092033510871247,-15.859124723383474,-183.0871798842613,-1003.5371056209275,-169.04963191838615,-16.934432667463483,0.14001375360104995,5.601148119486959e-07,3.439541956527656e-07,3.2104043259689536,-0.01221689558114114,0.4447650699752952,-0.8996766136232521,-0.8312943197973018,-0.7415088578509048,-0.7306155252574569,-0.7031638884108429,-0.7274519955297093,-0.7560425141133298,-0.6820794353718377,-0.5753054054464567,-0.5902943726881894,-0.6631560627542641,3.166067898033093,-0.011802175027139579,0.4438349273842008
58,True,"ridge(alpha=0.0001, warm_start)",,220.28165854447974,0.12342468769176416,0.004086979533993902,-15.644682156706992,-188.57289568278827,-1004.9312791314492,-154.6580552411627,-10.77274006259405,0.08769057011582905,5.601148119500429e-07,3.4395419565359273e-07,1.0019830132428504,0.12232132284778768,1.177849899717214,-0.9118294845455968,-0.8385638762704192,-0.7434068475337597,-0.7315774642651187,-0.6964164235380259,-0.7175332518748159,-0.7193810603068305,-0.6349956421421717,-0.5315928595565143,-0.5386686823601107,-0.5987881552315688,1.0051014794484956,0.11915683061442003,1.1768401362220537
59,True,"ridge(alpha=0.0001, warm_start)",,228.4922845991178,0.11726603272273123,0.004078699085867576,-14.036309450462593,-160.7832061142805,-1004.089154312189,-186.88160389736674,-23.536006366570845,-0.09639044326779124,5.601148119457926e-07,3.439541956509827e-07,1.8344359827460786,-0.36682085595935365,0.4068113985930646,-0.77485201425156,-0.6576362369782532,-0.574738319417041,-0.5763437837556786,-0.5364780151950529,-0.5771754245054658,-0.5798212996075323,-0.5164764840625317,-0.4176085480577414,-0.4491532486072004,-0.5315031914536918,1.7740216334076753,-0.37609763141551816,0.40728782949915
60,True,"ridge(alpha=0.0001, warm_start)",,215.27638150726378,0.1244586782480747,0.00407781569242188,-3.988864584222214,0.04914245885187886,-0.0038664757086529604,0.004398004574416385,-0.0010633305332816163,0.0028841777535496263,6.823063080402903e-06,-5.397357679294676e-06,0.6445162260313676,-0.20177912494712366,0.016840139993070425,0.10116058741510667,0.42835935057065916,0.27070369649905063,0.21976559213791305,0.3598748796753615,0.2367137157681995,0.38522252809149893,0.44256246239899144,0.4610541048831345,0.32355320910200525,0.21276044845711373,0.6615540941490802,-0.19492604036804384,0.016863514482779642
61,True,"ridge(alpha=0.0001, warm_start)",,220.65209484726876,0.11875684668526704,0.0040772430136295544,-14.198317615060526,-167.97925213435033,-1005.7736269615085,-171.82122250684387,-14.03915528837045,0.28175882176960315,5.601148119489346e-07,3.439541956529122e-07,1.3252648562362563,-0.016384731359992355,1.020797366675502,-0.7959804051632141,-0.675656389031802,-0.6081382607090831,-0.606409094258034,-0.563012951106542,-0.597657804779039,-0.5907786653020648,-0.515053424885588,-0.41599700775980686,-0.43720562670570384,-0.5070419877115602,1.32715765816139,-0.016588208246095717,1.0223578336923844
62,True,"ridge(alpha=0.0001, warm_start)",,218.38631261813006,0.12435344263985319,0.004070255452170195,-15.017286582805315,-176.4765245417179,-1005.269104477978,-166.05866428526124,-14.464925469849238,0.1836307294275945,5.601148119482006e-07,3.4395419565246146e-07,2.225097706336097,0.14271591033012232,0.7038909707722618,-0.8486206123147271,-0.7558294175407675,-0.6708090584930988,-0.6683786373396405,-0.6313762459643522,-0.6607214926413111,-0.6701815879274045,-0.5964472746456287,-0.49423686793133836,-0.5094285979656996,-0.5847346211864065,2.2513942969283494,0.13798548046761883,0.7061772345210222
63,True,"ridge(alpha=0.0001, warm_start)",,225.80948262221028,0.12449815667592296,0.004081830309253152,-3.8558296787706845,0.0472198685604961,-0.003842687255648277,0.004378669450888636,-0.0009239610849163228,0.002962433321611114,-2.731237381716188e-05,-1.8498124238820096e-06,0.6896114375150737,-0.1607911735861038,0.006389323700161344,0.09957787464769502,0.4150766468440562,0.24476356350623846,0.19160556836364406,0.32027670217422527,0.199710188675981,0.3593241722543654,0.40497847987194485,0.427458712773506,0.29470295985774875,0.19040292470852402,0.6748234582802204,-0.15528091974295086,0.00639189938752583
64,True,"ridge(alpha=0.0001, warm_start)",,216.99055153955092,0.11699613863449242,0.004078322660627791,-3.7920882440121804,0.03654114260677548,-0.003090158376442526,0.003751410258486745,-0.0015383902668705993,0.004132517681897609,-8.660669963476534e-08,-2.6856245746696582e-08,0.6554933693593098,-0.11113070857026018,-0.031109053573271258,0.12552993355570444,0.4156059682647646,0.20027113986171716,0.15096863064316526,0.2829864959689797,0.1539087681772984,0.3871654537333735,0.4262557348943093,0.41503247111078667,0.2847612965640467,0.1607704390117343,0.6675063019823693,-0.11420401331182356,-0.031148361160697965
65,True,"ridge(alpha=0.0001, warm_start)",,218.3026408554309,0.12155066464482579,0.004076343481834912,-16.263775736740964,-192.3131523521227,-1004.87936241638,-150.1313259037953,-12.448198862842126,-0.06997260323452593,5.601148119503787e-07,3.439541956537989e-07,1.9916466226270362,-0.4725637804245992,0.5990334473663143,-0.9386103051465382,-0.8803038271947502,-0.7767842215915055,-0.7626132254846634,-0.7353679737719752,-0.7598340290749224,-0.786594243276695,-0.7115800499050499,-0.6063399627257169,-0.6189722961314685,-0.6881967743741687,2.015956634349633,-0.46743572907741593,0.600081566119934
66,True,"ridge(alpha=0.0001, warm_start)",,225.08240215164147,0.12990366932073874,0.004097161510678706,-3.7746811145258077,0.03316602424056097,-0.0029429542715649773,0.0030848990682111025,-0.000547439924387993,0.002814488147808413,-2.753266243205314e-08,8.900029120556369e-08,0.6440204817485742,-0.2221231341337338,0.005416571933085774,0.11567857264860668,0.42874054851319576,0.22700010883077934,0.1643858867363268,0.3046131731856573,0.18703861567802632,0.3719518195881764,0.42850835377273144,0.44166642616205204,0.3062566346077955,0.2030127261992329,0.6322459106242005,-0.2055848868128086,0.0053984789967526986
67,True,"ridge(alpha=0.0001, warm_start)",,224.47185320572308,0.11852252815725037,0.0040725183894107725,-14.947343231509334,-182.94497150802823,-1006.7678880785527,-149.66625176737472,-6.9300998586303155,0.2187494631794348,5.601148119492454e-07,3.4395419565310293e-07,1.0469070669462803,0.7834804663290389,1.3643877710971426,-0.8604242539556287,-0.7681633730123852,-0.687964446052544,-0.6836502078121087,-0.6424313265624603,-0.6641617753631883,-0.6475617040199138,-0.5655144355257544,-0.46979782907830425,-0.47980022567969927,-0.5330361271116822,1.0305620136702438,0.7947784400043066,1.3680587540102147
68,True,"ridge(alpha=0.0001, warm_start)",,220.7680953223071,0.1185021375824079,0.00408667006769252,-14.905019591639972,-176.5870879894661,-1005.7267350021712,-163.40756515680928,-11.299809673632412,0.24188639181887797,5.601148119493951e-07,3.439541956531949e-07,2.2508282332435847,-0.21631100535618333,0.9706089066908659,-0.8445263648941909,-0.751899912464652,-0.6746818313273594,-0.6693808689701621,-0.6287951659897557,-0.6555299830075384,-0.6524972885164755,-0.576111465019916,-0.47763295473117795,-0.4952591335386515,-0.5611867577941779,2.2528586005255353,-0.21946801842904803,0.9698502467387681
69,True,"ridge(alpha=0.0001, warm_start)",,222.711818689488,0.12263443891245959,0.004090850140678089,-16.92239385341464,-193.70928259379696,-1005.5576069290361,-143.55081556568945,-12.448218208439116,0.08434519006778414,5.601148119494392e-07,3.4395419565322204e-07,3.767107558762021,-2.3462974859497816,-0.37757453556266596,-0.9655630923175544,-0.9163901257427817,-0.8041422745667914,-0.788275335527292,-0.7692073506649209,-0.7985663483848309,-0.8660558433548304,-0.8047767275916534,-0.6910033427987534,-0.7058770926882372,-0.7960167076228359,3.737598501496608,-2.3003262631440116,-0.37689390284128493
70,True,"ridge(alpha=0.0001, warm_start)",,218.49440074249932,0.11925956182263193,0.004077418790575449,-3.647740701563019,0.039114342074090855,-0.003761395694612979,0.004682814740757075,-0.001606206892906255,0.0035828900759598665,-6.883516729699898e-07,9.682508125920913e-08,0.5869430041094498,-0.13579021595277832,-0.021258868810453888,0.11623449079391959,0.40321348878513386,0.20262637637681757,0.165060386869836,0.29090385632687354,0.15753858742634302,0.36620166587449304,0.39541814611576187,0.3974587936415478,0.26450351421547924,0.15356471710793018,0.5935858089576592,-0.13689704717404663,-0.021290448835652443
71,True,"ridge(alpha=0.0001, warm_start)",,217.21896867890428,0.12278794953143608,0.004077280214658583,-4.529929306093326,0.04195239539069128,-0.003264804838580952,0.0035676580627813912,-0.0008332284090546843,0.002665048977084164,2.1699118192650522e-06,7.805413856932096e-06,0.6604436838591992,-0.19996731895731745,-0.019428836651308883,0.13644023219277865,0.4437170470295887,0.22934763815079529,0.1683994552798476,0.30298724805534266,0.17828193253087266,0.3890586070261807,0.4304705260195568,0.4334431788197827,0.30724566794990926,0.1893955624166034,0.6718401198693567,-0.19580423817274445,-0.01945835948127817
72,True,"ridge(alpha=0.0001, warm_start)",,219.77748794396638,0.12265036656533734,0.00407908004227816,-15.71416667586721,-181.559132452508,-1004.9775813622946,-161.77965982596865,-18.99075563020766,-0.0628535927683343,5.601148119493656e-07,3.4395419565317683e-07,2.074238459014141,-0.42325127457088063,0.3083556921005244,-0.8952134761846446,-0.8119703439183136,-0.7150335004878796,-0.7066827610402706,-0.6790048650552618,-0.7098131455718826,-0.744186499369736,-0.6745283044927913,-0.5665750911670281,-0.582721553649938,-0.664436859987101,2.085467222070815,-0.41490458591216073,0.3086879862161512
73,True,"ridge(alpha=0.0001, warm_start)",,216.35134455395166,0.11969741501935566,0.0040764338351981936,-4.171218760035635,0.04619056898487744,-0.003454360223919921,0.004040920444854648,-0.0010738267059398731,0.0022749278811131615,2.6403566696088384e-07,-6.666938793269786e-08,0.701482940408893,-0.1931421277049113,-0.034970678978970764,0.1398927779749297,0.4434508974010511,0.2254786062252371,0.15755001247703007,0.2790408509986946,0.1470146277728848,0.37480842130146136,0.4112966977395403,0.41092005883341454,0.286472348862645,0.17238366742298816,0.7164492068375657,-0.19400416373248106,-0.03503109011364236
74,True,"ridge(alpha=0.0001, warm_start)",,220.52145213257498,0.1210451036236278,0.004068700634464779,-3.7673152626303996,0.04401978667471271,-0.0037348299636903097,0.003917473148415349,-0.0002438632884860368,0.0012903999183403823,1.3657044856925784e-06,-1.797251049624458e-06,0.6189466471679559,-0.22053417793272012,0.007519831932393672,0.1220494347627179,0.44143701212061004,0.2462997811017353,0.18811257491174788,0.32525944325618683,0.2094563141069543,0.3829508995176504,0.433990375724509,0.4486401958745017,0.32085519546157026,0.21148917286434532,0.6201978581646036,-0.21905213455655018,0.007547139593413977
75,True,"ridge(alpha=0.0001, warm_start)",,222.7042255372525,0.12417319378238748,0.004095317788074479,-3.3084878478280917,0.04847874708801601,-0.004288051848021086,0.005151850681703156,-0.0014532229284125932,0.003308243157954379,-3.96319589222066e-05,-9.744824771201158e-06,0.6171292104789727,-0.14897887704414173,-0.008126234256436115,0.11360945936115949,0.42407527357867913,0.245810397698172,0.18485764810183714,0.30153356769205186,0.17640697275504863,0.33264569296944646,0.37060565239675547,0.394186081689373,0.2785886839033718,0.17869308781469956,0.6123159001320292,-0.14424994488236423,-0.00810273648577087
76,True,"ridge(alpha=0.0001, warm_start)",,216.2908923041602,0.12075348912585508,0.004068555015564545,-15.261655863879716,-179.20674740125153,-1005.7482470865408,-160.4852548053106,-9.379696903198978,0.49311728400410065,5.601148119481542e-07,3.439541956524329e-07,2.240312556540403,0.3792401066741619,1.0409565084672523,-0.887648567419437,-0.7927252084152497,-0.6951647010369641,-0.6888532346179987,-0.6510417890109403,-0.6771226962939342,-0.6913645541123277,-0.612700710311323,-0.5052153085255802,-0.5143279076799578,-0.5812616415095871,2.2887495489879397,0.3776012146801668,1.0447740502646323
77,True,"ridge(alpha=0.0001, warm_start)",,221.60070315938998,0.12063479088381811,0.004083935153843774,-18.82692501071709,-211.0591715000562,-1004.029517773117,-128.8385745093401,-11.788713691718895,0.079455693405022,5.601148119498968e-07,3.4395419565350305e-07,5.01219081932984,-2.5777108810669014,-0.7450079375654648,-1.0892943294441366,-1.0941136891724468,-0.9515761656708075,-0.9278555306545673,-0.9323418278000821,-0.9515588175914882,-1.0620972733539757,-1.001382915589621,-0.8721227210306726,-0.8743976926799348,-0.9653062621281965,4.997863073476987,-2.5690966337012817,-0.7449241388332305
78,True,"ridge(alpha=0.0001, warm_start)",,222.8826989134048,0.12798583938497937,0.004074702756627492,-14.924999032500681,-179.83324300360644,-1004.3033957425578,-168.31515031846249,-14.284843928849057,0.024179167117410152,5.60114811950376e-07,3.439541956537973e-07,1.2746794891620268,0.5072546663492079,1.1948800844002152,-0.8451209165826999,-0.7601516803591478,-0.6937949891797606,-0.6869263484629569,-0.6428829236101079,-0.6662019979402337,-0.646748223811398,-0.5618863000953006,-0.46868724359276537,-0.48434725241152354,-0.5468291559589805,1.2637248646734451,0.4765219834659983,1.1974527198245124
79,True,"ridge(alpha=0.0001, warm_start)",,217.78827936934113,0.1248825002350312,0.0040714274753863655,-4.023505148385725,0.05281451345388112,-0.003963830186546172,0.004436868846248238,-0.0009541619512154362,0.002701798133102238,-2.319334924963766e-06,4.206948840138686e-06,0.6496763063245284,-0.1666982779940496,0.005731200779129679,0.10075116046308118,0.4211398585698204,0.2522096156536672,0.1993234409017122,0.3346177389602704,0.21361399586181828,0.37149953699166577,0.4220380341476038,0.43495364970893824,0.30622259738741214,0.20017141644564387,0.6591593481323199,-0.16049013395092526,0.005748160756716213
80,True,"ridge(alpha=0.0001, warm_start)",,224.2822969317584,0.11770492209989032,0.004083016822002824,-3.9095384103515793,0.05107290640848282,-0.004154878475220334,0.004845225557958557,-0.0010708448685929537,0.002670143257672914,-2.5537843929138225e-06,-8.550707686742179e-06,0.6575976189583991,-0.11953922017855277,-0.0333811267182887,0.1169156402844122,0.39989382421585135,0.19685430593475844,0.15859096596400915,0.28513927983714116,0.1510792391471767,0.3740130049931988,0.40122800472708836,0.3955486993928756,0.2633129823781071,0.14835304130453292,0.6478778434016952,-0.12210532534406837,-0.03338487907097012
81,True,"ridge(alpha=0.0001, warm_start)",,219.96979466818613,0.12512128835849196,0.004085769851651438,-13.685124183891954,-167.74472902899643,-1006.2024164245207,-169.65754437980516,-12.9049040683394,0.17525942507760978,5.601148119489903e-07,3.439541956529464e-07,0.5225509411301753,0.9426234370459201,1.509102613694838,-0.771004365643303,-0.640332292171376,-0.5817434626955511,-0.5877991653593024,-0.5344086097619086,-0.5640304739701576,-0.5296721101653568,-0.4482213340632444,-0.3563258218434505,-0.37415607071296086,-0.43218910299035485,0.5249204299224572,0.9057864864064687,1.5082552893745056
82,True,"ridge(alpha=0.0001, warm_start)",,219.176414073012,0.12516160012655603,0.004093683563155634,-15.138091611709303,-180.67551059124034,-1005.9923623037117,-157.24793575501616,-10.11781886803401,0.27508091790583467,5.601148119494449e-07,3.4395419565322554e-07,2.2243168833236817,-0.6215121406304235,1.028029033250781,-0.8732987000494368,-0.7858259404155342,-0.6945087199951633,-0.684602416467406,-0.6440852871410276,-0.6692403003773695,-0.6728643639904375,-0.5944442840055502,-0.4932260823649238,-0.5070410326164946,-0.574973591652428,2.2424911208101497,-0.5970316034763169,1.0254655997416948
83,True,"ridge(alpha=0.0001, warm_start)",,221.04644488607758,0.12001550616188052,0.004080136583746451,-14.739055668230591,-181.02721003654185,-1005.5331044052978,-159.72890402888623,-10.885696958843152,0.10515186583065285,5.601148119496668e-07,3.4395419565336175e-07,0.8213489269637881,2.2955616805329497,1.4961665317100588,-0.8588883179412146,-0.7537742218995239,-0.6740521865259493,-0.6694314776128178,-0.6240849757545718,-0.646146795518551,-0.6232075058614532,-0.5379818923517984,-0.44101328222544856,-0.45319965682035135,-0.5052381657194486,0.821054622745119,2.29969592905134,1.4973910031924702
84,True,"ridge(alpha=0.0001, warm_start)",,216.23434235476122,0.12374667049555348,0.004075552217843318,-15.937427356036267,-185.3434050872658,-1004.9833364078991,-157.86495418292827,-14.356507829550656,0.14291635303047207,5.601148119496116e-07,3.4395419565332787e-07,2.436729194927606,-0.749126298628219,0.45176859758072874,-0.9109334343973887,-0.8355144218296963,-0.7427541293354842,-0.732571964200845,-0.703217506437188,-0.731372049235286,-0.7656933439088316,-0.6905692538551552,-0.5806647497893717,-0.5947261773505231,-0.6737825747436698,2.490063876115371,-0.727847394764577,0.4526469133450089
85,True,"ridge(alpha=0.0001, warm_start)",,219.6933883318347,0.1246401362958425,0.004081136531538288,-3.716520145491507,0.03396268336091168,-0.003168576712963804,0.003790591810715228,-0.0010851006587475913,0.0022954392966753013,-2.231014760249278e-05,1.697258978871722e-05,0.6604302951460482,-0.1663419370193888,-0.020306432743340073,0.13442170475005777,0.43606945506176165,0.21580146672208989,0.13051420535965833,0.2530003280570733,0.13826375399739058,0.34103424067795624,0.39629326312696705,0.3972268300045807,0.2850565497732297,0.18023398369701754,0.6642596784374658,-0.16045847125563967,-0.020318072154278964
86,True,"ridge(alpha=0.0001, warm_start)",,219.92934562858701,0.11571175892630693,0.004086137467167736,-17.368405094120508,-207.1310219895726,-1004.2592721706841,-134.01099123169828,-4.971193268771393,0.17083496418395197,5.601148119500047e-07,3.439541956535693e-07,3.5224421287143937,-0.3360613965686343,0.7408886705431676,-1.0429532028983517,-1.0150062426028086,-0.8845681965883614,-0.8555023869533191,-0.8327015278756364,-0.8445265665897066,-0.878768281468864,-0.7961742304935323,-0.6864663864745115,-0.6909385914203544,-0.7537467110813822,3.53906529749167,-0.3491885089242801,0.7404060618794011
87,True,"ridge(alpha=0.0001, warm_start)",,222.33280533948667,0.11779668273498341,0.0040890578868921,-16.691206675205883,-190.38623586072268,-1003.3817016106093,-161.60166402702046,-17.678142547588426,0.01268898310210477,5.601148119500604e-07,3.439541956536035e-07,2.986402364660977,-1.2313724047564243,0.190660844848175,-0.9697629071596983,-0.9185136347524053,-0.8044856056827243,-0.7846587577449786,-0.7610661031247505,-0.7829434220252321,-0.8312560631018082,-0.7607529068652917,-0.6497066405788052,-0.6637453169954999,-0.7439733324448702,2.9680599174200224,-1.2568260314896211,0.19040056801866578
88,True,"ridge(alpha=0.0001, warm_start)",,218.1337169272242,0.12346465222713063,0.0040822304532195704,-3.8535616514960322,0.0560893111939766,-0.004722661561198739,0.005730666386215123,-0.0013498176632691678,0.001963542242570887,-2.7000621685833825e-07,-1.6174710715431147e-07,0.6379816196908852,-0.148596449470726,-0.011030460980125868,0.11234721893217797,0.4199431860046386,0.23539958614273115,0.17361539423143585,0.295454164040233,0.16613341048381425,0.33580066773069817,0.37637834992653046,0.3977294854850087,0.28607116515207137,0.17338469734969697,0.6462689015639048,-0.14470535605243276,-0.011033825967851244
89,True,"ridge(alpha=0.0001, warm_start)",,223.03437834378954,0.12164688004156471,0.004079482914749953,-14.664473509411721,-177.6007533659871,-1004.5759319026798,-169.0407161460766,-14.58312353241365,0.04864488995879209,5.60114811949403e-07,3.439541956531998e-07,0.5660629411998557,2.1696445299364706,1.5432572965208364,-0.8323174102122367,-0.7313280290124408,-0.6765198203305903,-0.6786566147056505,-0.6340139699991132,-0.654379532799791,-0.6238014589371301,-0.5322025904970263,-0.43532156480479933,-0.4437108480058506,-0.5021960870338867,0.5608165282656207,2.14440307833896,1.5447677909426765
90,True,"ridge(alpha=0.0001, warm_start)",,214.23072320715823,0.11108566569201347,0.004079807870557468,-3.960742160455249,0.061924739854712536,-0.004835873417319971,0.005511348207218208,-0.0011247737698175662,0.0032571220448932513,-9.080903277182763e-08,-1.9011992839717075e-07,0.6333033957842752,-0.16343526920932566,0.010574083557476252,0.10906302505358714,0.4425552750315012,0.27162261124551107,0.19464738417505933,0.3123695173416002,0.18629917742665952,0.3172342277282113,0.3747682335577244,0.41088623447130657,0.2958686269087805,0.19625515804679683,0.6532177145891728,-0.17689133998386727,0.010583590108719503
91,True,"ridge(alpha=0.0001, warm_start)",,220.52497059715006,0.10615941075563996,0.004078910301152164,-13.64545008327548,-160.85681449988013,-1002.9639828791405,-192.90368635778546,-22.22454491899221,0.17738956054611177,5.601148119482084e-07,3.4395419565246623e-07,0.3761921529687206,3.868737722454336,1.6917131456693895,-0.7932702290400304,-0.6550882342462067,-0.585614011230094,-0.586535644151907,-0.5265388594768454,-0.5504335810282388,-0.5151515692540019,-0.42888553306042676,-0.33330137227745615,-0.3564583668777003,-0.4210253433298933,0.37694661743637975,4.381568440792917,1.6936066661139457
92,True,"ridge(alpha=0.0001, warm_start)",,222.1498560306241,0.11709671419141686,0.00407893715520872,-15.51488911118381,-186.55229889658656,-1004.738392376346,-158.39839374641684,-9.377676937649763,0.19678073450465397,5.601148119482709e-07,3.439541956525046e-07,2.318370390274704,0.9333639107664908,1.4063222839435379,-0.9333336625165571,-0.8536922066091926,-0.7342417989950656,-0.7164789312811815,-0.6777104276108623,-0.6935326322491175,-0.6904340997282239,-0.6103892926312521,-0.5081901453944595,-0.51585814872505,-0.5736463299408112,2.306028531552729,0.9583521177281178,1.4078870997569841
93,True,"ridge(alpha=0.0001, warm_start)",,226.16482033742636,0.11857740912959941,0.004086674247487397,-16.318306797492912,-191.63219114364927,-1004.8995652297081,-151.003452328256,-10.514054705998443,0.15116725120700708,5.601148119501272e-07,3.439541956536445e-07,3.039465670811926,-0.5351007038195243,0.4974515062709709,-0.9335768028021372,-0.8779962776539928,-0.7857357872939932,-0.7732712658371825,-0.7461821842865513,-0.7660993723864878,-0.7934473647240712,-0.7184758628830547,-0.6131622224076654,-0.6253645845539114,-0.6931679685344567,2.969614545514526,-0.5425657515362223,0.4970621733685408
94,True,"ridge(alpha=0.0001, warm_start)",,227.58684950291712,0.11961288814262543,0.0040713757891721715,-4.322880559914828,0.06561200022776312,-0.0041186874264194555,0.0035877698637304437,0.0008319006199834923,0.00045993922526819594,2.7764331995082634e-06,5.400954502729343e-06,0.7515698117066223,-0.21775987006403233,0.05851550165519723,0.09099898375132469,0.44877365833011795,0.3407580524024429,0.2744689086172949,0.4341911268136725,0.32747963715706646,0.4295301067148797,0.48808056448048087,0.5287455466811698,0.3694351274188254,0.27213314837735486,0.7297095911925685,-0.21888635177486243,0.058689407907828624
95,True,"ridge(alpha=0.0001, warm_start)",,221.51258648161175,0.11226938684563434,0.004084429438164965,-17.647934783179267,-196.11549656755017,-1004.370511282228,-148.14245966160777,-14.827540156953958,0.184610954434549,5.601148119480667e-07,3.4395419565237925e-07,5.987188685799511,-2.672518308104905,-0.5166387862645662,-1.0339720991065195,-1.0008817787524698,-0.8537986758427312,-0.8234267187850699,-0.8155727359589628,-0.845127245383225,-0.9390534502912271,-0.8787328081856572,-0.7542637612054492,-0.7717772536692544,-0.8674344214524792,5.972448698680953,-2.8620561462004295,-0.516518159660469
96,True,"ridge(alpha=0.0001, warm_start)",,220.174851064888,0.1215592090061125,0.004071828455073639,-3.7278782440935094,0.0443860110123682,-0.004141421379428996,0.005211127854045386,-0.0016610382257193992,0.002887181116376379,2.250897154436468e-09,-1.1225296107740868e-07,0.6040519372198856,-0.13422400965263107,-0.04121727641799278,0.1371117563958606,0.41395254829802464,0.18432695040243902,0.12107847507592202,0.23364850236406576,0.10495736864290742,0.32192161180986195,0.35152798262382384,0.36103263825228515,0.25118445940125966,0.1445315266365157,0.6062258641236504,-0.13275813838688136,-0.04133517713275322
97,True,"ridge(alpha=0.0001, warm_start)",,215.4555660444146,0.12680440427679215,0.004088103357142491,-3.7070232669255443,0.04174805773953754,-0.003911602242390789,0.004473872436052636,-0.0006742627233334219,0.0022753618242871867,2.5536718730994706e-06,-6.928160607050872e-06,0.58777232694473,-0.21072775268279947,0.0025543286203717893,0.10091330265180769,0.41380382740639066,0.21269642864856977,0.15548309246561617,0.28885346495069786,0.16847575998083206,0.34627117754510045,0.3958301852298514,0.40650673357028994,0.28256221158734135,0.18041572385954494,0.6028084174377245,-0.1998049340017273,0.002551437224945301
98,True,"ridge(alpha=0.0001, warm_start)",,218.79092220060534,0.11589969672989824,0.004072508197987532,-4.493760117026374,0.04487161655788683,-0.0038343327949612806,0.0050466961062931425,-0.0023074708115057257,0.004718287461689203,-2.704946848533324e-07,-8.69041436661757e-08,0.6289284147419776,-0.18022123667403736,-0.014406950990823451,0.1181392912793176,0.4138968072618648,0.20013696701263306,0.14030882393291266,0.27609478001293974,0.1538977336993969,0.3694847152475921,0.4148774080364776,0.4114055798514614,0.28827805393912154,0.17772466309221552,0.6351843784225106,-0.18695732129959636,-0.014445750073505499
99,True,"ridge(alpha=0.0001, warm_start)",,221.76086560462116,0.11587301661030745,0.004079957193999232,-3.7549935270797308,0.051363623164777106,-0.004508003377713518,0.00539430390889444,-0.0012160998229978634,0.0022761050033325305,2.3077128346836032e-07,1.5072617228890516e-07,0.6193290590256456,-0.15689264991233481,-0.011144403811926683,0.12004822935827245,0.42774452016611636,0.23706996472983113,0.176229114333588,0.29458780959116976,0.16597081212132944,0.33132994800795773,0.3751366617929322,0.3910927605630579,0.28357236724627244,0.1777372251191033,0.6171126380281934,-0.1627942629681784,-0.01115401486164955
100,True,"ridge(alpha=0.0001, warm_start)",,221.48054757059845,0.12529608492892544,0.004099608425658455,-15.44015445763486,-179.8662828445342,-1005.0981026897874,-163.12571378810864,-17.385210849860282,-0.10783241919798281,5.601148119500417e-07,3.43954195653592e-07,1.8247225643603087,-0.5800260081801609,0.5630336644811809,-0.8758385894433949,-0.79270433265719,-0.7125440655278698,-0.7059083012565903,-0.6687200991874656,-0.6952356306434578,-0.7099056169182347,-0.6319692047981166,-0.5291411603505103,-0.5486142597078584,-0.6263558305291395,1.8204935517689786,-0.5565815137519822,0.5608180343082688
101,True,"ridge(alpha=0.0001, warm_start)",,222.82455129983083,0.1171809625014006,0.004087205442707885,-18.26354304499896,-207.7877651492909,-1004.1972804061851,-133.09517457691544,-9.367181991023703,0.18298638426862487,5.601148119497107e-07,3.4395419565338875e-07,4.477691978804507,-1.1292451379192283,-0.376509959153857,-1.0730278242837012,-1.0590079194991189,-0.9213904363059942,-0.8967546135620268,-0.8896811054050675,-0.9040979843871768,-0.9904700223747864,-0.9206797046714307,-0.7982116500227527,-0.8067650932629962,-0.8960616697718997,4.440369035034824,-1.1586438998015984,-0.3761663867933172
102,True,"ridge(alpha=0.0001, warm_start)",,220.384551549258,0.1168995036011948,0.004081565871525568,-3.9705994692774644,0.057195788907611476,-0.004580137576820382,0.005327672171159487,-0.0008940226682861921,0.0020066081605825048,0.00013519343326745298,0.00028513159630751226,0.663158216789856,-0.1629369122134356,0.019232942746808514,0.10062465925798893,0.4337091312148947,0.26934188081863364,0.19592949025213596,0.332672162163748,0.21479384733305448,0.3590332100705739,0.4119746525078981,0.4368747212748065,0.30800041466826655,0.21751344763004654,0.6649115819344618,-0.16758132728829214,0.019241942572555897
103,True,"ridge(alpha=0.0001, warm_start)",,215.4744624279096,0.12415890869734823,0.004076887247018849,-3.5182229244066456,0.039392090587048,-0.003514071461485155,0.004205826708928993,-0.001401618341526676,0.0034271386228614813,-1.5512495315595456e-07,1.3434278464287586e-08,0.6077072949212536,-0.1921795296407539,-0.0007433562047781872,0.11205486387052636,0.43244721178719797,0.26096904088782685,0.18761310800973607,0.3053629884010949,0.1748984061831235,0.3326252009290435,0.3737817239916916,0.3894100460212262,0.2902257232167976,0.1828843404691506,0.623198694333823,-0.18610071874536094,-0.0007445575221381422
104,True,"ridge(alpha=0.0001, warm_start)",,221.7943438968969,0.12216355765840206,0.004093303093574509,-15.31867765576347,-182.52453679931423,-1005.9961864929337,-155.0556614311788,-9.878532703207119,0.31756761030838776,5.601148119484605e-07,3.43954195652621e-07,2.652113495030105,0.41064242606732454,0.8315080622163453,-0.871524633744302,-0.7831575969476731,-0.7045144862545383,-0.7010742162655204,-0.6661349568214032,-0.6893758491151887,-0.6972063011144536,-0.6173359225278071,-0.5147014849211988,-0.5292407465087507,-0.5986240682305258,2.642223370964963,0.40414848605152687,0.8295117573462634
105,True,"ridge(alpha=0.0001, warm_start)",,227.48635200932992,0.12054045082803452,0.004090808068667331,-4.119590965096345,0.05567270627192932,-0.004033573935972364,0.004535646064371,-0.0009701796831048609,0.0030589006378684514,0.0001868640260834507,-0.00019276198561339698,0.6985185249050381,-0.15348239467107966,-0.022237656540039775,0.11930335630423132,0.4243712067083188,0.23115569134626998,0.17472150005429826,0.29620344108280555,0.16768723603231644,0.35473464802160876,0.39747734568129806,0.41005070631498236,0.28334843657717146,0.17314307984989244,0.6785009699644782,-0.1530892044292561,-0.022197798238586912
106,True,"ridge(alpha=0.0001, warm_start)",,219.90875015945872,0.11863243028211644,0.004078453126730951,-15.796253113597572,-185.25372511574722,-1006.5205930708803,-148.31381320553479,-8.793617928489503,0.2625394906549062,5.601148119483469e-07,3.4395419565255125e-07,2.061615629765223,0.32906374293846236,0.9465517216671551,-0.9396788444584481,-0.8592951532223793,-0.7449600378627727,-0.7282536777900825,-0.6924466850161961,-0.7109612420978546,-0.7319107775763736,-0.6564611855169312,-0.5476061986427386,-0.5575984649175161,-0.6265530433997868,2.071538832295538,0.33349967644553413,0.94771741165837
107,True,"ridge(alpha=0.0001, warm_start)",,215.41422480286036,0.12291973421651356,0.004085453079038781,-4.097385208132438,0.0472480975500861,-0.003361027241869165,0.003779105446478669,-0.0011726590353946208,0.003917352533281815,-7.649650491785618e-08,-3.115014965382486e-08,0.6920185135390202,-0.1681501172781572,-0.00205585208898758,0.10439367003854161,0.423610181509346,0.24008339795469058,0.17561234590561825,0.3065373681164615,0.18282955189252387,0.3697855865470463,0.42083589772798924,0.4305358171310659,0.29944641903621805,0.18530433490726664,0.7098575828075163,-0.1644729087147817,-0.002054857092685408
108,True,"ridge(alpha=0.0001, warm_start)",,217.56738370746749,0.13043778651587878,0.004079737634844924,-4.05978257917882,0.06893753313285722,-0.005181881973114761,0.00622099103221442,-0.0015466738590795923,0.0028550011089420644,3.113949477234631e-07,4.78288995062876e-07,0.69681759299557,-0.12947947497837442,-0.017808039894574426,0.12396519225422636,0.4422655008334857,0.26270668981984924,0.17831642241787485,0.2925471957783019,0.1581885448516432,0.3124978380763027,0.3553678891738273,0.39041204223116693,0.29105234863561885,0.18144174526707332,0.7077065396423805,-0.11934832282803358,-0.0178243569347612
109,True,"ridge(alpha=0.0001, warm_start)",,220.1053986349468,0.10964260681554774,0.004067234378838692,-3.9916163582402593,0.04958486168813504,-0.003734818529564662,0.0042704686563303715,-0.0012024277416550306,0.0035013169469858053,-6.863368222167039e-07,-1.4242056719235893e-07,0.6767028954114012,-0.12804184175872713,-0.030027120522543548,0.1344051901994303,0.4445536042700748,0.24821500455776646,0.1790489111059965,0.2951982571834709,0.16689647267368346,0.3657181894878824,0.40909302986610485,0.40750321639231085,0.2914684720908488,0.17703200130201002,0.6793525828203274,-0.14040784404518528,-0.0301470257972758
110,True,"ridge(alpha=0.0001, warm_start)",,219.07172665626197,0.11862797898881015,0.004077399854115482,-15.82233681732625,-185.50976892555684,-1004.7196794329359,-159.51534494854616,-12.437931512464061,0.18431396690505467,5.601148119492646e-07,3.439541956531148e-07,1.9778600018015067,0.09535340521900326,1.0786127379760464,-0.9217561808942654,-0.8522360905179992,-0.7560216497944898,-0.7443526703497201,-0.711156901980079,-0.7288854244138847,-0.7398369585445941,-0.6570018396710747,-0.5490303299072496,-0.5579721158819646,-0.6238024365592967,1.9949733918080914,0.0966424400102771,1.0802200327467895
111,True,"ridge(alpha=0.0001, warm_start)",,219.91765450387297,0.11773708075066514,0.004080637823651302,-15.643818661003305,-183.38411594694676,-1006.6265183226107,-149.84964043633383,-9.591379223912904,0.3856738770072145,5.601148119479439e-07,3.4395419565230376e-07,3.490095707133256,-0.06076097000829625,0.43012084817485996,-0.9103887307251133,-0.8221932683314047,-0.7108216052024037,-0.6993631876590445,-0.6688317808039937,-0.6960139056051531,-0.7304691792580222,-0.6573302123635204,-0.5530445083874697,-0.5678075756632499,-0.6466595561925053,3.5067526400070412,-0.062048351267725024,0.4304199850238491
112,True,"ridge(alpha=0.0001, warm_start)",,223.87674345974446,0.11640137632791714,0.004085457981902786,-14.529466791372363,-167.16919271604795,-1003.5657536591656,-184.16583889450422,-22.5088020242333,-0.0227921833002152,5.601148119491025e-07,3.439541956530153e-07,1.1430873637340366,0.3910561698110004,0.7499869741970541,-0.8056009543807272,-0.7042130989295722,-0.6306895805329256,-0.6320741838390704,-0.594470790087014,-0.6260544168797516,-0.6339221495380796,-0.5580252884239408,-0.4521738745366528,-0.47034939599613124,-0.5475662982798096,1.1282317933785595,0.40392416682618215,0.7496230940677965
113,True,"ridge(alpha=0.0001, warm_start)",,221.61939383250402,0.12288881067787898,0.004090158516183733,-16.06495926702421,-190.78468933588664,-1005.2181058694312,-149.98414734773573,-10.527945408083006,0.10633059155390133,5.601148119497267e-07,3.4395419565339855e-07,2.2529454637298345,0.03584220724863893,0.8965449902968556,-0.9357679040217113,-0.8742923109133712,-0.7740659106225634,-0.7587412858413556,-0.7280942372976391,-0.7451703458524109,-0.7616291179214474,-0.6792151342679266,-0.5732683582789626,-0.5855225891296019,-0.6531601656950676,2.2463157769558886,0.03506721019677299,0.8950801660587924
114,True,"ridge(alpha=0.0001, warm_start)",,222.15424656507207,0.1161158615605351,0.004078956877715471,-3.7190243788736552,0.04479231189241897,-0.004005930290649249,0.004743690201865166,-0.0012662481591453117,0.0029280628640269268,6.576236968837021e-07,-1.3964255710397755e-08,0.6131167902540275,-0.1535106694823779,-0.017679497060282837,0.121910475915115,0.4268024085822414,0.24102158408889415,0.18422899264842138,0.3010988204040599,0.1679595833152372,0.3606847688609332,0.3973525295347086,0.39355018754286697,0.27875616744642795,0.17207672662249524,0.6098408065352849,-0.15895193815903513,-0.01769908347059733
115,True,"ridge(alpha=0.0001, warm_start)",,221.47978569843934,0.12300906476973097,0.004075965224466787,-3.9753487694039347,0.044776360848232034,-0.0034414670809147702,0.0036879122499633966,-0.0008511214146302317,0.0032852874403186878,-6.4253988443706014e-06,1.478036564729154e-05,0.6417240574350062,-0.21272294586807142,0.0255346236285606,0.10067779812803748,0.4314374837057796,0.2690682414453214,0.224039256439696,0.3691355383015204,0.2556059831738081,0.40684186798892613,0.46204812461772826,0.47780008532603385,0.32629381596222573,0.22903620506919184,0.6402389876095884,-0.20791988823233815,0.0255816749383738
116,True,"ridge(alpha=0.0001, warm_start)",,221.0333016001509,0.1335756643249369,0.004087819130214418,-3.3966195132477237,0.03705617615673097,-0.003547698861473874,0.004054271477550601,-0.0012273810385381256,0.003880371893461753,2.549119725844775e-06,-1.113957200500332e-06,0.5748658834551363,-0.21922936134334517,0.012291023180384567,0.10531690061467709,0.41767469741879826,0.23395936258978928,0.16880329712654923,0.30421418334796857,0.1828535531687002,0.3559770385030898,0.40759726388674417,0.4253873625634541,0.29550408452539056,0.19930761708388528,0.5746940695384261,-0.1973286691608268,0.012277963875397204
117,True,"ridge(alpha=0.0001, warm_start)",,222.79128739425062,0.12420414177275205,0.00407761527607527,-3.8222972020071766,0.03761007540056517,-0.003101921323971553,0.0033664483403125322,-0.0009887376692597582,0.0037851536494791036,-5.379435245755499e-07,6.596963325336696e-08,0.6179185789653434,-0.23369579730686033,0.02477590566781725,0.09346128793397881,0.4131404456204453,0.2498232873374444,0.20772896485236553,0.34671144570005524,0.22625613461091149,0.38609911915120637,0.4371510673645388,0.44846714848092206,0.30584723478945386,0.20487728103109137,0.6128595264910619,-0.2262213735646701,0.024811514612660554
118,True,"ridge(alpha=0.0001, warm_start)",,222.11185501774543,0.12313052586841837,0.004080221373051032,-17.78661970098066,-205.95416064010965,-1004.3384717542668,-135.04156553267055,-7.5602348111162625,0.17835873901810942,5.601148119494739e-07,3.4395419565324333e-07,4.038998731846308,-1.88504489973547,0.14714723289229195,-1.042576842246185,-1.0234333596537142,-0.8919676421348792,-0.8716679899344713,-0.86166433641254,-0.8775590280692296,-0.941189866694683,-0.8714739454947101,-0.7532235682586066,-0.7517733388299881,-0.824674589339573,4.01818444948534,-1.8406650910078879,0.1472645987473347
119,True,"ridge(alpha=0.0001, warm_start)",,218.12344947642987,0.1283321091105057,0.004072900807410073,-3.832079255006301,0.06436860302875201,-0.00438280270084933,0.00439324573998861,-6.21853645197813e-05,0.0017423776862589956,1.1763517709299956e-06,1.0595714783393443e-06,0.6928518814131546,-0.1692941285568292,0.0039030186298878835,0.10616618416813652,0.4437208591786568,0.2809968928784015,0.20533538184564062,0.32045339558370434,0.19853179314325697,0.3315663331337656,0.383054079251941,0.4141534076660178,0.30209013708971494,0.19789497123197144,0.701884956832462,-0.15860810463551467,0.0039131525275411605
120,True,"ridge(alpha=0.0001, warm_start)",,221.01360772464838,0.11969083477999436,0.004083172955873008,-3.959353251557324,0.04769390746008953,-0.003928355436192052,0.00498500113965218,-0.001971582855631573,0.004288649553905603,1.8867935984125234e-07,-3.1315450521119174e-07,0.6867222750841394,-0.12965691033039956,-0.016605185289625714,0.12318574253785383,0.42033824400411574,0.2160777970118124,0.15187202376033487,0.2844444409948548,0.16569693858299608,0.3761054013589202,0.4222213613802457,0.42424030774529686,0.29379422674375993,0.18146812208804425,0.6865782034405279,-0.13024275775212402,-0.016606416842107088
121,True,"ridge(alpha=0.0001, warm_start)",,219.13586156486028,0.11652885643781467,0.004087619252177851,-17.949000157990017,-207.0256898288654,-1003.5118649329564,-139.3804815460751,-9.001822578839086,0.15429907528679082,5.601148119497248e-07,3.439541956533974e-07,3.7284775485455697,-1.1523405721641753,0.12858878295770632,-1.0619494046861662,-1.042398827023801,-0.9036256514116996,-0.87907785577674,-0.8698847693312677,-0.886891096338063,-0.9592148885910328,-0.8851200160397977,-0.7609483746983456,-0.7643988281427889,-0.8406367387773919,3.759637455868255,-1.1889570858365854,0.12845843750910832
122,True,"ridge(alpha=0.0001, warm_start)",,218.28290303852265,0.11933569019219994,0.004062908184539456,-3.7613003948246635,0.04782121725050957,-0.004146906020113927,0.0047607834256208955,-0.0009401724536835651,0.0023333069223948136,-3.0888343396283774e-06,-5.187174853296334e-07,0.6238840480293886,-0.18295940915350867,-0.0112275453294179,0.12896611452045037,0.43923621463602064,0.24605483635067785,0.18555553755270976,0.307288512638624,0.17904108504821167,0.3558371869908423,0.4001968799047969,0.4187896283806889,0.29491921004221194,0.18949869900710045,0.6315562703893826,-0.1843330507637919,-0.011284382385299406
123,True,"ridge(alpha=0.0001, warm_start)",,221.791475667089,0.12022663274039627,0.004078265917382309,-3.2176450476477267,0.04949910751533577,-0.004396302765021575,0.005191281863901236,-0.0010816136516032199,0.0021877047510760607,-1.0238013937876037e-07,-1.8739296637131804e-07,0.6617038253506339,-0.12035080292647979,-0.019055294505703056,0.13321591604421062,0.449562625145205,0.25613234338616014,0.1524486479473825,0.25728132282983107,0.12415041550298239,0.27495752426388415,0.32626810509069953,0.35597503384061024,0.2789351284183817,0.1824661479647088,0.659244759081243,-0.12035582642158171,-0.01907963712772953
124,True,"ridge(alpha=0.0001, warm_start)",,220.2532759615378,0.11480461441456687,0.004082044124613947,-15.171328774468444,-180.9004950915259,-1005.2324745975031,-161.49501311483723,-13.986196445155986,0.027800786783272836,5.601148119500465e-07,3.43954195653595e-07,1.8006316070565553,-0.1806077109987725,0.9978872194911698,-0.8754700948703844,-0.7879734524901251,-0.6980257727649889,-0.6886674841101879,-0.6476192617057108,-0.6725570609143341,-0.670284499474151,-0.5926391720555868,-0.49632043971176476,-0.5131607295323333,-0.5781718269240852,1.806468460524537,-0.18914538755207425,0.9982372015221785
125,True,"ridge(alpha=0.0001, warm_start)",,224.3713831093711,0.12574981720759448,0.0040882502494315335,-15.528711033816858,-186.42100278982656,-1008.0240517077616,-136.4037854806103,-3.5648008124533397,0.18680227572122166,5.601148119442258e-07,3.439541956500206e-07,1.3874806687240426,1.4010977097803448,1.355459830217516,-0.9256026656923491,-0.8418255983960979,-0.7253951180869708,-0.7259694868812283,-0.6869433641397458,-0.6987725438588366,-0.7023407404336011,-0.6212983342055748,-0.5131603961924314,-0.5178767112193227,-0.5766227794747174,1.3664299322976607,1.3396145988409933,1.3538768581548246
126,True,"ridge(alpha=0.0001, warm_start)",,215.00242290259465,0.12292014727783629,0.0040882124466642055,-15.389803391828421,-176.75668384004712,-1006.6216486246412,-157.46956069361437,-12.755266670395546,0.3444157486764516,5.601148119485655e-07,3.439541956526855e-07,2.3562359676340088,-0.32411109986095693,0.5472493575251558,-0.8861664448579207,-0.7858818377173432,-0.6889967534123758,-0.6842052303154273,-0.6502937771762469,-0.679573500961519,-0.7124948101424009,-0.6406797725603267,-0.529461188437767,-0.5446756862204832,-0.6275362926846332,2.421605074843614,-0.317022176784985,0.5466153074295763
127,True,"ridge(alpha=0.0001, warm_start)",,223.13049655284885,0.12197670822925147,0.004087302242069038,-17.01454680575443,-194.75708326697998,-1005.4921460569341,-143.03270670953128,-5.709700791880943,0.6461199836114199,5.601148119440932e-07,3.4395419564993916e-07,3.4875051707312643,-0.567983278416416,0.3366656649500186,-1.0174124920907985,-0.9613282425657695,-0.8130450012952277,-0.7978963271393795,-0.782365842751999,-0.7981512507717486,-0.865286638396173,-0.7987889492262948,-0.6750166427938726,-0.681551322490894,-0.759503652249275,3.453693707235527,-0.5598574377488119,0.3363504852918576
128,True,"ridge(alpha=0.0001, warm_start)",,227.8913457156777,0.12305741093049122,0.004085715913511091,-3.970442601955454,0.052691027726930316,-0.003929145836096767,0.0038031826199759087,-6.746589367397506e-05,0.002300366382187901,8.86186957439034e-06,1.0847003849967789e-05,0.6745521357956203,-0.25186848496482506,0.05903090812164479,0.08937167950811838,0.4458974229229446,0.325869874198278,0.2921719259260316,0.44723203117974375,0.337703841353376,0.44708524197571703,0.49831834096742983,0.5330354648726874,0.3731681394525054,0.27074898230252775,0.65405697250675,-0.24608484419144808,0.05899854257320546
129,True,"ridge(alpha=0.0001, warm_start)",,218.5260704154544,0.11733624431681186,0.004070712191900651,-16.910058516685012,-198.52907594696663,-1004.7781059403334,-142.8529904237314,-6.154214467534255,0.37685186796427916,5.601148119497138e-07,3.4395419565339066e-07,3.4639125618985664,-0.07494598192169973,0.509452658570209,-0.9934085566508555,-0.9487920905600397,-0.8247420143843702,-0.805888651133126,-0.7850863220769853,-0.8072768587470074,-0.8502635209447627,-0.7769498712309567,-0.6661335459606754,-0.6719299410241105,-0.7395830888853017,3.5026081635253035,-0.07679536019469925,0.5110500325541586
130,True,"ridge(alpha=0.0001, warm_start)",,220.84305375855055,0.12306372907184902,0.004081672565331267,-3.8689136372850124,0.05184749751695991,-0.004278106147888977,0.005135660170216974,-0.001379260868029828,0.0030380711612778767,-2.1892903121144123e-07,-1.7861410273989409e-06,0.6585227587286734,-0.14551939701474453,-0.019670182190753272,0.11904042868213828,0.4138969535834718,0.21307895522963288,0.1331718676445846,0.2557040156244179,0.13332372351976507,0.32065042007165423,0.36943297739269576,0.3923904177248827,0.27913873664935207,0.1707078730162384,0.6588930643478949,-0.14217054444241534,-0.019678872203684406
131,True,"ridge(alpha=0.0001, warm_start)",,221.19160256619068,0.11540589391413575,0.00408956727905512,-3.806787937419747,0.04962256016388962,-0.004106924581427103,0.004763089796061116,-0.0011854952878043393,0.0029550797637742966,-0.004154305244817869,-0.01016509539212055,0.6278663823335138,-0.12375658391187391,-0.01479104945331666,0.11429731918323935,0.4204422701243531,0.2200029644770299,0.1540952987237051,0.28052448008815145,0.15613363088671495,0.3470065983443742,0.3915431161305293,0.39473767706469365,0.2837332331896313,0.17265454685208703,0.6272295147865862,-0.12893152947129732,-0.014769017906346927
132,True,"ridge(alpha=0.0001, warm_start)",,219.30699311645685,0.1228812985845861,0.004082396753117199,-3.726137727056953,0.03816531678811553,-0.0032616433129436986,0.0035961809595467025,-0.0005702075785634156,0.001787343264340994,4.373414148591111e-08,1.237633264794562e-07,0.6808941739143209,-0.13445769822522513,-0.03146531514387649,0.14033668649434522,0.4374507940152794,0.22570756796980443,0.13804671739385002,0.2548008454449706,0.1207358264551983,0.33051465516782064,0.3729886116320609,0.3798598111508164,0.28287069761675654,0.16529712046017214,0.6860488311836208,-0.13155843273596599,-0.03147363189626133
133,True,"ridge(alpha=0.0001, warm_start)",,219.8268078292357,0.12585905622636195,0.004083303284253972,-3.43925774948013,0.037997346306057334,-0.0037733736373434844,0.00484637855500932,-0.001955232872309659,0.0039001653435042174,1.617048809235585e-05,1.2225202561963875e-05,0.5937032688367004,-0.18489422063149252,-0.006762007318332811,0.11328666867389686,0.40607393652875,0.2132822940603077,0.1803876786623426,0.31541818507428737,0.18613552455481497,0.3868459266780948,0.4199575174660105,0.423519039604835,0.28394631851217766,0.1789564925806385,0.596783322065878,-0.17662723750782566,-0.006762292992752369
134,True,"ridge(alpha=0.0001, warm_start)",,216.37143290049283,0.1254317558978162,0.004076900997178432,-3.2898837803422483,0.033880251287216896,-0.003516124046982053,0.0048463933351397615,-0.0023405998630297003,0.004275068630269829,0.0015693407674036949,0.00018701916856346003,0.6079244903912409,-0.14546814216792403,-0.033003203570641036,0.13256432717177663,0.41331146334,0.17709933526644087,0.12605761131224258,0.2540152567339036,0.1296452692920106,0.3690532528553656,0.4037302244788559,0.3921172196345167,0.2700544014912755,0.1570460857170151,0.6208370251569344,-0.13943737599152514,-0.03305642764347313
135,True,"ridge(alpha=0.0001, warm_start)",,220.99181452386006,0.1309150077307664,0.004075244660156368,-17.514768013326176,-201.49432444281615,-1004.6127383013127,-139.45121773523744,-10.96471413818319,0.06367807806379212,5.601148119500955e-07,3.43954195653625e-07,3.8684408086785105,-2.1141407038800213,-0.11068355072226575,-1.0071839169750976,-0.977896776230336,-0.8603534487556577,-0.8416153499603833,-0.8306975215383006,-0.8539796673742996,-0.9244715979643996,-0.8558831688786795,-0.7385625292033153,-0.7466795775042971,-0.8272180625796661,3.8680106328320782,-1.9416156466010954,-0.1109071080593412
136,True,"ridge(alpha=0.0001, warm_start)",,222.27020965977175,0.12312213819649294,0.004089999131581517,-4.184130080151174,0.061281610163217204,-0.004368516174806344,0.004942289642604201,-0.0013143929569449985,0.0045569594126625024,9.297866921949175e-08,-4.96921880801381e-07,0.7015432080335418,-0.1613778752571994,0.03935697036473474,0.07436460975641002,0.42181457645613823,0.3025729703269003,0.2624675042287142,0.406879355191286,0.287744321337609,0.40670838610669274,0.45617685542350794,0.4868432562207304,0.3372374312519164,0.22400446534829957,0.6974306930824481,-0.15758927411222556,0.039294198003714344
137,True,"ridge(alpha=0.0001, warm_start)",,218.88067530639583,0.10935400939380442,0.004085274736803163,-4.717560333633645,0.05341300564544552,-0.0038699533025465965,0.004172430465578053,-0.0006363460580000825,0.002161620772859597,-9.96643104169364e-07,-1.6194005391338997e-07,0.6788336745096157,-0.22110320426803212,0.015193662756619535,0.11660022674578155,0.45784104858687896,0.29309879193408794,0.23371823580207496,0.3610508722998485,0.2368290265716316,0.3896129165954839,0.4429282172299676,0.46748668742184313,0.33329250834616114,0.22502799068482005,0.6853049188632976,-0.24309674102966697,0.015186972247428595
138,True,"ridge(alpha=0.0001, warm_start)",,224.1244390439668,0.11518042320021847,0.004085557506351174,-18.394194612390194,-209.96543115955473,-1003.527366812097,-134.54652852080957,-11.47502399055607,0.08852285823422487,5.601148119499455e-07,3.4395419565353296e-07,4.181752345283879,-0.9831242153543549,-0.32358956949025286,-1.0811826199964891,-1.0694664006690484,-0.9287397721512647,-0.9019152353028688,-0.8989341103298456,-0.9170979655511118,-1.0043995626646596,-0.939314769432552,-0.8167138297910299,-0.8194561198568375,-0.9019102435326636,4.122844781106104,-1.0262390458173145,-0.32342469083911485
139,True,"ridge(alpha=0.0001, warm_start)",,221.5937494281484,0.11823036803801859,0.004066651211044473,-16.24527251807916,-192.6323707611416,-1005.7333268181843,-144.1953584474854,-7.718043724265357,0.11813402376180045,5.601148119502942e-07,3.43954195653747e-07,3.2104341752117396,-0.3808038340770217,0.5106496911980052,-0.9287882615961374,-0.8726049185721713,-0.7775425572821073,-0.763109789064558,-0.7349658320042551,-0.7609602102719456,-0.7858374147972738,-0.7123816591817741,-0.608430964180757,-0.6207354106823311,-0.6899657341353214,3.201357351105398,-0.3872496927651489,0.5127623550019474
140,True,"ridge(alpha=0.0001, warm_start)",,220.44175658318758,0.11203000053593731,0.004075564513017608,-15.691720007364074,-184.14537799503964,-1005.8689366124643,-153.8782973711747,-10.775970950102224,0.20054323426823917,5.601148119482266e-07,3.439541956524774e-07,1.3854848365786154,1.8463619957172026,1.3426396287780926,-0.923785144649748,-0.8350380618020726,-0.7371887351802381,-0.7311351883460464,-0.6982890651921281,-0.7159492116527935,-0.7307014051449119,-0.649734979086302,-0.5327944375713439,-0.5370262645495752,-0.6016065369821337,1.3887875194624988,1.981533072604116,1.3452458925184605
141,True,"ridge(alpha=0.0001, warm_start)",,218.87773243209253,0.1210381368105371,0.004075271337824604,-17.160914477939958,-196.67156234392976,-1004.0312329257767,-149.83082258808975,-14.998964949228757,-0.0314364923791609,5.601148119504013e-07,3.4395419565381285e-07,3.302154993497722,-1.3238714698203626,-0.022777495939312994,-0.989257821819056,-0.9498413944921965,-0.8357780113481248,-0.8186224668793878,-0.8021893882871358,-0.8272848209459978,-0.8870213102269628,-0.8135161277808026,-0.6990609722741206,-0.7114756968420188,-0.7948939113748736,3.3336788838419724,-1.3150504195802502,-0.022823352250440226
142,True,"ridge(alpha=0.0001, warm_start)",,218.72001383912266,0.12156655420601059,0.004090651114057764,-3.5391769694824844,0.04160230517427462,-0.0038648345213904895,0.004471903627176469,-0.0010087482537434037,0.0024512131450216685,1.5444378396272225e-07,5.166643418961242e-08,0.6191157214588214,-0.12664863891416903,-0.04282843783379939,0.14311066588984175,0.4264225946243105,0.20431555688044994,0.13441645376613134,0.24213756376785533,0.11121689019957846,0.324372602526425,0.35481875679815833,0.3583382112821226,0.26466607365726613,0.15452222915613584,0.6254767900297994,-0.1252579301903068,-0.04275331339827329
143,True,"ridge(alpha=0.0001, warm_start)",,219.05477384342848,0.12267188717305866,0.0040788935234953375,-19.05404814907086,-207.05954234400596,-1003.3191516099574,-140.15641221523484,-13.042062743090856,0.24047104969968294,5.601148119481216e-07,3.4395419565241286e-07,5.576926091484735,-3.639531668216835,-1.02920898193668,-1.1081642551794808,-1.1130016615298688,-0.9543347887727258,-0.9265255664174687,-0.9351893385876444,-0.9594805401090283,-1.092619879960593,-1.0351757491279807,-0.9018320135312121,-0.9074327291313529,-1.003896888184336,5.625615658300575,-3.5671327115929916,-1.0303652051541474
144,True,"ridge(alpha=0.0001, warm_start)",,219.2555632333099,0.12080731674572834,0.0040837762094418535,-16.841383148481135,-193.5864284410586,-1005.1872305818266,-146.35221534865946,-11.991546851923719,0.14537563927547234,5.601148119497977e-07,3.4395419565344217e-07,3.5147928802299866,-1.2059429948225406,-0.20996539747974838,-0.9555570803235998,-0.9084212048892638,-0.8040551078936813,-0.7905031688071278,-0.7731989300363606,-0.8016055277499307,-0.8612804120549069,-0.7935618386816691,-0.6790116818554386,-0.6928494623162073,-0.7786316550083138,3.5422320429907,-1.2001964884956713,-0.2099499516354528
145,True,"ridge(alpha=0.0001, warm_start)",,224.0119190447311,0.11586701113918364,0.004093032819139498,-3.6338743964219486,0.06216419709688238,-0.004504616525139246,0.004754972331866247,-0.00048183268686319096,0.0024927152337446182,5.946242992108801e-07,-1.5291488165026368e-07,0.7077513401616162,-0.1513849937830974,0.015341604808303856,0.09519160040287128,0.42328729518249797,0.26199511430201433,0.20754992785876888,0.34496091026530296,0.21980561732470372,0.35103315257601075,0.40768256687743853,0.4474251263218638,0.3161993877302957,0.20214981439675508,0.6981318711209396,-0.15708757452336794,0.015305782925708371
146,True,"ridge(alpha=0.0001, warm_start)",,217.52153455013678,0.11917425686431009,0.0040872780051003,-16.58943883559125,-191.9755443419429,-1003.8948710431426,-156.80233412259238,-14.311077666293054,0.05243121786137963,5.601148119505374e-07,3.4395419565389644e-07,2.639331858470338,-1.202297177119398,0.40272743057341753,-0.9585746216623943,-0.9148504154521025,-0.8018274897221649,-0.781329738599589,-0.7583088783916929,-0.7833458113652726,-0.8204884404765218,-0.746744280002246,-0.6392507056928589,-0.6534642311008925,-0.727098974089449,2.681140868401369,-1.2129647665897256,0.4023527910921503
147,True,"ridge(alpha=0.0001, warm_start)",,222.64183632499987,0.12255143305896919,0.004087071618633497,-3.4848179489126245,0.035721502451121115,-0.0035067541155198168,0.0039574815660854065,-0.0007566075690640097,0.00215452092848967,-3.9120023871534765e-08,3.256540806184585e-08,0.6210745393119069,-0.14863906490100395,-0.02311931429945434,0.13560899858399364,0.4275547183406418,0.20922259168221394,0.13908643201162765,0.2670469564567261,0.1433514327294994,0.348429420160305,0.3898446880604382,0.39943372718950904,0.2913083047554811,0.1785059680390743,0.6164031388313259,-0.14582546884914963,-0.023098973805011955
148,True,"ridge(alpha=0.0001, warm_start)",,220.5432195802727,0.12073039169083763,0.004088476973035114,-4.222716165628374,0.06923646106217654,-0.004411812568776558,0.004730642663385973,-0.0006354054832694586,0.002269434138612835,-1.349180920134963e-07,-1.1683868146645878e-07,0.7165758704887287,-0.1670144888735346,-0.03651550026617759,0.1391045139037145,0.4411278099962243,0.24117467022758832,0.164810129596193,0.2781070367550062,0.15542159523979582,0.35597650061123465,0.4051779110382081,0.40513934104661287,0.29389437231189425,0.1772209281964677,0.7179535721276924,-0.1663245473301302,-0.036470833108532
149,True,"ridge(alpha=0.0001, warm_start)",,216.14686844112438,0.11649493491247608,0.0040803066457643445,-16.19930823251363,-186.30931946492402,-1005.1948787634672,-155.5289907884386,-12.139848491067452,0.33441268172882577,5.601148119486535e-07,3.439541956527395e-07,2.150829452688763,0.38127307106931624,0.5693537677735835,-0.9381698786059787,-0.866360904077527,-0.7571296548364206,-0.7505229727124132,-0.7249876066622625,-0.7497007588214536,-0.7915903955893526,-0.7179420310221468,-0.6034920961583377,-0.6126029845499726,-0.6900034108894947,2.198795898178149,0.39350286663529727,0.5697959808778562
150,True,"ridge(alpha=0.0001, warm_start)",,222.16359477649289,0.11198517362924687,0.004093831183689186,-16.13814727800427,-187.5301724816553,-1004.7236881851263,-157.0355973927525,-13.06958700399242,0.16060520615903592,5.601148119492173e-07,3.439541956530857e-07,2.835022926210222,0.5980520028865812,0.6555580619426136,-0.9466540687217577,-0.8796792397459766,-0.7691996717424718,-0.7537240902485121,-0.721967056917181,-0.7402915839111613,-0.7686073191198262,-0.6934830784114062,-0.5879941695956215,-0.6005337435380181,-0.6708762465920897,2.819756278198868,0.6420919608555846,0.6538998204260106
151,True,"ridge(alpha=0.0001, warm_start)",,219.3809720041117,0.12158629352584918,0.004086002007914887,-15.68526334906178,-178.65650664847306,-1003.6813131673957,-172.7061681756989,-18.88136250897798,0.08877485489335375,5.601148119500565e-07,3.4395419565360104e-07,2.5877219553867095,-1.1266042318832417,0.025876332020470016,-0.8738578595197365,-0.8020764144281815,-0.7087762092472164,-0.7006654530985514,-0.6752825064040746,-0.7115363381475542,-0.7498381936019778,-0.6829650901045891,-0.5766928806233428,-0.5981846181721079,-0.6816991659972623,2.606432877830957,-1.1140522747603037,0.025860333688984938
152,True,"ridge(alpha=0.0001, warm_start)",,223.5029816453688,0.1240660331597995,0.004082911124230978,-14.519231826350277,-174.0897936717165,-1005.185409825936,-169.00339576338882,-15.640256977525826,-0.06933108167293414,5.60114811951027e-07,3.4395419565419703e-07,1.670247940072568,-1.011519006223479,0.749923810272966,-0.8045945999718277,-0.7117339683630529,-0.6432558350403412,-0.6371705814125392,-0.5924849789027319,-0.6255538592284202,-0.6120565313461235,-0.541739613109801,-0.4535709844818241,-0.4771184013286113,-0.5429556514318716,1.6512982270241898,-0.9802570219414497,0.750027524858215
153,True,"ridge(alpha=0.0001, warm_start)",,220.05964168008174,0.12270596137135002,0.004084418002602987,-15.047489501830666,-182.26829655813262,-1006.4227099564323,-152.6991904817525,-8.281757496949966,0.2058053833656001,5.601148119498521e-07,3.439541956534756e-07,2.2669078106042506,-0.25218769526505747,1.0701328538106576,-0.8674161837738252,-0.7767899612665646,-0.6920764650075366,-0.6798098553438159,-0.6374998081108774,-0.6637561910341943,-0.6559670113983147,-0.5798690645593697,-0.4838473877558953,-0.500200927172558,-0.5653244866847708,2.2762572831297754,-0.24710244423334388,1.0698859909650158
154,True,"ridge(alpha=0.0001, warm_start)",,216.15675964675384,0.12249624078235041,0.004079369856560191,23.171316115564263,-77.74584677652571,-942.7748418994207,-404.2338941522041,-106.40218873207061,-1.6832575416428475,-0.0004030870992947136,-0.0004348987943715397,1.1338441617050332,-2.3235569762279416,-0.22401925642574477,-0.205441160606403,0.0017438932802801288,-0.16699240360395895,-0.2787842175271702,-0.2743322665372223,-0.364919063580552,-0.3085652047480237,-0.13111208307930394,-0.04924940233639541,-0.10944323975530834,-0.24371219635371208,1.1590773998382686,-2.280601345660873,-0.22424473450830829
155,True,"ridge(alpha=0.0001, warm_start)",,224.00513639163182,0.12300344115641501,0.004086220832239665,-17.11380225632208,-195.5281877126209,-1005.0786210655086,-144.42335508261775,-12.153476332559563,0.05871025292452866,5.601148119507888e-07,3.439541956540507e-07,4.001889505336754,-3.313005696607836,-0.45995197517313036,-0.9649140202098525,-0.930759644514017,-0.8249099142130176,-0.8044756437783385,-0.7890852993362787,-0.8201499170527531,-0.886085194885198,-0.8232719493110364,-0.7147105236403186,-0.7330622819036037,-0.8190966569036313,3.947616973276366,-3.238349603107752,-0.4596429887136215
156,True,"ridge(alpha=0.0001, warm_start)",,221.32063537019468,0.12272115538846859,0.004094379073685924,-4.050888533244361,0.04991678786029905,-0.003770564789828654,0.004335254852442992,-0.0012698023721694502,0.003425920619534699,-2.608642626067275e-09,-3.2225479756877e-08,0.6554778570719458,-0.24592327896745306,0.036060762673588494,0.09598633333718017,0.43600232749102535,0.2880148535641417,0.2293858317912897,0.37137958551988465,0.25573456746323936,0.3943745073788157,0.4538942889726236,0.47182641229614297,0.3275722709434731,0.23317489640651118,0.654431217738416,-0.24093451344167766,0.03596473329672708
157,True,"ridge(alpha=0.0001, warm_start)",,222.0533342040842,0.12183097863040603,0.004072857892229035,-15.647316753340546,-181.7004352803374,-1005.4674692506821,-159.14269445669964,-12.991531078777522,0.16057426201095618,5.601148119489791e-07,3.439541956529395e-07,2.848839334027317,-1.242118501252348,0.4982461644401336,-0.90430454319842,-0.8291987009834113,-0.7233138783166888,-0.7083512885156127,-0.6723485023242969,-0.6992235044820808,-0.7247177479726681,-0.6538382637736951,-0.5518432029941451,-0.5693696103467843,-0.6459310366831658,2.834905257855084,-1.2258126782481111,0.49954508714472384
158,True,"ridge(alpha=0.0001, warm_start)",,216.97475143648458,0.13123130482545428,0.004083354689797483,-4.180170758583363,0.05052626280242946,-0.0034315057102237752,0.0034947080727401924,-0.0005929646560516121,0.00318355861182766,9.363473770850618e-08,1.0992943736395794e-06,0.6896777903640927,-0.25736331461131995,0.05302488414465435,0.08086878146024191,0.43843537749789474,0.3145711026996784,0.2513536655939309,0.4011182151334034,0.2872932291181436,0.4049519877380194,0.4672107734614999,0.4961095159096172,0.3395663380882244,0.24516873809645207,0.7023683482642821,-0.2357914239840872,0.0530264567251701
159,True,"ridge(alpha=0.0001, warm_start)",,215.16076851017687,0.12719246227742326,0.004077372663048795,-15.14529259566249,-179.87192330257,-1004.8278027969337,-165.10072593514974,-14.304509299362426,0.06660069991200313,5.601148119503814e-07,3.439541956538006e-07,0.8904275499267347,-0.3729676152525401,0.89656041279229,-0.8637724087500152,-0.7779053774965025,-0.6950230925655153,-0.6853322622395317,-0.6456800114966639,-0.6737816686503008,-0.6764558222735,-0.5978926870319955,-0.4969726059181798,-0.5144022476733783,-0.5836363901221292,0.9144572192789974,-0.3525563651181555,0.8979024101568753
160,True,"ridge(alpha=0.0001, warm_start)",,227.90747018079898,0.11437073838146819,0.004072220829852335,-3.7088141226390663,0.039044108114225484,-0.0034049408052942674,0.00387521070443479,-0.000995403905132577,0.0028249433532169504,-2.357466784943025e-06,-1.2431287872165858e-06,0.6542015601784585,-0.1353676329041793,-0.02484341450213083,0.1254745823188875,0.42243060905193125,0.22616653805481998,0.17654616185558714,0.29731365383873953,0.16117718229673533,0.36909772547095704,0.4008281624743611,0.4024120416356095,0.27424617842888527,0.16373533082796182,0.6342798373365616,-0.14230452853127898,-0.02491207769335543
161,True,"ridge(alpha=0.0001, warm_start)",,222.991225475664,0.12126075610273136,0.004088308022875562,-3.7783812391299088,0.042601387524698234,-0.003748185113512714,0.004584406909475763,-0.0014724787219373074,0.0031710007131373385,-2.425830313887651e-06,-2.5871472366268853e-06,0.6387385911783645,-0.11419579213078443,-0.05208323551369424,0.1364088594713168,0.4064408567788304,0.18467542484503668,0.13402076391646872,0.24600208529638073,0.10706072901714175,0.34940267696549737,0.3705851361271927,0.3609324159278464,0.24851344952572652,0.13003341357848341,0.6329410640792693,-0.11322664539143687,-0.052021675023851396
162,True,"ridge(alpha=0.0001, warm_start)",,220.55274726402556,0.12015245378197596,0.004078974521966288,-13.016339932227542,-176.13121235400257,-1008.9346831123328,-142.6691999476447,-4.1652378025100285,0.0009585496325214244,1.202285343406489e-12,-1.1173447843643915e-11,2.297254571555596,10.941902235790856,3.4559689390423256,-0.891518438586673,-0.831228623203317,-0.4546192396115448,-0.3881644328326202,-0.3417266693591182,-0.4136044316699307,-0.34432412858476996,-0.2947904780185065,-0.14274652779421731,-0.15293228896708788,-0.2360339909370957,2.3015718842891535,10.949114479611255,3.4597827034159776
163,True,"ridge(alpha=0.0001, warm_start)",,223.6562178504818,0.11672647331117886,0.004087417303104218,-3.5003179953106796,0.04098743571245769,-0.0037777979781724704,0.004353560265398909,-0.0008685269672350938,0.0020292461592392877,5.5302559671563134e-06,-2.735591348420166e-07,0.6172349762940249,-0.19072005281705176,-0.011671415081693788,0.13669374984702717,0.4402607215263393,0.22830919181612305,0.16720235508816836,0.29484178643669856,0.17273415431935313,0.36400381114860714,0.4098906670766353,0.4181436866845338,0.3006837640307232,0.193094371637185,0.6098140727500772,-0.1964471827903106,-0.011660160293031536
164,True,"ridge(alpha=0.0001, warm_start)",,218.97213270493594,0.1226123275559797,0.004076542495161485,-16.049181272424388,-188.4194776664113,-1004.9761832350198,-154.59132293945473,-9.314392953535938,0.26640612241771067,5.601148119485396e-07,3.439541956526696e-07,2.734850099793473,-0.2542770217709137,0.9240622737891037,-0.9311884432342248,-0.8686825228218994,-0.7676459638180984,-0.757019960444679,-0.7252324865163833,-0.745393062027738,-0.7648238033454973,-0.6853305302258851,-0.5761093887525194,-0.5869522931519786,-0.6517775849245769,2.7597679701221014,-0.24933990538832163,0.9256338991534603
165,True,"ridge(alpha=0.0001, warm_start)",,216.4505160165962,0.11710555036581949,0.004085051845123479,-4.008864001153574,0.05265746808619635,-0.003862316744234292,0.004133721313118471,-0.0009398660543049623,0.003944401492775665,-2.806532809862057e-07,1.2347824771842347e-07,0.6288449832347948,-0.19179842569288574,0.022633011720917952,0.09289111780816889,0.43218539436211423,0.2901794629632575,0.24419985487986662,0.3815154604313183,0.25792455974277906,0.40223545444573044,0.4505332500407909,0.4597330348360792,0.31741867345229624,0.21434663230568402,0.6419672396713497,-0.1969184322886892,0.02262427967996313
166,True,"ridge(alpha=0.0001, warm_start)",,216.93177379511496,0.11962526673598557,0.004073770721428282,-3.665936493961889,0.04168943134471818,-0.003775513844380444,0.0045037604122947425,-0.0011164134950848875,0.0016664284688590355,1.9263633499797342e-07,3.512735619097669e-07,0.6454577504834512,-0.10480775862385636,-0.03930554536494767,0.13851279837735106,0.4224706391554819,0.20466392623520988,0.14451771907802696,0.2598978636535478,0.1275164363822201,0.34288542055624277,0.36925643155434196,0.379502542285019,0.2693790793192497,0.15327780094060836,0.6574648569183001,-0.10533903251624586,-0.03939918418221683
167,True,"ridge(alpha=0.0001, warm_start)",,226.99066321839777,0.11938618186614024,0.004089111548533198,-4.135293451638225,0.06642096377248106,-0.004163049437573813,0.003685599700750344,0.0004263923214964568,0.0023036061101018336,0.00010682460640722687,-6.93882240575224e-05,0.7308485052597451,-0.12465046305990338,0.042666979263881376,0.06265827607208115,0.4073472398731048,0.3058703433652659,0.2628396060297618,0.40615562563920377,0.280958915268822,0.39113929500941375,0.446206469296331,0.4773204690252302,0.32566182348404593,0.2126583040929448,0.711454712402757,-0.12553321283835603,0.042608174135825135
168,True,"ridge(alpha=0.0001, warm_start)",,223.88042835969608,0.11573530226271957,0.004080779014199432,-15.208076951926495,-183.37679726050828,-1004.5576559125155,-163.0047899425611,-12.321578718222305,0.04889218248027071,5.601148119496309e-07,3.4395419565333973e-07,1.3903196952300787,1.3559818611057075,1.3116709111800209,-0.8827031835493755,-0.8041478758870005,-0.7130489373296512,-0.698996111394325,-0.6588865327349394,-0.6802890220172896,-0.6693413221762978,-0.5887608133638204,-0.4915470302781345,-0.5042087201412222,-0.5596533840747054,1.372228505786256,1.4086621348083306,1.3125377271319907
169,True,"ridge(alpha=0.0001, warm_start)",,224.97214782554343,0.12115393080825808,0.004094368862376581,-17.084975296312837,-200.34488645238238,-1004.2167041070134,-144.02609571354841,-10.118425553488674,-0.006438195020140067,5.601148119506003e-07,3.4395419565393503e-07,3.2577408933171323,-1.2014589096599815,0.6215978518251568,-1.0063082685127664,-0.9780474760600496,-0.8586489610622352,-0.8330220279200673,-0.8098539445460109,-0.8228164892550098,-0.8550642477410582,-0.7765909163549892,-0.6719653778466512,-0.679340679539416,-0.7447771167509103,3.1997472601771926,-1.1923128487582375,0.6199440903588613
170,True,"ridge(alpha=0.0001, warm_start)",,219.76003710423493,0.12087794762347996,0.004079269025664535,-4.471781985240643,0.06642037803984012,-0.004375158858726342,0.005293709955659218,-0.0017996530818959902,0.004128707812162035,1.252376444113361e-05,-1.3755597637105058e-05,0.747726765277237,-0.14273948910090103,-0.01643289868584475,0.10952821489995163,0.4298901637424308,0.26469613578317286,0.20480379591228368,0.32863888157734883,0.20067627225245585,0.38489974605835725,0.42093971304357575,0.42669034013319046,0.29961038682662333,0.18571969410492578,0.7518342357703828,-0.14197630570681144,-0.01644984519180467
171,True,"ridge(alpha=0.0001, warm_start)",,221.45372589691613,0.11785235742636198,0.004076056397109123,-15.06258725375351,-175.23054257642667,-1006.9569337867936,-157.07573895519718,-12.45188028346611,0.21137477635852106,5.601148119487135e-07,3.439541956527764e-07,2.703012192566897,-0.6671584079260705,0.5953180615983023,-0.842654470601411,-0.7377855418885181,-0.6666249838607732,-0.6689960798767356,-0.6350948364843148,-0.6642484744905718,-0.6837619001197648,-0.6120817137638618,-0.5079987472894173,-0.5245950568413082,-0.5993305107954454,2.6970742591220054,-0.6806275126798583,0.5964016823973834
172,True,"ridge(alpha=0.0001, warm_start)",,220.48369379455002,0.1175747788535301,0.004081290413545173,-3.9354066213991388,0.056006077122375035,-0.004162658433009864,0.004332084648398062,-0.00039973974640438635,0.0020960116617769423,0.001238453107613483,0.0005102305221211403,0.680137254338935,-0.18598145837096583,0.013933849110872466,0.11817941872410494,0.4592230353192702,0.3081754555238614,0.2206074244008478,0.3428474862065518,0.21333897008887814,0.33026608331250645,0.37786424173625666,0.4184714195317759,0.31970246734200214,0.21635348062778503,0.6816288736914674,-0.1901841366247792,0.01394131016452473
173,True,"ridge(alpha=0.0001, warm_start)",,221.17742511324658,0.11464325050429092,0.004080277156596093,-3.997304287825273,0.05373394906554591,-0.00419630563034593,0.004837553572793252,-0.0009554605317859794,0.002263547616306969,1.7233035262361288e-07,5.539689833056703e-08,0.671155452868873,-0.153319518493024,-0.02787565107565223,0.13847271563015398,0.4473873085421518,0.2608917073339705,0.18427991229918744,0.2867693216354383,0.1515802858238881,0.3260894652725269,0.35945201960292333,0.38340271427971423,0.2815014072269743,0.16912095836102378,0.6705176530203858,-0.1607932326230837,-0.027897503520283817
174,True,"ridge(alpha=0.0001, warm_start)",,221.84439552770263,0.11919880253317795,0.0040937644933393,-4.399420323323007,0.0361139431008898,-0.003019627731887556,0.003501815535585218,-0.0014800689687588572,0.004745702899225358,-5.674411125520398e-08,-1.5661158450842523e-07,0.6294018752430943,-0.19959715147434848,0.012439570937482393,0.09715748888943512,0.40709751013177103,0.22670556878448533,0.2008635461281561,0.35781187920525115,0.23553498282618485,0.4342674168171321,0.4780704203109137,0.472227630134977,0.31004198065986865,0.20108613810969936,0.6269132688784216,-0.20132664554640378,0.012408307039295893
175,True,"ridge(alpha=0.0001, warm_start)",,215.83839788033058,0.12110964907743937,0.004083235154789207,-3.474374780160746,0.05151519476175503,-0.003954836173371152,0.004481362164012559,-0.0010150614380243102,0.0028745742606159923,-2.1296544271354407e-07,-3.670557462611043e-07,0.6610755265771682,-0.11586750673909821,-0.019182267735011384,0.11994920679638782,0.425107690239295,0.23188361182129527,0.16778806303013818,0.2953318376889766,0.16541864501246836,0.35912331942640624,0.4031820957581772,0.4048873669972107,0.28747203036827296,0.17867189062230326,0.6767842790307698,-0.11502751221482033,-0.019183398200864815
176,True,"ridge(alpha=0.0001, warm_start)",,220.96543479474522,0.12525521038013523,0.004089355728697569,-9.27043755550598,-113.8850837173918,-1003.1363511190531,-221.7862240582786,-34.09542034150933,-0.24518339029709874,0.01728168389288057,-0.011886126281821422,1.6597067654394815,-1.4669378552102708,0.7972873988418104,-0.33137906262298344,-0.09638276435067084,-0.14056245833755127,-0.17943898479921672,-0.08153302074626345,-0.14927219290552884,-0.1264094815035306,-0.0910107633501579,-0.0184912818492185,-0.09734710223989579,-0.2069271108038671,1.6597203241399856,-1.408103980570485,0.7961410080310237
177,True,"ridge(alpha=0.0001, warm_start)",,218.27682542210522,0.11757616519474995,0.00408992076468939,-3.667723862811359,0.0449477993705235,-0.003955718880665182,0.004487322842862591,-0.0008296998948619857,0.0016427635168912464,-0.00011174086780458095,8.997137951362484e-05,0.6173502995928773,-0.15019416244003791,-0.03911267833012201,0.14704643905997739,0.4363398276654178,0.2152392690888565,0.1330396805616061,0.24174425432709656,0.11071925015903648,0.31067603537944594,0.3492334744140551,0.3639360637325924,0.27024774692497244,0.16557714715371297,0.6249595737455398,-0.1535863335797207,-0.03905104384439458
178,True,"ridge(alpha=0.0001, warm_start)",,218.8875509115881,0.11531528672157146,0.004074813136730465,-3.9809667293833115,0.05468660569688975,-0.0043314220195008885,0.004962193612548702,-0.0007651077978855187,0.001582637766541768,7.377731566928734e-07,1.7563875167522498e-06,0.6472634688597656,-0.17082413788333684,0.002468521095267212,0.11146806842611591,0.4248175429027607,0.24792888051549428,0.19090878170758152,0.32512149107959953,0.20368864131451148,0.366890027015718,0.4119961227457891,0.4297459636602061,0.29975846749856794,0.19453070593498362,0.6534132326361614,-0.17810707254223218,0.0024737689300353438
179,True,"ridge(alpha=0.0001, warm_start)",,223.88661301618313,0.12159640166195342,0.00407443367960714,-4.4827313544125325,0.07382478229401898,-0.004820809407896472,0.005388797107352253,-0.0008735934148850503,0.002000847746032217,-2.0602750609497757e-07,-1.4107522601090792e-07,0.7631399107291769,-0.14623110300332973,-0.007116617219922412,0.1157927516869853,0.4416392782049712,0.2861871321260189,0.2146654265590846,0.3359943294047918,0.20985856277088283,0.3540970558815921,0.38799015522499203,0.4204991244844982,0.31108356213003996,0.20224628815124945,0.7531889356251168,-0.14458986210964028,-0.00713241064160961
180,True,"ridge(alpha=0.0001, warm_start)",,220.93982244549164,0.1215705901761497,0.004087571960268984,-13.426788410883184,-157.88205670228592,-1003.9003939716274,-190.7938565059533,-19.762560766879627,0.20899834652487054,5.601148119486999e-07,3.4395419565276804e-07,0.9174203426883634,0.559422255676066,1.1378143112135093,-0.7327835849556229,-0.5998075477277786,-0.5522331117016664,-0.5582350099385491,-0.5058491442872456,-0.5422201791817699,-0.5157935211064744,-0.43706149591241483,-0.3493917297473572,-0.37157095941160134,-0.4420835846794703,0.9175341898106527,0.5532609600565023,1.1366741039007515
181,True,"ridge(alpha=0.0001, warm_start)",,222.7399687448593,0.12432664236514471,0.004090889456008728,-3.911769480939497,0.04895361644674781,-0.003922781160618837,0.004397023258419449,-0.0008054905704398847,0.0020246939179758353,-7.637947750576134e-08,3.406697125894566e-08,0.6699970783253294,-0.18725155987125774,-0.002108740541175297,0.12086799089260443,0.4395773941949638,0.2545728131957258,0.19307846899214573,0.3236203320908853,0.19591922775440718,0.37176706770701307,0.4105183297789822,0.4253513055857996,0.30346240715143985,0.19775319370971786,0.6646647478518369,-0.1810839879305239,-0.0021049190018584147
182,True,"ridge(alpha=0.0001, warm_start)",,222.48707044937174,0.12528644068277695,0.004078084664010922,-3.9609761700039265,0.04957247495981993,-0.00430285899713593,0.0053602432158086424,-0.0015321911585566784,0.002107725373564226,1.639068505796453e-07,4.2860441834106026e-08,0.6563039683484952,-0.21604166513720255,-0.018579974815103602,0.13645690183422957,0.44988363681891025,0.2408806795911242,0.1677105027200698,0.29286244736670625,0.16670376305411977,0.36739028720207634,0.40817818505708736,0.4135953412916089,0.295462243409589,0.1885413005895432,0.6518206930034418,-0.20732527761214734,-0.018604537084237833
183,True,"ridge(alpha=0.0001, warm_start)",,217.8765375132823,0.12338426578294732,0.004090384268715748,-16.01951204412797,-193.78509128668748,-1006.0054307290736,-140.8910887245862,-4.137272048866472,0.26050197642477513,5.60114811950151e-07,3.4395419565365917e-07,2.5397562657241055,-0.776102724748732,1.097630288230375,-0.9317750987039353,-0.8702550657521545,-0.7739505070227413,-0.7599614656863838,-0.7274346462677781,-0.7466598162431608,-0.7550053125967775,-0.6742196767559282,-0.5688991054972602,-0.5782237782326681,-0.6392415812930273,2.5757841507439676,-0.7562723771205749,1.0957764394636984
184,True,"ridge(alpha=0.0001, warm_start)",,221.68613690936502,0.11875854652019459,0.004080165111661944,-16.005735823858444,-190.97053569854475,-1005.3953539432849,-148.61503775107767,-9.693499514205651,0.10434471077816802,5.601148119494616e-07,3.4395419565323576e-07,2.2512382182462862,0.18780920177863092,0.9099307009277147,-0.9387475831784147,-0.8666164271338671,-0.7642986462328971,-0.7503848531909243,-0.7184766680249157,-0.7375056974473643,-0.7539333237516743,-0.6740439518929081,-0.5688495667532553,-0.5787907288157542,-0.6441327565326109,2.2439377692180265,0.19013882431503348,0.9106690262522846
185,True,"ridge(alpha=0.0001, warm_start)",,216.79542511709704,0.12291149496089268,0.00407679727381525,-4.019532283708545,0.04774116072290657,-0.003802522383444827,0.004476214480334386,-0.0010663431238896745,0.0024952093902178172,2.122387337290119e-05,-2.2818263029606638e-05,0.6667121308703239,-0.15361326973613548,-0.004014413145665353,0.1108332604850586,0.4190830480624823,0.24478149544205685,0.19281871431821157,0.3295504182748607,0.20869639876410032,0.3930938131410432,0.43230985274551503,0.4366187331038083,0.3030451922735811,0.19220567265200084,0.6795417353031793,-0.15026403388745188,-0.004020989467078363
186,True,"ridge(alpha=0.0001, warm_start)",,222.23920802583766,0.12606395774981227,0.004079052660118277,-13.936321508026627,-166.86247001061312,-1004.856166212516,-177.94442204874457,-16.8266419177583,0.07462205418882467,5.601148119489964e-07,3.439541956529501e-07,0.7826350438226557,1.1304939635402809,1.5569738779221656,-0.8006656189994402,-0.6889695329144595,-0.6157227754926015,-0.6106252436133073,-0.5543664766889708,-0.5766705387050622,-0.540937359350568,-0.45950698819195845,-0.36759962357966325,-0.38746833896092403,-0.4507810487306464,0.7781556955967234,1.0781920397198221,1.5586621866060584
187,True,"ridge(alpha=0.0001, warm_start)",,221.49301025006687,0.11651349045806894,0.004078863759130032,-3.9947107313096164,0.05126673407911393,-0.0037747982180600078,0.003749727114172106,-0.00021044309441724533,0.0020853755180107805,9.083009192685187e-08,2.175790227706243e-08,0.6546579021404454,-0.2152766578571854,0.030289218338438378,0.0954122246348306,0.4388180723591012,0.28671798267420767,0.23048035350143892,0.36342626114456245,0.2461189992508593,0.3812602492713942,0.4335738219490812,0.4606853092895522,0.3174120847666992,0.22545022397951428,0.6531039041572992,-0.22214653346571647,0.03032346681150499
188,True,"ridge(alpha=0.0001, warm_start)",,222.37292835101914,0.11113743594677708,0.004089784242737953,-14.98964310157424,-179.506613430591,-1006.395250228668,-155.9808380137937,-10.640486003321602,0.1560427736404913,5.601148119506423e-07,3.439541956539608e-07,1.985774917828938,0.05107808428568797,0.8644661830796501,-0.8577939980071506,-0.7622558562970666,-0.683573262089805,-0.6747364339371018,-0.6309528168831174,-0.6588255511238296,-0.6546684285688158,-0.5780069755691329,-0.47860667850964345,-0.49981876149939375,-0.5696098468922768,1.9732222171979548,0.055257729800533666,0.8631327526504136
189,True,"ridge(alpha=0.0001, warm_start)",,218.0928807246932,0.11548752271087459,0.004088935095052813,-4.395762324208313,0.03845130637451798,-0.003330193158714074,0.0040707251123430115,-0.0013330238769949042,0.0029600518630552744,-9.923894436157698e-07,3.300887894574388e-07,0.6620966097225133,-0.1307137983737461,-0.03658333649182563,0.13521893261669102,0.42737934508383674,0.20944789988357765,0.1476986858307356,0.26195862434465444,0.1333983216380891,0.35529200911604186,0.38804990166616554,0.38481884041409203,0.27411354713784214,0.15742953450074515,0.6708227244045141,-0.13608340905514757,-0.03653449259138486
190,True,"ridge(alpha=0.0001, warm_start)",,222.67158893686653,0.11459713393769282,0.00408475851075319,-14.7215393575354,-173.99540128223725,-1004.3727481354562,-173.799484438528,-16.079940975245087,0.18130320923788562,5.601148119490023e-07,3.439541956529537e-07,1.5080637751284716,1.1473658687843848,0.9804656742763156,-0.8481953486044146,-0.7453939464752198,-0.6557501900000882,-0.6515285067686984,-0.6082558415594878,-0.6345755803753896,-0.6287029983534935,-0.5517298396253144,-0.45536341845853545,-0.4738737811662921,-0.5441796385530207,1.4965209150736063,1.203779606218852,0.9801577828332773
191,True,"ridge(alpha=0.0001, warm_start)",,222.36833437350805,0.12060820715310429,0.004074880228562407,-14.547305415607624,-177.83565139849205,-1005.6567640346781,-162.55352682866663,-10.615329737279302,0.09157563436437605,5.601148119499087e-07,3.4395419565351035e-07,1.8652199780349832,0.7078941456656476,1.3927375033089426,-0.8319657357412874,-0.7341999192347467,-0.6569180256593768,-0.6507622370950177,-0.6036050371481951,-0.6296785081401289,-0.6057568895963523,-0.5275900391843598,-0.4360451069564044,-0.45307414733754825,-0.5078411551705259,1.8534676332398423,0.7056839987331327,1.3956753474174977
192,True,"ridge(alpha=0.0001, warm_start)",,217.80734140216308,0.11788710245970871,0.004076729366125511,-64.51105126029991,-54.51993543890818,-978.1191074976107,-321.73963618190317,-78.50168797375618,-1.6132947370464852,-1.2622964876926826e-09,1.7150464454818054e-09,0.8120855061058889,0.06707213493652218,0.33289050668371223,-0.01718072343667708,0.3113889855536779,0.19650605690581002,0.10066991941566918,0.18913184322544616,0.06050109404723408,0.14886027514929226,0.22493682814335722,0.2810018596439253,0.18736864209707638,0.09689625991539297,0.8238670548043157,0.06840607118828533,0.3334413946042169
193,True,"ridge(alpha=0.0001, warm_start)",,219.424526018522,0.1172236432173512,0.004100956599983902,-15.404957142093302,-178.8290564459521,-1003.6481705296486,-172.68806360107928,-19.48781113842209,-0.05295780608142486,5.601148119503363e-07,3.4395419565377293e-07,1.1151267105859648,0.14717841396964465,0.7959668801429558,-0.8887113503044601,-0.804494081207478,-0.7126626697731033,-0.7023913181114543,-0.6660672223545522,-0.6894925398255383,-0.7029289435217123,-0.622375359981168,-0.5162394902255202,-0.5337150935257757,-0.6100245481014461,1.1229668619433144,0.15095507378200376,0.7925739779632097
194,True,"ridge(alpha=0.0001, warm_start)",,216.56630252383147,0.12503603723930937,0.0040806247661687636,-15.704158569503647,-185.45452244353976,-1005.4437849694448,-155.08076660077566,-10.75290326345781,0.13456384177837305,5.601148119505928e-07,3.439541956539304e-07,2.8931512157575074,-0.8293313261237552,0.5127092277881873,-0.8910878853329085,-0.8134499093770716,-0.7286878958804018,-0.718764056393697,-0.6861249555557319,-0.716516054495177,-0.7350545997921825,-0.6628874908267878,-0.5609828650552057,-0.5778926705009092,-0.6489608863270844,2.951944191739272,-0.7974650893537533,0.5130674442580753
195,True,"ridge(alpha=0.0001, warm_start)",,218.12038562957238,0.11942729502936066,0.004085476157579915,-3.705487275891025,0.049199269152575394,-0.004525374304196413,0.005592841282176588,-0.00174658764708795,0.0038497548956625206,0.00014435207847964972,-9.06032759946252e-05,0.6078835447451018,-0.15601095587960223,0.0061903606951804815,0.10117674442958433,0.416716439350119,0.23164063169562923,0.17236926178315748,0.30382684739646987,0.183250971382101,0.34913295528007465,0.3968244808151105,0.41460163158855545,0.29165351553282315,0.18972866137332403,0.6158174931552994,-0.1570617068994522,0.006187329717383291
196,True,"ridge(alpha=0.0001, warm_start)",,221.607529931702,0.11518048009296464,0.0040841800770939326,-3.9976916465884953,0.05617711958406685,-0.004516969179683397,0.0054501454036445214,-0.001372622630516394,0.002182734456687047,-2.585164881703311e-06,-5.1010277987175676e-06,0.6522607396293149,-0.16709954599544763,-0.015482719404921963,0.13214408843591657,0.4367507176748827,0.2294748553230796,0.1570828707468568,0.2785947182990368,0.15475836887675404,0.33966611768459504,0.3900472565410726,0.4071567921833327,0.2922494157144906,0.1887385395447084,0.6503761645578092,-0.17442759648990583,-0.015480049528485402
197,True,"ridge(alpha=0.0001, warm_start)",,218.93168409947597,0.12023662972139179,0.004087881793778268,-4.307367889113464,0.060256579746155364,-0.003943151692139736,0.004216589222547036,-0.0008778492150565315,0.0032320809706227736,2.984123647067017e-08,1.0510531310246106e-08,0.7049616477778065,-0.17867097250331423,-0.0019320729999784,0.11589497622654261,0.43830900309736376,0.27766223123261174,0.22060208928704714,0.3499228697155971,0.22607330578759643,0.3777063978117612,0.4224864198334222,0.4405046300174189,0.31699587424576686,0.20152061448178435,0.7115161526779858,-0.17866357422875875,-0.001929990572340082
198,True,"ridge(alpha=0.0001, warm_start)",,221.02110622957196,0.11812875482748235,0.004087383292065151,-4.310738324124396,0.05281496406419687,-0.003789764730307876,0.004123553130352028,-0.0007826740809289686,0.002442617821176687,1.3348245385784022e-07,4.177074968712153e-09,0.674598878239707,-0.17076513743601074,-0.030747928220959543,0.12442952069319918,0.427568230625806,0.2341988790246452,0.16921266443499203,0.28593627985692094,0.15471882920132768,0.3546032542750099,0.3905085552550351,0.39384726753332155,0.2718541989003037,0.1625416873181781,0.6744344679612259,-0.1738050523442562,-0.03071853348644261
199,True,"ridge(alpha=0.0001, warm_start)",,219.96403588466907,0.11224394857317276,0.0040748492898104345,-17.414426176700175,-200.57826056848728,-1003.6085464147743,-147.72820061210706,-11.819755164301155,0.055310244038388114,5.601148119505445e-07,3.4395419565390073e-07,3.4056942798475847,-0.7226259961736907,0.3919290841227675,-1.0244197899850367,-0.9967196894649398,-0.872781481793391,-0.848013946981095,-0.8293915294040373,-0.8471509253563401,-0.8962782309054136,-0.8205514884732773,-0.7080131563698959,-0.716207868015913,-0.7899038092328967,3.421226847630052,-0.774050785970337,0.39275880239403876
